Name,LockedForChronos,Disabled,ItemName,WeaponSkill,UltimateSkill,Pet,Speed,Hitpoints,HealthPromilleLostPerSecond,HealPercentChange,LifeTimeTicks,MeleeAutoAttackSplashDamage,AutoAttackSpeedMs,AutoAttackDamage,AutoAttackBulletsPerShot,AutoAttackMode,AutoAttackProjectileSpread,AutoAttackProjectile,OverchargedAutoAttackProjectile,AutoAttackRange,RegeneratePerSecond,LowPriorityTarget,UltiUses,UltiChargeInitial,UltiChargeMul,UltiChargeUltiMul,OverchargeChargeMul,OverchargeChargeActiveMul,OverchargeDamagePercent,OverchargeSpeedPercent,OverchargeShieldPercent,Type,CarryableType,DamagerPercentFromAliens,DefaultSkin,Mastery,ManualRotations,FileName,BlueExportName,RedExportName,ShadowExportName,OverchargedEffect,AreaEffect,DeathAreaEffect,DeathOverchargedAreaEffect,TakeDamageEffect,KillEffect,DeathEffect,AllowDeathEffectOverride,MoveEffect,ReloadEffect,OutOfAmmoEffect,DryFireEffect,SpawnEffect,OverchargedSpawnEffect,MeleeHitEffect,AutoAttackStartEffect,BoneEffect1,BoneEffectUse1,BoneEffect2,BoneEffectUse2,BoneEffect3,BoneEffectUse3,BoneEffect4,BoneEffectUse4,BoneEffect5,BoneEffectUse5,BoneEffect6,BoneEffectUse6,LoopedEffect,LoopedEffect2,KillCelebrationSoundVO,InLeadCelebrationSoundVO,StartSoundVO,UseUltiSoundVO,TakeDamageSoundVO,DeathSoundVO,AttackSoundVO,UnlockVO,UnlockVOIndex,AttackStartEffectOffset,TwoWeaponAttackEffectOffset,ShadowScaleX,ShadowScaleY,ShadowX,ShadowY,ShadowSkew,Scale,HeroScreenScale,FitToBoxScale,EndScreenScale,GatchaScreenScale,HomeScreenScale,BattleIntroScale,ShowPetInHeroScreen,AlwaysShowWithPet,HeroScreenXOffset,HeroScreenZOffset,BattleIntroXOffset,BattleIntroZOffset,HeroScreenEmoteX,HeroScreenEmoteY,CollisionRadius,HealthBar,HealthBarOffsetY,FlyingHeight,ProjectileStartZ,StopMovementAfterMS,WaitMS,TID,ForceAttackAnimationToEnd,IconSWF,IconExportName,RecoilAmount,FootstepClip,DifferentFootstepOffset,FootstepIntervalMS,AttackingWeaponScale,UseThrowingLeftWeaponBoneScaling,UseThrowingRightWeaponBoneScaling,CommonSetUpgradeBonus,RareSetUpgradeBonus,SuperRareSetUpgradeBonus,CanWalkOverWater,UseColorMod,RedAdd,GreenAdd,BlueAdd,RedMul,GreenMul,BlueMul,ChargeUltiAutomatically,ChargeUltiFromDamage,VideoLink,ShouldEncodePetStatus,SecondaryPet,ExtraMinions,PetAutoSpawnDelay,PetSpawnCount,HasPowerLevels,OffenseRating,DefenseRating,UtilityRating,ShowHealInBattleEnd,UniqueProperty,UniquePropertyValue1,UniquePropertyValue2
string,boolean,boolean,string,string,string,string,int,int,int,int,int,boolean,int,int,int,string,int,string,string,int,int,boolean,int,int,int,int,int,int,int,int,int,String,string,int,string,string,boolean,string,string,string,string,string,string,string,string,string,string,string,boolean,string,string,string,string,string,string,string,string,string,string,string,string,string,string,string,string,string,string,string,string,string,string,string,string,string,string,string,string,string,string,int,int,int,int,int,int,int,int,int,int,int,int,int,int,int,boolean,boolean,int,int,int,int,int,int,int,string,int,int,int,int,int,string,boolean,string,string,int,string,int,int,int,boolean,boolean,int,int,int,boolean,boolean,int,int,int,int,int,int,int,int,string,boolean,boolean,int,int,int,boolean,int,int,int,boolean,int,int,int
ShotgunGirl,,,shelly,ShotgunGirlWeapon,ShotgunGirlUlti,,770,3700,,,,,,,,,,,,12,,,,,134,60,30,0,5,25,25,Hero,,,BanditGirlDefault,MasteryShotgunGirl,,,,,,,,,,takedamage_gen,,death_shotgun_girl,true,Gen_move_fx,reload_shotgun_girl,No_ammo_shotgungirl,Dry_fire_shotgungirl,,,,,,,,,,,,,,,,,,,Shelly_Kill,Shelly_Lead,Shelly_Start,Utilshotgun_Vo,ShellyTakedamge_Vo,Shelly_Die,,Shelly_Start,2,30,,80,80,,,35,116,210,284,90,175,260,290,,,,,,-400,-25,40,120,Medium,-48,,450,,,TID_SHOTGUN_GIRL,,sc/ui.sc,hero_icon_shelly,1000,footstep,25,250,200,,,1,3,2,,,,,,,,,,,ShellyTutorial,,,,,,,4,3,2,,,,
Gunslinger,,,colt,GunslingerWeapon,GunslingerUlti,,720,2800,,,,,,,,,,,,12,,,,,93,87,35,0,25,26,5,Hero,,,GunSlingerDefault,MasteryGunslinger,,,,,,,,,,takedamage_gen,,death_gunslinger,true,Gen_move_fx,reload_gunslinger,No_ammo_shotgungirl,Dry_fire_shotgungirl,,,,,,,,,,,,,,,,,,,Hotshot_Kill,Hotshot_Lead,Hotshot_Start,Hotshot_Ulti,Hotshot_Takedamge_Vo,Hotshot_Die,,Hotshot_Start,1,35,50,80,80,,,35,116,210,284,90,185,270,270,,,,,160,-150,-30,40,120,Medium,-52,,400,,,TID_GUNSLINGER,,sc/ui.sc,hero_icon_colt,300,footstep,25,300,160,,,2,3,1,,,,,,,,,,,ColtTutorial,,,,,,,5,2,2,,,,
BullDude,,,bull,BullDudeWeapon,BullDudeUlti,,770,5000,,,,,,,,,,,,12,,,,,100,150,35,0,5,25,25,Hero,,,BullGuyDefault,MasteryBullDude,,,,,,,,,,takedamage_gen,,death_bull_dude,true,Gen_move_fx,reload_bull_dude,No_ammo_shotgungirl,Dry_fire_shotgungirl,,,,,,,,,,,,,,,,,,,Bull_kill,Bull_lead,Bull_start,Bull_ulti,Bull_takedamage_vo,Bull_die,,Bull_start,0,40,,80,80,,,35,116,175,236,80,150,220,220,,,,,100,-50,-30,45,145,Medium,-64,,450,,,TID_BULL_DUDE,,sc/ui.sc,hero_icon_bull,600,footstep,40,300,130,,,1,2,3,,,,,,,,,,240,BullTutorial,,,,,,,3,4,2,,,,
RocketGirl,,,brock,RocketGirlWeapon,RocketGirlUlti,,720,2400,,,,,,,,,,,,12,,,,,69,80,45,0,25,26,5,Hero,,,RocketGirlDefault,MasteryRocketGirl,,,,,,,,,,takedamage_gen,,death_rocket_girl,true,Gen_move_fx,reload_rocket_girl,No_ammo_shotgungirl,Brock_dryfire,,,,,,,,,,,,,,,,,,,Brock_kill_vo,Brock_lead_vo,Brock_start_vo,Brock_ulti_vo,Brock_hurt_vo,Brock_die_vo,,Brock_start_vo,3,35,,80,80,,,35,116,200,270,90,180,260,260,,,,,50,,-50,,120,Medium,-52,,500,,,TID_ROCKET_GIRL,,sc/ui.sc,hero_icon_brock,300,footstep,25,500,100,,,2,3,1,,,,,,,,,,,BrockTutorial,,,,,,,5,2,2,,,,
TrickshotDude,,,ricochet,TrickshotDudeWeapon,TrickshotDudeUlti,,720,2800,,,,,,,,,,,,12,,,,,105,105,,,,,,Hero,,,TrickshotDefault,MasteryTrickshotDude,,,,,,,,,,takedamage_gen,,death_trickshot_dude,true,Gen_move_fx,reload_trickshot_dude,No_ammo_shotgungirl,dry_fire_mechanic,,,,,,,,,,,,,,,,,,,Rick_kill,Rick_lead,Rick_start,Rick_ulti,Rick_hurt,Rick_die,,Rick_start,0,60,,80,80,,,35,116,200,280,90,175,260,260,,,,,,-50,-40,,120,Medium,-49,,450,,,TID_TRICKSHOT_DUDE,,sc/ui.sc,hero_icon_rick,300,footstep,25,300,160,,,2,3,1,,,,,,,,,,,RicoTutorial,,,,,,,5,2,2,,,,
Cactus,,,spike,CactusWeapon,CactusUlti,,720,2400,,,,,,,,,,,,12,,,,,106,125,35,0,25,26,5,Hero,,,CactusDefault,MasteryCactus,,,,,,,,,,takedamage_gen,,death_cactus,true,Gen_move_fx,reload_cactus,No_ammo_shotgungirl,crow_dryfire,,,,,,,,,,,,,,,,,,,,,,,,,,,,35,,80,80,,,35,116,240,324,80,210,290,290,,,,,,250,,50,120,Medium,-32,,450,,,TID_CACTUS,,sc/ui.sc,hero_icon_spike,0,footstep,40,300,100,true,true,2,1,3,,,,,,,,,,,SpikeTutorial,,,,,,,4,2,3,,,,
Barkeep,,,barley,BarkeepWeapon,BarkeepUlti,,720,2400,,,,,,,,,,,,12,,,,,90,74,,,,,,Hero,,,BarkeepDefault,MasteryBarkeep,,,,,,,,,,takedamage_gen,,death_barkeep,true,Gen_move_fx,reload_barkeep,No_ammo_shotgungirl,dry_fire_barkeep,,,,,,,,,,,,,,,,,,,Barley_Kill,Barley_Lead,Barley_Start,Barley_Ulti,Barley_Hurt,Barley_Die,Barley_throw,Barley_Start,0,,,80,80,,,35,116,190,290,80,180,250,270,,,,,,-200,-30,,120,Medium,-45,,350,,,TID_BARKEEP,,sc/ui.sc,hero_icon_barley,0,footstep,25,300,100,true,true,2,3,1,,,,,,,,,,,BarleyTutorial,,,,,,,5,2,2,,,,
Mechanic,,,jessie,MechanicWeapon,MechanicUlti,,720,3000,,,,,,,,,,,,12,,,,,63,97,60,0,25,26,5,Hero,,,MechanicDefault,MasteryMechanic,,,,,,,,,,takedamage_gen,,death_mechanic,true,Gen_move_fx,reload_mechanic,No_ammo_shotgungirl,dry_fire_mechanic,,,,,,,,,,,,,,,,,,,Jess_kill,Jess_lead,Jess_start,Jess_ulti,Jess_takedamage,Jess_die,,Jess_start,0,35,,80,80,,,35,116,190,300,80,150,270,270,true,,-800,100,-300,100,-80,60,120,Medium,-47,,350,,,TID_MECHANIC,,sc/ui.sc,hero_icon_jess,500,footstep,20,200,160,,,3,2,1,,,,,,,,,,,JessieTutorial,,,,,,,3,2,4,,,,
Shaman,,,nita,ShamanWeapon,ShamanUlti,,720,4000,,,,,,,,,,,,12,,,,,85,100,50,0,25,26,5,Hero,,,ShamanDefault,MasteryShaman,,,,,,,,,,takedamage_gen,,death_shaman,true,Gen_move_fx,,No_ammo_shotgungirl,dry_fire_barkeep,,,,,,,,,,,,,,,,,,,Nita_kill,Nita_lead,Nita_start,Nita_ulti,Nita_hurt,Nita_death,,Nita_start,0,35,,80,80,,,35,116,190,250,80,150,270,280,true,,-600,1000,,250,-250,60,120,Medium,-46,,100,,,TID_SHAMAN,,sc/ui.sc,hero_icon_nita,1000,footstep,25,250,160,,,3,1,2,,,,,,,,,,,NitaTutorial,,,,,,,3,4,2,,,,
TntDude,,,dynamike,TntDudeWeapon,TntDudeUlti,TntPet,770,2800,,,,,,,,,,,,12,,,,,125,91,30,0,25,25,5,Hero,,,TntGuyDefault,MasteryTntDude,,,,,,,,,,takedamage_gen,,death_tnt_dude,true,Gen_move_fx,reload_tnt_dude,No_ammo_shotgungirl,dry_fire_barkeep,,,,,,,,,,,,,,,,,,,Tnt_guy_kill_vo,Tnt_guy_lead_vo,Tnt_guy_start_vo,Tnt_guy_ulti_vo,Tnt_guy_hurt_vo,Tnt_guy_die_vo,,Tnt_guy_start_vo,2,35,,80,80,,,35,116,190,300,80,150,270,270,,,,,,-100,,60,120,Medium,-50,,350,,,TID_TNT_DUDE,,sc/ui.sc,hero_icon_mike,0,footstep,25,200,100,true,true,2,1,3,,,,,,,,,,,MikeTutorial,,,,,,,5,2,2,,23,30,
Luchador,,,elprimo,LuchadorWeapon,LuchadorUlti,,770,6000,,,,,,,,,,,,12,,,,,89,125,30,0,5,25,25,Hero,,,LuchadorDefault,MasteryLuchador,,,,,,,,,,takedamage_gen,,death_luchador,true,Gen_move_fx,,No_ammo_shotgungirl,dry_fire_barkeep,,,Gen_hit_melee,,,,,,,,,,,,,,,,El_primo_kill,El_primo_lead,El_primo_start,El_primo_ulti,El_primo_hurt,El_primo_die,El_primo_atk,El_primo_start,2,50,50,80,80,,,35,116,170,245,90,150,235,235,,,,,-200,-450,-20,-20,145,Medium,-56,,400,,,TID_LUCHADOR,,sc/ui.sc,hero_icon_primo,0,footstep,40,250,130,,,1,3,2,,,,,,,,,,240,PrimpTutorial,,,,,,,2,5,2,,,,
Undertaker,,,mortis,UndertakerWeapon,UndertakerUlti,,820,3800,,,,,,,,,,,,12,,,,,85,134,,,,,,Hero,,,UndertakerDefault,MasteryUndertaker,,,,,,,,,,takedamage_gen,,death_undertaker,true,Gen_move_fx,reload_undertaker,No_ammo_shotgungirl,dry_fire_barkeep,,,Dummy_effect,,,,,,,,,,,,,,,,Mortis_kill,Mortis_lead,Mortis_start,Mortis_ulti_vo,Mortis_hurt,Mortis_die,Mortis_atk_vo,Mortis_start,1,50,,80,80,,,35,130,200,285,95,170,260,260,,,,,-100,-100,,20,120,Medium,-59,,350,,,TID_UNDERTAKER,,sc/ui.sc,hero_icon_mortis,0,footstep,25,350,165,,,1,2,3,,,,,,,,,,,MortisTutorial,,,,,,,2,3,4,,3,90,6
Crow,,,crow,CrowWeapon,CrowUlti,,820,2400,,,,,,,,,,,,12,,,,,89,75,55,0,25,24,5,Hero,,,CrowDefault,MasteryCrow,,,,,,,,,,takedamage_gen,,death_crow,true,Gen_move_fx,reload_crow,No_ammo_shotgungirl,crow_dryfire,,,,,,,,,,,,,,,,,,,Crow_Kill,Crow_Lead,Crow_Start,Crow_Ulti,Crow_Takedamage,Crow_Die,,Crow_Start,0,45,,80,80,,,35,116,230,350,90,210,290,300,,,,,,-50,-10,20,120,Medium,-41,,400,,,TID_CROW,,sc/ui.sc,hero_icon_crow,0,footstep,20,200,100,,,2,1,3,,,,,,,,,,,CrowTutorial,,,,,,,5,1,3,,,,
DeadMariachi,,,poco,DeadMariachiWeapon,DeadMariachiUlti,,720,3700,,,,,,,,,,,,12,,,,,110,150,,,,,,Hero,,,DeadMariachiDefault,MasteryDeadMariachi,,,,,,,,,,takedamage_gen,,death_dead_mariachi,true,Gen_move_fx,reload_dead_mariachi,No_ammo_shotgungirl,dry_fire_barkeep,,,,,,,,,,,,,,,,,,,Poco_kill,Poco_lead,Poco_start,Poco_ulti_vo,Poco_hurt,Poco_die,,Poco_start,1,20,,80,80,,,35,116,200,300,85,180,260,260,,,,,-250,50,,60,120,Medium,-56,,0,,,TID_DEAD_MARIACHI,,sc/ui.sc,hero_icon_poco,0,footstep,25,250,100,,,1,3,2,,,,,,,,,,,PocoTutorial,,,,,,,2,3,4,TRUE,,,
BowDude,,,bo,BowDudeWeapon,BowDudeUlti,,720,3600,,,,,,,,,,,,12,,,,,74,93,,,,,,Hero,,,BowDudeDefault,MasteryBowDude,,,,,,,,,,takedamage_gen,,death_bow_dude,true,Gen_move_fx,reload_bow_dude,No_ammo_shotgungirl,dry_fire_bowdude,,,,,,,,,,,,,,,,,,,Bo_kill,Bo_lead,Bo_start,Bo_ulti_vo,Bo_hurt,Bo_die,Bo_atk_vo,Bo_start,2,45,,80,80,,,35,106,170,245,75,165,220,220,,,-150,,,-200,-40,,120,Medium,-56,,400,,,TID_BOW_DUDE,,sc/ui.sc,hero_icon_bo,0,footstep,30,300,100,true,,1,2,3,,,,,,,,,,,BoTutorial,,,,,,,3,2,4,,,,
Sniper,,,piper,SniperWeapon,SniperUlti,,720,2300,,,,,,,,,,,,12,,,,,97,90,,,,,,Hero,,,SniperDefault,MasterySniper,,,,,,,,,,takedamage_gen,,death_sniper,true,Gen_move_fx,reload_sniper,No_ammo_shotgungirl,Minig_dryfire,,,,,,,,,,,,,,,,,,,Piper_Kill,Piper_Lead,Piper_Start,Piper_Ulti,Piper_Takedamage,Piper_Die,,Piper_Start,0,45,,80,80,,,35,116,200,320,90,190,260,270,,,,,-100,-180,,,120,Medium,-46,,450,,,TID_SNIPER,,sc/ui.sc,hero_icon_piper,100,footstep,25,400,160,,,2,3,1,,,,,,,,,,,PiperTutorial,,,,,,,5,1,3,,,,
MinigunDude,,,pam,MinigunDudeWeapon,MinigunDudeUlti,,720,4800,,,,,,,,,,,,12,,,,,105,130,,,,,,Hero,,,MinigunDudeDefault,MasteryMinigunDude,,,,,,,,,,takedamage_gen,,death_minigun,true,Gen_move_fx,reload_minigun,No_ammo_shotgungirl,Minig_dryfire,,,,,,,,,,,,,,,,,,,Pam_kill,Pam_lead,Pam_start,Pam_ulti,Pam_hurt,Pam_die,,Pam_start,2,40,,80,80,,,35,106,170,245,75,150,220,220,true,,-500,,,-50,-80,,145,Medium,-59,,450,,,TID_MINIGUN_DUDE,,sc/ui.sc,hero_icon_mj,400,footstep,30,400,130,,,1,3,2,,,,,,,,,,,PamTutorial,,,,,,,2,4,3,,,,
BlackHole,,,tara,BlackHoleWeapon,BlackHoleUlti,BlackHolePet,720,3100,,,,,,,,,,,,12,,,,,77,90,,,,,,Hero,,,BlackholeDefault,MasteryBlackHole,,,,,,,,,,takedamage_gen,,death_blackhole,true,Gen_move_fx,reload_blackhole,No_ammo_shotgungirl,Mystic_dryfire,,,,,,,,,,,,,,,,,,,Tara_kill_vo,Tara_lead_vo,Tara_start_vo,,Tara_hurt_vo,Tara_die_vo,,Tara_start_vo,0,50,,80,80,,,35,120,210,300,90,175,270,290,,,,,-150,-350,-20,30,120,Medium,-59,,450,,,TID_BLACK_HOLE,,sc/ui.sc,hero_icon_taro,400,footstep,25,300,130,,,1,2,3,,,,,,,,,,,TaraTutorial,,,,,,,2,2,5,,,,
BarrelBot,,,darryl,BarrelBotWeapon,BarrelBotUlti,,770,5300,,,,,,,,,,,,12,,,,,117,120,,,,,,Hero,,,BarrelbotDefault,MasteryBarrelBot,,,,,,,,,,takedamage_gen,,death_barrel_bot,true,Gen_move_fx,reload_barrel_bot,No_ammo_shotgungirl,Dry_fire_shotgungirl,,,,,,,,,,,,,,,,,,,Darryl_Kill_VO,Darryl_Lead_VO,Darryl_Start_VO,Darryl_Ulti_VO,Darryl_Hurt_VO,Darryl_Die_VO,,Darryl_Start_VO,4,50,0,80,80,,,35,116,190,257,80,175,230,230,,,,,-150,,,80,145,Medium,-48,,450,,,TID_BARREL_BOT,,sc/ui.sc,hero_icon_barrelbot,600,footstep,40,300,130,,,1,2,3,,,,,,,,,132,,DarrylTutorial,,,,,,,3,4,2,,4,18,50
ArtilleryDude,,,penny,ArtilleryDudeWeapon,ArtilleryDudeUlti,,720,3200,,,,,,,,,,,,12,,,,,89,100,,,,,,Hero,,,ArtilleryGalDefault,MasteryArtilleryDude,,,,,,,,,,takedamage_gen,,death_artillery_dude,true,Gen_move_fx,reload_artillery_dude,No_ammo_shotgungirl,dry_fire_mechanic,,,,,,,,,,,,,,,,,,,Penny_kill,Penny_lead,Penny_start,Penny_ulti,Penny_takedamage,Penny_die,,Penny_start,0,35,,80,80,,,35,110,190,290,80,150,260,270,,,,,,150,-80,60,120,Medium,-45,,400,,,TID_ARTILLERY_DUDE,,sc/ui.sc,hero_icon_penny,500,footstep,20,200,160,,,3,2,1,,,,,,,,,,,PennyTutorial,,,,,,,3,2,4,,,,
HammerDude,,,frank,HammerDudeWeapon,HammerDudeUlti,,770,7000,,,,,,,,,,,,12,,,,,120,120,,,,,,Hero,,,FrankDefault,MasteryHammerDude,,,,,,,,,,takedamage_gen,,death_hammer_dude,true,Gen_move_fx,,No_ammo_shotgungirl,dry_fire_barkeep,,,,,,,,,,,,,,,,,,,Frank_vo,Frank_vo,Frank_vo,Frank_vo,Frank_vo,Frank_vo,Frank_vo,Frank_vo,2,75,,80,80,,,35,110,150,240,80,150,230,230,,,,,,-200,,,145,Medium,-60,,100,,,TID_HAMMER_DUDE,,sc/ui.sc,hero_icon_frank,0,footstep,40,250,130,,,1,3,2,,,,,,,,,,240,FrankTutorial,,,,,,,2,5,2,,,,
HookDude,,,gene,HookWeapon,HookUlti,,720,3600,,,,,,,,,,,,12,,,,,100,100,35,0,25,26,5,Hero,,,HookDefault,MasteryHookDude,,,,,,,,,,takedamage_gen,,death_hook_dude,true,Gen_move_fx,reload_gene,No_ammo_shotgungirl,dry_fire_gene,,,,,,,,,,,,,,,,,,,Gene_vo,Gene_vo,Gene_vo,Gene_vo,Gene_vo,Gene_vo,,Gene_vo,1,30,,80,80,,,35,116,230,340,90,175,270,280,,,,,,100,,,120,Medium,-36,,350,,,TID_HOOK,,sc/ui.sc,hero_icon_gene,0,footstep,25,350,200,,,1,3,2,,,,,,,,,,,GeneTutorial,,,,,,,2,2,5,,,,
ClusterBombDude,,,tick,ClusterBombDudeWeapon,ClusterBombDudeUlti,,720,2200,,,,,,,,,,,,12,,,,,110,70,25,0,25,26,5,Hero,,,ClusterBombDefault,MasteryClusterBombDude,,,,,,,,,,takedamage_gen,,death_artillery_dude,true,Gen_move_fx,reload_tick,No_ammo_shotgungirl,Dry_fire_shotgungirl,,,,,,,,,,,,,,,,,,,Tick_vo_1,Tick_vo_1,Tick_vo_1,Tick_vo_1,Tick_vo_hurt,Tick_vo_die,,Tick_vo_1,0,35,,80,80,,,35,110,230,270,80,150,270,270,,,,,,100,-20,50,120,Medium,-40,,350,,,TID_CLUSTER_BOMB_DUDE,,sc/ui.sc,hero_icon_tick,0,footstep,85,300,160,,,3,2,1,,,,,,,,,,,,true,,,,,,5,1,3,,,,
Ninja,,,leon,NinjaWeapon,NinjaUlti,,820,3400,,,,,,,,,,,,12,,,,,105,100,30,0,25,24,5,Hero,,,NinjaDefault,MasteryNinja,,,,,,,,,,takedamage_gen,,death_ninja,true,Gen_move_fx,reload_leon,No_ammo_shotgungirl,Dry_fire_leon,,,,,,,,,,,,,,,,,,,Leon_kill_vo,Leon_lead_vo,Leon_start_vo,Leon_ulti_vo,Leon_hurt_vo,Leon_die_vo,,Leon_start_vo,2,50,,80,80,,,35,116,190,330,80,150,270,290,,,,,,,,,120,Medium,-55,,450,,,TID_NINJA,,sc/ui.sc,hero_icon_leon,0,footstep,25,250,130,,,3,2,1,,,,,,,,,,,LeonTutorial,,,,,,,4,2,3,,25,,
Rosa,,,rosa,RosaWeapon,RosaUlti,,770,5000,,,,,,,,,,,,12,,,,,75,100,50,0,5,25,25,Hero,,,RosaDefault,MasteryRosa,,,,,,,,,,takedamage_gen,,death_rosa,true,Gen_move_fx,reload_rosa,No_ammo_shotgungirl,dry_fire_barkeep,,,,,,,,,,,,,,,,,,,Rosa_kill,Rosa_lead,Rosa_start,Rosa_ulti_vo,Rosa_hurt,Rosa_die,,Rosa_start,2,50,,80,80,,,35,110,100,245,80,150,240,240,,,,,,-250,,50,145,Medium,-55,,400,,,TID_ROSA,,sc/ui.sc,hero_icon_rosa,0,footstep,30,400,130,,,3,2,1,,,,,,,,,,240,,,,,,,,3,5,1,,,,
Whirlwind,,,carl,WhirlwindWeapon,WhirlwindUlti,,720,4000,,,,,,,,,,,,12,,,,,95,60,,,,,,Hero,,,WhirlwindDefault,MasteryWhirlwind,,,,,,,,,,takedamage_gen,,death_whirlwind,true,Gen_move_fx,reload_whirlwind,No_ammo_shotgungirl,Dry_fire_whirlwind,,,carl_def_ulti_hit,,,,,,,,,,,,,,,,Carl_kill_vo,Carl_lead_vo,Carl_start_vo,Carl_ulti_vo,Carl_hurt_vo,Carl_die_vo,Carl_atk_vo,Carl_start_vo,5,30,,80,80,,,35,110,190,255,80,150,230,250,,,,,,100,-20,60,120,Medium,-48,,450,,,TID_WHIRLWIND,,sc/ui.sc,hero_icon_carl,0,,25,50,200,TRUE,TRUE,1,3,2,,,,,,,,,,,,,,,,,,3,3,3,,,,
Baseball,,,bibi,BaseballWeapon,BaseballUlti,,820,4800,,,,,,,,,,,,12,,,,,100,112,50,0,5,24,25,Hero,,,BaseballDefault,MasteryBaseball,,,,,,,,,,takedamage_gen,,death_baseball,true,Gen_move_fx,reload_baseball,No_ammo_shotgungirl,dry_fire_barkeep,,,bibi_def_atk_hit,,,,,,,,,,,,,,,,Bibi_kill_vo,Bibi_lead_vo,Bibi_start_vo,Bibi_ulti_vo,Bibi_hurt_vo,Bibi_die_vo,,Bibi_start_vo,5,30,,80,80,,,35,116,210,320,90,190,270,270,,,,,,100,,60,120,Medium,-48,,450,,,TID_BASEBALL,,sc/ui.sc,hero_icon_bibi,0,footstep,25,400,100,,,1,3,2,,,,,,,,,,,,,,,,,,3,3,3,,,,
Arcade,,,8bit,ArcadeWeapon,ArcadeUlti,,580,5000,,,,,,,,,,,,12,,,,,106,100,,,,,,Hero,,,ArcadeDefault,MasteryArcade,,,,,,,,,,takedamage_gen,,death_arcade,true,Gen_move_fx,reload_arcade,No_ammo_shotgungirl,arcade_dryfire,,,,,,,,,,,,,,,,,,,8bit_kill_vo,8bit_lead_vo,8bit_start_vo,8bit_ulti_vo,8bit_hurt_vo,8bit_die_vo,,8bit_start_vo,2,57,,80,80,,,35,116,240,300,80,210,240,240,true,,-500,,-50,300,,80,145,Medium,-43,,450,,,TID_ARCADE,,sc/ui.sc,hero_icon_8bit,0,footstep,30,400,130,,,1,3,2,,,,,,,,,,,,,,,,,,5,1,3,,,,
Sandstorm,,,sandy,SandstormWeapon,SandstormUlti,,770,3800,,,,,,,,,,,,12,,,,,75,100,60,0,25,25,5,Hero,,,SandstormDefault,MasterySandstorm,,,,,,,,,,takedamage_gen,,death_rosa,true,Gen_move_fx,reload_sandy,No_ammo_shotgungirl,Dry_fire_sandy,,,,,,,,,,,,,,,,,,,Sandy_kill_vo,Sandy_lead_vo,Sandy_start_vo,Sandy_ulti_vo,Sandy_hurt_vo,Sandy_die_vo,,Sandy_start_vo,4,50,,80,80,,,35,116,190,330,80,150,270,270,,,,,50,200,-10,30,145,Medium,-55,,400,,,TID_SANDSTORM,,sc/ui.sc,hero_icon_sandy,0,footstep,30,400,130,,,3,2,1,,,,,,,,,,,,,,,,,,2,2,5,,,,
BeeSniper,,,bea,BeeSniperWeapon,BeeSniperUlti,BeeSniperSlowPot,720,2500,,,,,,,,,,,,12,,,,,130,100,,,,,,Hero,,,BeeSniperDefault,MasteryBeeSniper,,,,,,,,,,takedamage_gen,,death_sniper,true,Gen_move_fx,reload_bea,No_ammo_bea,Minig_dryfire,,,,,,,,,,,,,,,,,,,Bea_Kill_VO,Bea_Lead_VO,Bea_Start_VO,Bea_Ulti_VO,Bea_Hurt_VO,Bea_Die_VO,Bea_Atk_VO,Bea_Start_VO,0,45,,80,80,,,35,116,200,320,90,190,270,270,,,,,-50,50,,80,120,Medium,-46,,450,,,TID_BEE_SNIPER,,sc/ui.sc,hero_icon_bea,100,footstep,35,350,160,,,2,3,1,,,,,,,,,,,,,,,,,,5,2,2,,,,
Mummy,,,emz,MummyWeapon,MummyUlti,,720,3600,,,,,,,,,,,,12,,,,,86,76,,,,,,Hero,,,MummyDefault,MasteryMummy,,,,,,,,,,takedamage_gen,,death_shotgun_girl,true,Gen_move_fx,Emz_reload,No_ammo_shotgungirl,Emz_dryfire,,,,,,,,,,,,,,,,,,,Emz_kill_vo,Emz_lead_vo,Emz_start_vo,Emz_ulti_vo,Emz_hurt_vo,Emz_die_vo,Emz_atk_vo,Emz_start_vo,3,30,,80,80,,,35,116,210,270,90,175,240,250,,,,,,-200,-20,,120,Medium,-48,,450,,,TID_MUMMY,,sc/ui.sc,hero_icon_emz,0,footstep,25,250,200,,,1,3,2,,,,,,,,,,,ShellyTutorial,,,,,,,4,2,3,,,,
SpawnerDude,,,mr.p,SpawnerDudeWeapon,SpawnerDudeUlti,,720,3400,,,,,,,,,,,,12,,,,,93,86,,,,,,Hero,,,SpawnerDudeDefault,MasterySpawnerDude,,,,,,,,,,takedamage_gen,,death_artillery_dude,true,Gen_move_fx,Mrp_Reload,No_ammo_shotgungirl,Mrp_Dryfire,,,,,,,,,,,,,,,,,,,Mrp_Kill_VO,Mrp_Lead_VO,Mrp_Lead_VO,Mrp_Ulti_VO,Mrp_Hurt_VO,Mrp_Die_VO,Mrp_Atk_VO,Mrp_Lead_VO,0,35,75,80,80,,,35,110,240,330,90,175,300,300,true,,-500,600,50,200,-50,80,120,Medium,-45,,400,,,TID_SPAWNER_DUDE,,sc/ui.sc,hero_icon_mrp,500,footstep,30,320,160,,,3,2,1,,,,,,,,,,,PennyTutorial,,,,,,,3,2,4,,,,
Speedy,,,max,SpeedyWeapon,SpeedyUlti,,820,3300,,,,,,,,,,,,12,,,,,92,100,40,0,25,24,5,Hero,,,SpeedyDefault,MasterySpeedy,,,,,,,,,,takedamage_gen,,death_gunslinger,true,Gen_move_fx,reload_max,No_ammo_shotgungirl,dry_fire_max,,,,,,,,,,,,,,,,,,,Max_Kill_VO,Max_Lead_VO,Max_Start_VO,Max_Ulti_VO,Max_Hurt_VO,Max_Die_VO,,Max_Start_VO,2,35,,80,80,,,35,116,210,284,90,185,270,270,,,,,-50,-200,-20,40,120,Medium,-52,,400,,,TID_SPEEDY,,sc/ui.sc,hero_icon_max,300,footstep,25,300,160,,,2,3,1,,,,,,,,,,,ColtTutorial,,,,,,,2,2,5,,,,
07220d24fa2e06c356cad4e7c6037d70b265010e,,true,shelly,ShotgunGirlWeapon,ShotgunGirlUlti,,770,3700,,,,,,,,,,,,12,,,,,134,60,30,0,5,25,25,Hero,,,BanditGirlDefault,MasteryShotgunGirl,,,,,,,,,,takedamage_gen,,death_shotgun_girl,true,Gen_move_fx,reload_shotgun_girl,No_ammo_shotgungirl,Dry_fire_shotgungirl,,,,,,,,,,,,,,,,,,,Shelly_Kill,Shelly_Lead,Shelly_Start,Utilshotgun_Vo,ShellyTakedamge_Vo,Shelly_Die,,Shelly_Start,2,30,,80,80,,,35,116,210,284,90,175,260,290,,,,,,-400,-25,40,120,Medium,-48,,450,,,TID_SHOTGUN_GIRL,,sc/ui.sc,hero_icon_shelly,1000,footstep,25,250,200,,,1,3,2,,,,,,,,,,,ShellyTutorial,,,,,,,4,3,2,,,,
Driller,,,jacky,DrillerWeapon,DrillerUlti,,770,5000,,,,,,,,,,,,12,,,,,82,100,40,0,5,25,25,Hero,,,DrillerDefault,MasteryDriller,,,,,,,,,,takedamage_gen,,death_shotgun_girl,true,Gen_move_fx,reload_jackie,No_ammo_shotgungirl,Jackie_dryfire,,,,,,,,,,,,,,,,,,,Jackie_Kill_VO,Jackie_Lead_VO,Jackie_Start_VO,Jackie_Ulti_VO,Jackie_Hurt_VO,Jackie_Die_VO,,Jackie_Start_VO,1,50,,80,80,,,35,130,210,350,90,175,310,310,,,,,-100,,,,145,Medium,-59,,450,,,TID_DRILLER,,sc/ui.sc,hero_icon_jacky,400,footstep,25,300,130,,,1,2,3,,,,,,,,,,240,TaraTutorial,,,,,,,2,5,2,,,,
Blower,,,gale,BlowerWeapon,BlowerUlti,,720,3800,,,,,,,,,,,,12,,,,,90,100,,,,,,Hero,,,BlowerDefault,MasteryBlower,,,,,,,,,,takedamage_gen,,death_shotgun_girl,true,Gen_move_fx,reload_gale,No_ammo_shotgungirl,gale_dryfire,,,,,,,,,,,,,,,,,,,Gale_Kill_VO,Gale_Lead_VO,Gale_Start_VO,Gale_Ulti_VO,Gale_Hurt_VO,Gale_Die_VO,,Gale_Start_VO,0,50,,80,80,,,35,120,210,300,90,175,270,270,,,,,-100,200,,50,120,Medium,-59,,450,,,TID_BLOWER,,sc/ui.sc,hero_icon_gale,400,footstep,25,300,130,,,1,2,3,,,,,,,,,,,TaraTutorial,,,,,,,2,2,5,,,,
Controller,,,nani,ControllerWeapon,ControllerUlti,,720,2400,,,,,,,,,,,,12,,,,,100,50,,,,,,Hero,,,ControllerDefault,MasteryController,,,,,,,,,,takedamage_gen,,death_shotgun_girl,true,Gen_move_fx,Nani_Reload,No_ammo_shotgungirl,Nani_Dryfire,,,,,,,,,,,,,,,,,,,Nani_Kill_VO,Nani_Lead_VO,Nani_Start_VO,Nani_Ulti,Nani_Hurt_VO,Nani_Die_VO,,Nani_Start_VO,0,50,,80,80,,,35,100,210,300,90,175,270,270,,,,,,550,-260,100,120,Medium,-59,,250,,,TID_CONTROLLER,,sc/ui.sc,hero_icon_nani,400,footstep,25,300,130,,,1,2,3,,,,,,,,,,,TaraTutorial,,,,,,,5,1,3,,,,
Wally,,,sprout,WallyWeapon,WallyUlti,,720,3000,,,,,,,,,,,,12,,,,,94,100,40,0,25,26,5,Hero,,,WallyDefault,MasteryWally,,,,,,,,,,takedamage_gen,,death_shotgun_girl,true,Gen_move_fx,reload_sprout,No_ammo_shotgungirl,sprout_dryfire,,,,,,,,,,,,,,,,,,,Sprout_Kill_VO,Sprout_Lead_VO,Sprout_Start_VO,Sprout_Ulti_VO,Sprout_Hurt_VO,Sprout_Die_VO,,Sprout_Start_VO,1,50,,80,80,,,35,120,210,300,90,175,270,270,,,,,,350,,140,120,Medium,-59,,450,,,TID_WALLY,,sc/ui.sc,hero_icon_sprout,400,footstep,25,300,130,,,1,2,3,,,,,,,,,,,TaraTutorial,,,,,,,3,2,4,,,,
PowerLeveler,,,surge,PowerLevelerWeapon,PowerLevelerUlti,,650,3300,,,,,,,,,,,,12,,,,,120,70,,,,,,Hero,,,PowerLevelerDefault,MasteryPowerLeveler,,,,,,,,,,takedamage_gen,,death_artillery_dude,true,Gen_move_fx,Surge_Reload,No_ammo_shotgungirl,Surge_Dryfire,,,,,,,,,,,,,,,,,,,Surge_Kill_VO,Surge_Lead_VO,Surge_Start_VO,Surge_Ulti_VO,Surge_Hurt_VO,Surge_Die_VO,Surge_Atk_VO,Surge_Start_VO,4,35,,80,80,,,35,90,190,200,80,150,200,200,,,,600,-150,,,,120,Medium,-45,,400,,,TID_POWER_LEVELER,,sc/ui.sc,hero_icon_surge,500,footstep,20,200,160,,,3,2,1,,,,,,,,,,,PennyTutorial,,,,,,true,5,3,1,,,,
Percenter,,,colette,PercenterWeapon,PercenterUlti,PercenterPet,720,3400,,,,,,,,,,,,12,,,,,100,100,30,0,25,26,5,Hero,,,PercenterDefault,MasteryPercenter,,,,,,,,,,takedamage_gen,,death_mechanic,true,Gen_move_fx,reload_mechanic,No_ammo_shotgungirl,dry_fire_mechanic,,,,,,,,,,,,,,,,,,,Colette_Kill_VO,Colette_Lead_VO,Colette_Start_VO,Colette_Ulti_VO,Colette_Hurt_VO,Colette_Die_VO,,Colette_Start_VO,5,35,,80,80,,,35,116,210,284,90,175,260,270,,,,,-150,-100,-25,40,120,Medium,-48,,400,,,TID_PERCENTER,,sc/ui.sc,hero_icon_colette,500,footstep,40,300,160,,,3,2,1,,,,,,,,,,,PennyTutorial,,,,,,,4,2,3,,,,
FireDude,,,amber,FireDudeWeapon,FireDudeUlti,,720,3200,,,,,,,,,,,,12,,,,,82,53,,,,,,Hero,,,FireDudeDefault,MasteryFireDude,,,,,,,,,,takedamage_gen,,death_arcade,true,Gen_move_fx,Amber_Reload,No_ammo_shotgungirl,Amber_Dryfire,,,,,,,,,,,,,,,,,,,Amber_Kill_VO,Amber_Lead_VO,Amber_Start_VO,Amber_Ulti_VO,Amber_Hurt_VO,Amber_Die_VO,Amber_Atk_VO,Amber_Start_VO,1,40,,80,80,,,35,116,210,284,90,175,260,260,true,,,,-200,-175,-80,,120,Medium,-59,,450,,,TID_FIRE_DUDE,,sc/ui.sc,hero_icon_amber,400,footstep,30,400,130,,,1,3,2,,,,,,,,,,,PamTutorial,,,,,,,5,2,2,,,,
IceDude,,,lou,IceDudeWeapon,IceDudeUlti,,720,3200,,,,,,,,,,,,12,,,,,120,100,40,0,25,26,5,Hero,,,IceDudeDefault,MasteryIceDude,,,,,,,,,,takedamage_gen,,death_cactus,true,Gen_move_fx,Lou_Reload,No_ammo_shotgungirl,Lou_Dryfire,,,,,,,,,,,,,,,,,,,Lou_Kill_VO,Lou_Lead_VO,Lou_Start_VO,Lou_Ulti_VO,Lou_Hurt_VO,Lou_Die_VO,Lou_Atk_VO,Lou_Start_VO,2,35,50,80,80,,,35,116,240,324,80,210,290,290,,,,,,,,50,120,Medium,-32,,450,,,TID_ICE_DUDE,,sc/ui.sc,hero_icon_lou,0,footstep,40,300,100,true,true,2,1,3,,,,,,,,,,,SpikeTutorial,,,,,,,3,1,5,,,,
SnakeOil,,,byron,SnakeOilWeapon,SnakeOilUlti,,720,2400,,,,,,,,,,,,12,,,,,175,64,,,,,,Hero,,,SnakeOilDefault,MasterySnakeOil,,,,,,,,,,takedamage_gen,,death_sniper,true,Gen_move_fx,Byron_Reload,No_ammo_shotgungirl,Byron_Dryfire,,,,,,,,,,,,,,,,,,,Snakeoil_Kill_VO,Snakeoil_Lead_VO,Snakeoil_Start_VO,Snakeoil_Ulti_VO,Snakeoil_Hurt_VO,Snakeoil_Die_VO,,Snakeoil_Start_VO,0,45,,80,80,,,35,140,230,320,100,190,290,290,,,,,-100,-500,,,120,Medium,-46,,450,,,TID_SNAKE_OIL,,sc/ui.sc,hero_icon_byron,100,footstep,25,400,160,,,2,3,1,,,,,,,,,,,PiperTutorial,,,,,,,3,2,4,,,,
Enrager,,,edgar,EnragerWeapon,EnragerUlti,,820,3300,,,,,,,,,,,,12,,,,,62,100,40,0,15,24,15,Hero,,,EnragerDefault,MasteryEnrager,,,,,,,,,,takedamage_gen,,death_undertaker,true,Gen_move_fx,Edgar_Reload,No_ammo_shotgungirl,dry_fire_barkeep,,,,,,,,,,,,,,,,,,,Edgar_Kill_VO,Edgar_Lead_VO,Edgar_Start_VO,Edgar_Ulti_VO,Edgar_Hurt_VO,Edgar_Die_VO,,Edgar_Start_VO,5,50,,80,80,,,35,116,200,285,95,170,260,260,,,,,-100,-100,,20,120,Medium,-59,,350,,,TID_ENRAGER,,sc/ui.sc,hero_icon_edgar,0,footstep,25,350,165,,,1,2,3,,,,,,,,,132,,MortisTutorial,,,,,,,5,3,1,,,,
Ruffs,,,ruffs,RuffsWeapon,RuffsUlti,,720,2800,,,,,,,,,,,,12,,,,,100,134,,,,,,Hero,,,RuffsDefault,MasteryRuffs,,,,,,,,,,takedamage_gen,,death_sniper,true,Gen_move_fx,Ruff_Reload,No_ammo_shotgungirl,Ruff_Dryfire,,,,,,,,,,,,,,,,,,,Ruff_Kill_VO,Ruff_Lead_VO,Ruff_Start_VO,Ruff_Ulti_VO,Ruff_Hurt_VO,Ruff_Die_VO,,Ruff_Start_VO,1,45,,80,80,,,35,116,200,320,90,190,260,260,,,,,,,,,120,Medium,-46,,450,,,TID_RUFFS,,sc/ui.sc,hero_icon_ruffs,100,footstep,25,400,160,,,2,3,1,,,,,,,,,,,PiperTutorial,,,,,,,2,2,5,,,,
Roller,,,stu,RollerWeapon,RollerUlti,,720,2900,,,,,,,,,,,,12,,,,,1000,100,,,,,,Hero,,,RollerDefault,MasteryRoller,,,,,,,,,,takedamage_gen,,death_shotgun_girl,true,Gen_move_fx,Stu_Reload,No_ammo_shotgungirl,Stu_Dryfire,,,,,,,,,,,,,,,,,,,Stu_Kill_VO,Stu_Lead_VO,Stu_Start_VO,Stu_Ulti_VO,Stu_Hurt_VO,Stu_Die_VO,,Stu_Start_VO,7,30,50,80,80,,,35,130,210,284,90,175,290,290,,,,,,-150,-25,40,120,Medium,-48,,450,,,TID_ROLLER,,sc/ui.sc,hero_icon_stu,1000,footstep,25,250,200,,,1,3,2,,,,,,,,,,,ShellyTutorial,,,,,,,4,3,2,,,,
ElectroSniper,,,belle,ElectroSniperWeapon,ElectroSniperUlti,,720,2600,,,,,,,,,,,,12,,,,,84,200,40,0,25,26,5,Hero,,,ElectroSniperDefault,MasteryElectroSniper,,,,,,,,,,takedamage_gen,,death_shaman,true,Gen_move_fx,Belle_Reload,No_ammo_shotgungirl,Belle_Dryfire,,,,,,,,,,,,,,,,,,,Belle_Kill_VO,Belle_Lead_VO,Belle_Start_VO,Belle_Ulti_VO,Belle_Hurt_VO,Belle_Die_VO,,Belle_Start_VO,2,35,,80,80,,,35,116,190,300,80,150,270,270,,,,,-100,-400,,,120,Medium,-46,,100,,,TID_ELECTRO_SNIPER,,sc/ui.sc,hero_icon_belle,1000,footstep,25,250,100,,,3,1,2,,,,,,,,,,,NitaTutorial,,,,,,,5,1,3,,,,
StickyBomb,,,squeak,StickyBombWeapon,StickyBombUlti,,720,3600,,,,,,,,,,,,12,,,,,93,50,,,,,,Hero,,,StickyBombDefault,MasteryStickyBomb,,,,,,,,,,takedamage_gen,,death_crow,true,Gen_move_fx,reload_crow,No_ammo_shotgungirl,crow_dryfire,,,,,,,,,,,,,,,,,,,Squeak_Kill_VO,Squeak_Lead_VO,Squeak_Start_VO,,Squeak_Hurt_VO,Squeak_Die_VO,,Squeak_Start_VO,3,45,,80,80,,,35,116,230,350,90,210,290,290,,,,,-150,100,-10,20,120,Medium,-41,,400,,,TID_STICKY_BOMB,,sc/ui.sc,hero_icon_squeak,0,footstep,20,200,100,true,true,2,1,3,,,,,,,,,,,CrowTutorial,,,,,,,4,2,3,,,,
CrossBomber,,,grom,CrossBomberWeapon,CrossBomberUlti,,720,2800,,,,,,,,,,,,12,,,,,65,55,,,,,,Hero,,,CrossBomberDefault,MasteryCrossBomber,,,,,,,,,,takedamage_gen,,death_crow,true,Gen_move_fx,Grom_Reload,No_ammo_shotgungirl,Grom_Dryfire,,,,,,,,,,,,,,,,,,,Grom_Kill_VO,Grom_Lead_VO,Grom_Start_VO,Grom_Ulti_VO,Grom_Hurt_VO,Grom_Die_VO,,Grom_Start_VO,,45,,80,80,,,35,116,170,245,90,150,235,235,,,,,,-420,-10,20,120,Medium,-41,,400,,,TID_CROSS_BOMBER,,sc/ui.sc,hero_icon_grom,0,footstep,20,200,100,true,true,2,1,3,,,,,,,,,,,CrowTutorial,,,,,,,4,2,3,,,,
RopeDude,,,buzz,RopeDudeWeapon,RopeDudeUlti,,770,4800,,,,,,,,,,,,12,,,,,96,100,25,0,15,25,15,Hero,,,RopeDudeDefault,MasteryRopeDude,,,,,,,RopeDudeSuperChargeArea,,,takedamage_gen,,death_rosa,true,Gen_move_fx,reload_rosa,No_ammo_shotgungirl,dry_fire_barkeep,,,,,,,,,,,,,,,,,,,Buzz_Kill_VO,Buzz_Lead_VO,Buzz_Start_VO,Buzz_Ulti_VO,Buzz_Hurt_VO,Buzz_Die_VO,,Buzz_Start_VO,2,50,,80,80,,,35,116,210,330,90,210,300,280,,,,,100,150,,50,120,Medium,-55,,400,,,TID_ROPE_DUDE,,sc/ui.sc,hero_icon_buzz,0,footstep,30,400,130,,,3,2,1,,,,,,,,,,,,,,,,,,3,2,4,,,,
AssaultShotgun,,,griff,AssaultShotgunWeapon,AssaultShotgunUlti,,720,3400,,,,,,,,,,,,12,,,,,100,92,,,,,,Hero,,,AssaultShotgunDefault,MasteryAssaultShotgun,,,,,,,,,,takedamage_gen,,death_shotgun_girl,true,Gen_move_fx,Griff_Reload,No_ammo_shotgungirl,Dry_fire_shotgungirl,,,,,,,,,,,,,,,,,,,Griff_Kill_VO,Griff_Lead_VO,Griff_Start_VO,Griff_Ulti_VO,Griff_Hurt_VO,Griff_Die_VO,,Griff_Start_VO,2,30,,80,80,,,35,100,180,240,80,150,200,200,,,,,-100,350,-25,40,120,Medium,-48,,450,,,TID_ASSAULT_SHOTGUN,,sc/ui.sc,hero_icon_griff,1000,footstep,25,250,200,,,1,3,2,,,,,,,,,,,ShellyTutorial,,,,,,,5,3,1,,,,
Knight,,,ash,KnightWeapon,KnightUlti,,720,5400,,,,,,,,,,,,12,,,,,84,50,,,,,,Hero,,,KnightDefault,MasteryKnight,,,,,,,,,,takedamage_gen,,death_baseball,true,Gen_move_fx,reload_baseball,No_ammo_shotgungirl,dry_fire_barkeep,,,bibi_def_atk_hit,,,,,,,,,,,,,,,,Ash_Kill_VO,Ash_Lead_VO,Ash_Start_VO,Ash_Ulti_VO,Ash_Hurt_VO,Ash_Die_VO,,Ash_Start_VO,0,75,,80,80,,,35,110,200,250,90,190,250,250,,,,,,,-250,75,145,Medium,-48,,0,,,TID_KNIGHT,,sc/ui.sc,hero_icon_ash,0,footstep,25,400,100,,,1,3,2,,,,,,,,,,,,,,,,,,5,3,1,,1,,
MechaDude,,,meg,MechaDudeWeapon,MechaDudeUlti,MechaDudeBig,770,2300,,,,,,,,,,,,12,,,,,180,50,,,,,,Hero,,,MechaDudeDefault,MasteryMechaDude,,,,,,,,,,takedamage_gen,,death_sniper,true,Gen_move_fx,Meg_Reload,No_ammo_shotgungirl,Meg_Dryfire,,,,,,,,,,,,,,,,,,,Meg_kill_vo,Meg_lead_vo,Meg_start_vo,Meg_ulti_vo,Meg_hurt_vo,Meg_die_vo,,Meg_start_vo,0,45,50,80,80,,,35,116,190,250,80,150,270,280,true,,700,1000,-120,,25,0,120,Medium,-46,,450,,,TID_MECHA_DUDE,,sc/ui.sc,hero_icon_meg,100,footstep,35,350,160,,,2,3,1,,,,,,,,,,,,,,,,,,4,3,2,,,,
Duplicator,,,lolla,DuplicatorWeapon,DuplicatorUlti,,720,3800,,,,,,,,,,,,12,,,,,104,50,,,,,,Hero,,,DuplicatorDefault,MasteryDuplicator,,,,,,,,,,takedamage_gen,,death_shaman,true,Gen_move_fx,diva_reload,No_ammo_shotgungirl,dry_fire_barkeep,,,,,,,,,,,,,,,,,,,Lolla_Kill_VO,Lolla_Lead_VO,Lolla_Start_VO,Lolla_Ulti_VO,Lolla_Hurt_VO,Lolla_Die_VO,,Lolla_Start_VO,0,35,,80,80,,,35,116,190,250,80,150,270,270,,,0,0,-100,-550,-250,60,120,Medium,-46,,100,,,TID_DUPLICATOR,,sc/ui.sc,hero_icon_lolla,1000,footstep,25,250,160,,,3,1,2,,,,,,,,,,,NitaTutorial,,,,,,,4,2,3,,29,,
KickerDude,,,fang,KickerDudeWeapon,KickerDudeUlti,,770,4300,,,,,,,,,,,,12,,,,,75,84,20,0,15,25,15,Hero,,,KickerDudeDefault,MasteryKickerDude,,,,,,,,,,takedamage_gen,,death_luchador,true,Gen_move_fx,Fang_Reload,No_ammo_shotgungirl,Fang_Dryfire,,,fang_hit_melee,,,,,,,,,,,,,,,,Fang_Kill_VO,Fang_Lead_VO,Fang_Start_VO,Fang_Ulti_VO,Fang_Hurt_VO,Fang_Die_VO,Fang_Atk_VO,Fang_Start_VO,2,50,,80,80,,,35,116,200,285,95,170,260,270,,,,,-100,-400,-20,-20,145,Medium,-56,,400,,,TID_KICKER_DUDE,,sc/ui.sc,hero_icon_fang,0,footstep,40,250,130,,,1,3,2,,,,,,,,,,,PrimpTutorial,,,,,,,5,3,1,,,,
4f7b8a8fb970bd4cb356d59fd76bb5fb64e5797a,,true,shelly,ShotgunGirlWeapon,ShotgunGirlUlti,,770,3700,,,,,,,,,,,,12,,,,,134,60,30,0,5,25,25,Hero,,,BanditGirlDefault,MasteryShotgunGirl,,,,,,,,,,takedamage_gen,,death_shotgun_girl,true,Gen_move_fx,reload_shotgun_girl,No_ammo_shotgungirl,Dry_fire_shotgungirl,,,,,,,,,,,,,,,,,,,Shelly_Kill,Shelly_Lead,Shelly_Start,Utilshotgun_Vo,ShellyTakedamge_Vo,Shelly_Die,,Shelly_Start,2,30,,80,80,,,35,116,210,284,90,175,260,290,,,,,,-400,-25,40,120,Medium,-48,,450,,,TID_SHOTGUN_GIRL,,sc/ui.sc,hero_icon_shelly,1000,footstep,25,250,200,,,1,3,2,,,,,,,,,,,ShellyTutorial,,,,,,,4,3,2,,,,
Flea,,,eve,FleaWeapon,FleaUlti,,720,2900,,,,,,,,,,,,12,,,,,120,50,,,,,,Hero,,,FleaDefault,MasteryFlea,,,,,,,,,,takedamage_gen,,death_artillery_dude,true,Gen_move_fx,Flea_Reload_Sfx,No_ammo_shotgungirl,Flea_Dryfire_Sfx,,,,,,,,,,,,,,,,,,,Flea_Kill_VO,Flea_Lead_VO,Flea_Start_VO,Flea_Ulti_VO,Flea_Hurt_VO,Flea_Die_VO,,Flea_Lead_VO,0,35,75,80,80,,,35,60,150,150,45,120,130,150,,,0,0,-100,200,-50,80,120,Medium,-56,,400,,,TID_FLEA,,sc/ui.sc,hero_icon_eve,500,footstep,30,320,160,,,3,2,1,true,,,,,,,,,,PennyTutorial,,,9,,,,2,2,5,,,,
JetpackGirl,,,janet,JetpackGirlWeapon,JetpackGirlUlti,,720,3200,,,,,,,,,,,,12,,,,,70,84,,,,,,Hero,,,JetpackGirlDefault,MasteryJetpackGirl,,,,,,,,,,takedamage_gen,,death_crow,true,Gen_move_fx,Janet_Reload_Sfx,No_ammo_shotgungirl,Janet_Dryfire_Sfx,,,,,,,,,,,,,,,,,,,Janet_Kill_VO,Janet_Lead_VO,Janet_Start_VO,Janet_Ulti_VO,Janet_Hurt_VO,Janet_Die_VO,,Janet_Lead_VO,0,45,,80,80,,,35,100,180,240,75,145,245,250,,,,,-200,-400,-10,20,120,Medium,-41,,100,,,TID_JETPACK_GIRL,,sc/ui.sc,hero_icon_janet,0,footstep,20,200,100,,,2,1,3,,,,,,,,,,,CrowTutorial,,,,,,,3,3,3,,,,
CannonGirl,,,bonnie,CannonGirlWeapon,CannonGirlUlti,CannonGirlSmall,620,4800,,,,,,,,,,,,12,,,,,110,100,,,,,,Hero,,,CannonGirlDefault,MasteryCannonGirl,,,,,,,,,,takedamage_gen,,death_artillery_dude,true,Gen_move_fx,Otis_Reload_Sfx,,Otis_Dryfire_Sfx,,,,,,,,,,,,,,,,,,,Bonnie_Kill_VO,Bonnie_Lead_VO,Bonnie_Start_VO,Bonnie_Ulti_VO,Bonnie_Hurt_VO,Bonnie_Die_VO,,Bonnie_Lead_VO,3,35,,80,80,,,35,116,200,270,90,180,260,260,,,,,-800,200,-50,,120,Medium,-52,,500,,,TID_CANNON_GIRL,,sc/ui.sc,hero_icon_bonnie,300,footstep,25,500,100,,,2,3,1,,,,,,,,,,,CrowTutorial,,,,,,,5,2,2,,,,
Silencer,,,otis,SilencerWeapon,SilencerUlti,,720,3200,,,,,,,,,,,,12,,,,,67,100,,,,,,Hero,,,SilencerDefault,MasterySilencer,,,,,,,,,,takedamage_gen,,death_shotgun_girl,true,Gen_move_fx,reload_sprout,No_ammo_shotgungirl,sprout_dryfire,,,,,,,,,,,,,,,,,,,Otis_Kill_VO,Otis_Lead_VO,Otis_Start_VO,,Otis_Hurt_VO,Otis_Die_VO,,Otis_Start_VO,1,35,,80,80,,,35,240,460,460,75,145,460,600,,,,,,,-10,20,120,Medium,-41,,500,,,TID_SILENCER,,sc/ui.sc,hero_icon_otis,0,footstep,20,200,100,,,2,1,3,,,,,,,,,,,CrowTutorial,,,,,,,3,2,4,,,,
WeaponThrower,,,sam,WeaponThrowerWeapon,WeaponThrowerUlti,,770,5400,,,,,,,,,,,,12,,,,100,100,100,,,,,,Hero,,,WeaponThrowerDefault,MasteryWeaponThrower,,,,,,,,,,takedamage_gen,,death_rosa,true,Gen_move_fx,Bronson_Reload,No_ammo_shotgungirl,Bronson_Dryfire,,,,,,,,,,,,,,,,,,,Sam_Kill_VO,Sam_Lead_VO,Sam_Start_VO,Sam_Ulti_VO,Sam_Hurt_VO,Sam_Die_VO,Sam_Atk_VO,Sam_Start_VO,2,50,50,80,80,,,35,110,100,245,80,150,240,240,,,,,-100,-500,,50,145,Medium,-55,,400,,,TID_WEAPON_THROWER,,sc/ui.sc,hero_icon_bronson,0,footstep,30,400,130,,,2,1,3,,,,,,,,,,,CrowTutorial,,,,,,,4,3,2,,9,25,50
SoulCollector,,,gus,SoulCollectorWeapon,SoulCollectorUlti,,720,3200,,,,,,,,,,,,12,,,,,100,100,,,,,,Hero,,,SoulCollectorDefault,MasterySoulCollector,,,,,,,,,,takedamage_gen,,death_sniper,true,Gen_move_fx,Gus_Reload,No_ammo_shotgungirl,Gus_Dryfire,,,,,,,,,,,,,,,,,,,Gus_Kill_VO,Gus_Lead_VO,Gus_Start_VO,Gus_Ulti_VO,Gus_Hurt_VO,Gus_Die_VO,Gus_Atk_VO,Gus_Start_VO,0,45,,80,80,,,35,140,230,320,100,190,290,290,,,,,-200,-200,,,120,Medium,-46,,450,,,TID_SOUL_COLLECTOR,,sc/ui.sc,hero_icon_gus,100,footstep,25,400,160,,,2,1,3,,,,,,,,,,,CrowTutorial,,,,,,,3,2,4,,10,3,
ShieldTank,,,buster,ShieldTankWeapon,ShieldTankUlti,,770,5200,,,,,,,,,,,,12,,,,,100,100,,,,,,Hero,,,ShieldTankDefault,MasteryShieldTank,,,,,,,ShieldTankSuperChargeArea,,,takedamage_gen,,death_rocket_girl,true,Gen_move_fx,Buster_Reload,No_ammo_shotgungirl,Buster_Dryfire,,,,,,,,,,,,,,,,,,,Buster_Kill_VO,Buster_Lead_VO,Buster_Start_VO,Buster_Ulti_VO,Buster_Hurt_VO,Buster_Die_VO,,Buster_Start_VO,3,35,,80,80,,,35,116,200,270,90,180,260,270,,,,,-100,-250,-50,,120,Medium,-52,,500,,,TID_SHIELD_TANK,,sc/ui.sc,hero_icon_buster,300,footstep,25,500,100,,,2,1,3,,,,,,,,,,,CrowTutorial,,,,,,,3,5,1,,,,
Jester,,,chester,JesterWeapon,JesterUltiExploding,,770,3700,,,,,,,,,,,,12,,,,,100,100,,,,,,Hero,,,JesterDefault,MasteryJester,,,,,,,,,,takedamage_gen,,death_ninja,true,Gen_move_fx,Chester_Reload,No_ammo_shotgungirl,Chester_Dryfire,,,,,,,,,,,,,,,,,,,Chester_Kill_VO,Chester_Lead_VO,Chester_Start_VO,Chester_Ulti_VO,Chester_Hurt_VO,Chester_Die_VO,,Chester_Start_VO,2,50,,80,80,,,35,116,190,270,80,150,270,300,,,,,100,-750,,,120,Medium,-55,,450,,,TID_JESTER,,sc/ui.sc,hero_icon_chester,0,footstep,25,250,130,,,3,2,1,,,,,,,,,,,LeonTutorial,,,,,,,4,2,3,,11,,
DoorMan,,,gray,DoorManWeapon,DoorManUlti,,720,3300,,,,,,,,,,,,12,,,,,100,87,,,,,,Hero,,,DoorManDefault,MasteryDoorMan,,,,,,,,,,takedamage_gen,,death_gunslinger,true,Gen_move_fx,Gray_Reload,No_ammo_shotgungirl,Gray_Dryfire,,,,,,,,,,,,,,,,,,,,,,,,,,,,35,50,80,80,,,35,116,210,284,90,185,270,280,,,,,,-350,-30,40,120,Medium,-52,,400,,,TID_DOORMAN,,sc/ui.sc,hero_icon_gray,300,footstep,25,300,160,,,2,3,1,,,,,,,,,,,ColtTutorial,,,,,,,3,2,4,,,,
Beamer,,,mandy,BeamerWeapon,BeamerUlti,,720,2800,,,,,,,,,,,,12,,,,,65,80,,,,,,Hero,,,BeamerDefault,MasteryBeamer,,,,,,,,,,takedamage_gen,,death_sniper,true,Gen_move_fx,reload_sniper,No_ammo_shotgungirl,Minig_dryfire,,,,,,,,,,,,,,,,,,,Mandy_Kill_VO,Mandy_Lead_VO,Mandy_Start_VO,Mandy_Ulti_VO,Mandy_Hurt_VO,Mandy_Die_VO,,Mandy_Start_VO,0,45,,80,80,,,35,116,200,320,90,190,260,270,,,,,100,-100,,,120,Medium,-46,,450,,,TID_BEAMER,,sc/ui.sc,hero_icon_mandy,100,footstep,25,400,160,,,2,3,1,,,,,,,,,,,PiperTutorial,,,,,,,5,1,3,,12,450,9
Splitter,,,artie,SplitterWeapon,SplitterUlti,SplitterLegs,720,3900,,,,,,,,,,,,12,,,,,145,100,,,,,,Hero,,,SplitterDefault,MasterySplitter,,,,,,,,,,takedamage_gen,,death_arcade,true,Gen_move_fx,RT_Reload,No_ammo_shotgungirl,RT_Dryfire,,,,,,,,,,,,,,,,,,,RT_Kill_VO,RT_Lead_VO,RT_Start_VO,RT_Ulti_VO,RT_Hurt_VO,RT_Die_VO,,RT_Start_VO,2,57,,80,80,,,35,85,50,220,80,220,200,200,,,,,,400,,80,145,Medium,-43,,450,,,TID_SPLITTER,,sc/ui.sc,hero_icon_artie,0,footstep,30,400,100,,,1,3,2,,,,,,,,,,,,,,,,,,5,1,3,,13,1,
Puppeteer,,,willow,PuppeteerWeapon,PuppeteerUlti,,720,2800,,,,,,,,,,,,12,,,,,85,134,,,,,,Hero,,,PuppeteerDefault,MasteryPuppeteer,,,,,,,,,,takedamage_gen,,death_shotgun_girl,true,Gen_move_fx,Willow_Reload,No_ammo_shotgungirl,Willow_Dryfire,,,,,,,,,,,,,,,,,,,Willow_Kill_VO,Willow_Lead_VO,Willow_Start_VO,Willow_Ulti_VO,Willow_Hurt_VO,Willow_Die_VO,,Willow_Start_VO,2,30,,80,80,,,35,116,210,284,90,175,260,280,,,,,-200,-400,-25,40,120,Medium,-48,,450,,,TID_PUPPETEER,,sc/ui.sc,hero_icon_willow,1000,footstep,25,250,200,,,1,3,2,,,,,,,,,,,ShellyTutorial,,,,,,,4,3,2,,,,
Maisie,,,maisie,MaisieWeapon,MaisieUlti,,720,3600,,,,,,,,,,,,12,,,,,80,112,40,0,25,26,5,Hero,,,MaisieDefault,MasteryMaisie,,,,,,,,,,takedamage_gen,,death_shotgun_girl,true,Gen_move_fx,Maisie_Reload,No_ammo_shotgungirl,Maisie_Dryfire,,,,,,,,,,,,,,,,,,,Maisie_Kill_VO,Maisie_Lead_VO,Maisie_Start_VO,Maisie_Ulti_VO,Maisie_Hurt_VO,Maisie_Die_VO,,Maisie_Start_VO,2,30,,80,80,,,35,145,210,320,90,310,310,290,,,,,30,70,-25,40,120,Medium,-48,,450,,,TID_MAISIE,,sc/ui.sc,hero_icon_maisie,1000,footstep,25,250,200,,,1,3,2,,,,,,,,,,,ShellyTutorial,,,,,,,4,3,2,,,,
FishTank,,,fishtank,FishTankWeapon,FishTankUlti,,720,5400,,,,,,,,,,,,12,,,,,50,87,,,,,,Hero,,,FishTankDefault,MasteryFishTank,,,,,,,,,,takedamage_gen,,death_gunslinger,true,Gen_move_fx,,No_ammo_shotgungirl,Hank_Dryfire,,,,,,,,,,,,,,,,,,,Hank_Kill_VO,Hank_Lead_VO,Hank_Start_VO,Hank_Ulti_VO,Hank_Hurt_VO,Hank_Die_VO,,Hank_Start_VO,1,35,,80,80,,,35,85,175,175,90,185,175,175,,,,,160,-400,-30,40,145,Medium,-52,,400,,,TID_FISHTANK,,sc/ui.sc,hero_icon_fishtank,300,footstep,0,100,160,,,2,3,1,,,,,,,,,,,ColtTutorial,,,,,,,3,4,2,,14,25,100
Duelist,,,cordelius,DuelistWeapon,DuelistUlti,,820,3200,,,,,,,,,,,,12,,,,,90,100,25,0,25,24,5,Hero,,,DuelistDefault,MasteryDuelist,,,,,,,DuelistSuperChargeArea,,,takedamage_gen,,death_ninja,true,Gen_move_fx,Cordelius_Reload,No_ammo_shotgungirl,Cordelius_Dryfire,,,,,,,,,,,,,,,,,,,Cordelius_Kill_VO,Cordelius_Lead_VO,Cordelius_Start_VO,Cordelius_Ulti_VO,Cordelius_Hurt_VO,Cordelius_Die_VO,,Cordelius_Start_VO,2,50,,80,80,,,35,116,190,330,80,150,270,290,,,,,150,300,,,120,Medium,-55,,450,,,TID_DUELIST,,sc/ui.sc,hero_icon_cordelius,0,footstep,25,250,130,,,3,2,1,,,,,,,,,,,LeonTutorial,,,,,,,5,1,2,,15,20,30
Reviver,,,doug,ReviverWeapon,ReviverUlti,,770,5000,,,,,,,,,,,,12,,,,,70,100,,,,,,Hero,,,ReviverDefault,MasteryReviver,,,,,,,,,,takedamage_gen,,death_shotgun_girl,true,Gen_move_fx,Doug_Reload,No_ammo_shotgungirl,Doug_Dryfire,,,,,,,,,,,,,,,,,,,Doug_Kill_VO,Doug_Lead_VO,Doug_Start_VO,Doug_Ulti_VO,Doug_Hurt_VO,Doug_Die_VO,,Doug_Start_VO,1,50,,80,80,,,35,110,230,230,90,230,230,230,,,,,-200,,,,145,Medium,-59,,450,,,TID_REVIVER,,sc/ui.sc,hero_icon_doug,400,footstep,25,300,130,,,1,2,3,,,,,,,,,,,TaraTutorial,,,,,,,2,2,5,,16,,
Cooker,,,pearl,CookerWeapon,CookerUlti,,720,3900,,,,,,,,,,,,12,,,,,100,100,40,0,25,26,5,Hero,,,CookerDefault,MasteryCooker,,,,,,,,,,takedamage_gen,,death_arcade,true,Gen_move_fx,Pearl_Reload,No_ammo_shotgungirl,Pearl_Dryfire,,,,,cooker_def_smoke,charge_up_ready,,,,,,,,,,,,,Pearl_Kill_VO,Pearl_Lead_VO,Pearl_Start_VO,,Pearl_Hurt_VO,Pearl_Die_VO,Pearl_Atk_VO,Pearl_Start_VO,2,50,,80,80,,,35,90,220,230,70,200,200,200,,,-500,,200,100,,80,145,Medium,-50,,450,,,TID_COOKER,,sc/ui.sc,hero_icon_pearl,0,footstep,30,400,130,,,1,3,2,,,,,,,,,,,,,,,,,,4,3,2,,17,12000,75
Conductor,,,chuck,ConductorWeapon,ConductorUltiSpawn,,770,4500,,,,,,,,,,,,12,,,,1,100,100,,,,,,Hero,,,ConductorDefault,MasteryConductor,,,,,,,,,,takedamage_gen,,death_luchador,true,Gen_move_fx,Fang_Reload,No_ammo_shotgungirl,Fang_Dryfire,,,fang_hit_melee,,,,,,,,,,,,,,,,Chuck_Kill_VO,Chuck_Lead_VO,Chuck_Start_VO,Chuck_Ulti_VO,Chuck_Hurt_VO,Chuck_Die_VO,,Chuck_Start_VO,2,50,,80,80,,,35,116,200,285,95,170,260,270,,,,,-100,-400,-20,-20,145,Medium,-56,,400,,,TID_CONDUCTOR,,sc/ui.sc,hero_icon_chuck,0,footstep,40,250,130,,,1,3,2,,,,,,,,,800,,,,,,,,,4,3,2,,18,3,50
Cocooner,,,charlie,CocoonerWeapon,CocoonerUlti,CocoonerPet,720,3300,,,,,,,,,,,,12,,,,,75,100,60,0,25,26,5,Hero,,,CocoonerDefault,MasteryCocooner,,,,,,,,,,takedamage_gen,,death_shotgun_girl,true,Gen_move_fx,Charlie_Reload,No_ammo_shotgungirl,Charlie_Dryfire,,,,,,,,,,,,,,,,,,,Charlotte_Kill_VO,Charlotte_Lead_VO,Charlotte_Start_VO,Charlotte_Ulti_VO,Charlotte_Hurt_VO,Charlotte_Die_VO,,Charlotte_Start_VO,2,30,,80,80,,,35,100,230,240,90,230,230,230,,,,,50,-150,-25,40,120,Medium,-48,,450,,,TID_COCOONER,,sc/ui.sc,hero_icon_charlie,1000,footstep,25,250,200,,,1,3,2,,,,,,,,,,,ShellyTutorial,,,,,,,4,2,3,,19,,
Leaper,,,mico,LeaperWeapon,LeaperUlti,,820,3000,,,,,,,,,,,,12,,,,,76,50,50,0,25,24,5,Hero,,,LeaperDefault,MasteryLeaper,,,,,,,,,,takedamage_gen,,death_undertaker,true,Gen_move_fx,Mico_Reload,No_ammo_shotgungirl,Mico_Dryfire,,,mico_def_atk_hit,,,,,,,,,,,,,,,,Mico_Kill_VO,Mico_Lead_VO,Mico_Start_VO,Mico_Ulti_VO,Mico_Hurt_VO,Mico_Die_VO,,Mico_Start_VO,1,50,,80,80,,,35,130,200,285,95,170,260,260,,,,,-25,100,,20,120,Medium,-59,,350,,,TID_LEAPER,,sc/ui.sc,hero_icon_mico,0,footstep,25,350,165,,,1,2,3,,,,,,,,,,,MortisTutorial,,,,,,,2,3,4,,21,1000,
Attacher,,,kit,AttacherWeapon,AttacherUlti,,820,3000,,,,,,,,,,,,12,,,,,100,100,,,,,,Hero,,,AttacherDefault,MasteryAttacher,,,,,,,,,,takedamage_gen,,death_shaman,true,Gen_move_fx,,No_ammo_shotgungirl,dry_fire_barkeep,,,kit_def_atk_hit,,,,,,,,,,,,,,,,Kit_Kill_VO,Kit_Lead_VO,Kit_Start_VO,Kit_Ulti_VO,Kit_Hurt_VO,Kit_Die_VO,Kit_Atk_VO,Kit_Start_VO,0,35,,80,80,,,35,116,190,250,80,150,270,280,,,,,200,100,,,120,Medium,-46,,100,,,TID_ATTACHER,,sc/ui.sc,hero_icon_kit,1000,footstep,25,250,160,,,3,1,2,,,,,,,,,200,,NitaTutorial,,,,,,,3,4,2,,22,,
Twins,,,twins,TwinsWeaponThrower,TwinsUlti,TwinsPet,770,3000,,,,,,,,,,,,20,,,,,72,100,,,,,,Hero,,,TwinsDefault,MasteryTwins,,,,,,,,,,takedamage_gen,,death_undertaker,true,Gen_move_fx,Robotwin_Reload,No_ammo_shotgungirl,Robotwin_Dryfire,,,,,,,,,,,,,,,,,,,Robotwin_Kill_VO,Robotwin_Lead_VO,Robotwin_Start_VO,Robotwin_Ulti_VO,Robotwin_Hurt_VO,Robotwin_Die_VO,,Robotwin_Start_VO,1,50,,80,80,,,35,116,200,285,95,170,260,260,true,true,500,,-100,-100,,20,120,Medium,-59,,350,,,TID_TWINS,,sc/ui.sc,hero_icon_twins,0,footstep,25,350,165,,,1,2,3,,,,,,,,,,,MortisTutorial,,,,,,,2,3,4,,24,,
AxeJuggler,,,melody,AxeJugglerWeapon,AxeJugglerUlti,,720,4100,,,,,,,,,,,,12,,,3,,220,100,,,,,,Hero,,,AxeJugglerDefault,MasteryAxeJuggler,,,,,,,,,,takedamage_gen,,death_shotgun_girl,true,Gen_move_fx,Melodie_Reload,No_ammo_shotgungirl,Melodie_Dryfire,,,,,,,,,,,,,,,,,,,Melodie_Kill_VO,Melodie_Lead_VO,Melodie_Start_VO,Melodie_Ulti_VO,Melodie_Hurt_VO,Melodie_Die_VO,,Melodie_Start_VO,7,30,,80,80,,,35,100,200,270,90,175,245,270,,,,,100,-600,-25,40,120,Medium,-44,,450,,,TID_AXE_JUGGLER,,sc/ui.sc,hero_icon_melody,1000,footstep,25,250,200,,,1,3,2,,,,,,,,,,,ShellyTutorial,,,,,,,5,2,2,,,,
InsectMan,,,angelo,InsectManWeapon,InsectManUlti,,820,3000,,,,,,,,,,,,12,,,,,100,100,,,,,,Hero,,,InsectManDefault,MasteryInsectMan,,,,,,,,,,takedamage_gen,,death_sniper,true,Gen_move_fx,Angelo_Reload,No_ammo_shotgungirl,Angelo_Dryfire,,,,,,,,,,,,,,,,,,,Angelo_Kill_VO,Angelo_Lead_VO,Angelo_Start_VO,Angelo_Ulti_VO,Angelo_Hurt_VO,Angelo_Die_VO,,Angelo_Start_VO,0,45,,80,80,,,35,116,200,320,90,190,260,270,,,,,-100,-180,,,120,Medium,-46,,450,,,TID_INSECTMAN,,sc/ui.sc,hero_icon_angelo,100,footstep,25,400,160,,,2,3,1,true,,,,,,,,,,PiperTutorial,,,,,,,4,2,2,,,10,100
DragonRider,,,draco,DragonRiderWeapon,DragonRiderUlti,,720,5500,,,,,,,,,,,,12,,,,,100,80,,,,,,Hero,,,DragonRiderDefault,MasteryDragonRider,,,,,,,,,,takedamage_gen,,death_artillery_dude,true,Gen_move_fx,Draco_Reload,No_ammo_shotgungirl,Draco_Dryfire,,,,,,,,,,,,,,,,,,,Draco_Kill_VO,Draco_Lead_VO,Draco_Start_VO,Draco_Ulti_VO,Draco_Hurt_VO,Draco_Die_VO,Draco_Atk_VO,Draco_Start_VO,4,35,,80,80,,,35,120,200,285,95,170,260,260,,,,600,-150,,,,120,Medium,-45,,400,,,TID_DRAGON_RIDER,,sc/ui.sc,hero_icon_draco,500,footstep,20,200,160,,,3,2,1,,,,,,,,,,240,PennyTutorial,,,,,,,5,3,1,,28,20,25
Ambusher,,,lily,AmbusherWeapon,AmbusherUlti,,820,4200,,,,,,,,,,,,12,,,,,96,100,25,0,15,25,15,Hero,,,AmbusherDefault,MasteryAmbusher,,,,,,,AmbusherSuperChargeArea,,,takedamage_gen,,death_rosa,true,Gen_move_fx,reload_rosa,No_ammo_shotgungirl,dry_fire_barkeep,,,,,,,,,,,,,,,,,,,,,,,,,,,2,50,,80,80,,,35,116,210,280,90,210,260,280,,,,,100,150,,50,120,Medium,-55,,400,,,TID_AMBUSHER,,sc/ui.sc,hero_icon_lily,0,,,400,130,,,3,2,1,,,,,,,,,,,,,,,,,,3,2,4,,27,,
TutorialDummy,,,,,,,0,700,,,,,,,,,,,,12,,,,,,,,,,,,Minion_Building,,,MeleeBotDefault,,,,,,,,,,,takedamage_gen,,nuts_bolts_metal_explosion,true,Gen_move_fx,,No_ammo_shotgungirl,,tutorial_robo_spawn,,,,,,,,,,,,,,,,,,,,,,,,,,,35,,80,80,,,35,100,,,,,,,,,,,,,,,145,Medium,-60,,350,,,,,,,,footstep,25,400,160,,,,,,,,,,,,,,,,,,,,,,,,,,,,,
TutorialDummy2,,,,,,,0,700,,,,,,,,,,,,12,,,,,,,,,,,,Minion_Building_charges_ulti,,,MeleeBotDefault,,,,,,,,,,,takedamage_gen,,nuts_bolts_metal_explosion,true,Gen_move_fx,,,,tutorial_robo_spawn,,,,,,,,,,,,,,,,,,,,,,,,,,,35,,80,80,,,35,100,,,,,,,,,,,,,,,145,Medium,-60,,350,,,,,,,,footstep,25,400,160,,,,,,,,,,,,,,,,,,,,,,,,,,,,,
MechanicTurret,,,,,,,0,3300,,,,,300,260,,,30,MechanicTurretProjectile,MechanicOverchargedTurretProjectile,27,,,,,1,,,,,,,Minion_Building,,,TurretDefault,,,,,,,OverchargeActivePet,,,,nuts_bolts_metal_small,,nuts_bolts_metal_explosion,,,,,,SpawnTurret,,,jessie_def_turret_atk,,,,,,,,,,,,,,,,,,,,,,,,35,125,75,75,,,25,116,220,297,,,,,,,1000,-400,,,,,120,Medium,-32,,220,,,,,,,,footstep,25,400,160,,,,,,,,,,,,,,,,,,,,,,,,,,,,,
HealingStation,,,,,,,0,2800,,,,,,,,,,,,12,,,,,,,,,,,,Minion_Building,,,HealstationDefault,,,,,,,,HealingStationHeal,,,nuts_bolts_metal_small,,nuts_bolts_metal_explosion,,,,,,pam_def_ulti_spawn,,,,,,,,,,,,,,,,,,,,,,,,,,,,,75,75,,,25,110,100,200,,,,,,,1400,-500,,,,,120,Medium,-49,,300,,,,,,,,footstep,25,400,160,,,,,,,,,,,,,,,,,,,,,,,,,,,,,
Safe,,,,,,,0,40000,,,,,700,,,,,,,20,,,,,,,,,,,,Pvp_Base,,,Safe,,,,,,,,,,,nuts_bolts_metal_small,,safe_explosion,,,,,,,,,,,,,,,,,,,,,,,,,,,,,,,,,,,100,-100,0,0,0,84,,,,,,,,,,,,,,,160,Medium,-75,,300,,,,,,,,footstep,25,400,160,,,,,,,,,,,,,,,,,,,,,,,,,,,,,
ExplodingBarrel,,,,,,,0,12000,,,,,,,,,,,,,,,,,,,,,,,,Minion_Building,,,,,,sc/level.sc,tnt_box,tnt_box,tnt_box_shadow,,,ExplodingBarrelExplosion,,,,,,,,,,,,,,,,,,,,,,,,,,,,,,,,,,,,,35,,100,-100,0,0,0,95,,,,,,,,,,,,,,,145,Medium,-59,,350,,,,,,,,footstep,25,400,160,,,,,,,,,,,,,,,,,,,,,,,,,,,,,
PoisonBarrel,,,,,,,0,2,,,,,,,,,,,,,,,,,,,,,,,,Minion_Building,,,Safe,,,,,,,,,PoisonBarrelExplosion,,,,,,,,,,,,,,,,,,,,,,,,,,,,,,,,,,,,,35,,80,80,,,35,106,,,,,,,,,,,,,,,145,,0,,350,,,,,,,,footstep,25,400,160,,,,,,,,,,,,,,,,,,,,,,,,,,,,,
ShamanPet,,,,,,,610,4300,,,,,600,400,,,,,,6,,,,,1,,,,,,,Minion_FindEnemies,,,ShamanBearDefault,,,,,,,OverchargeActiveLargePet,,,,,,death_bull_dude,,Gen_move_fx,,,,nita_def_ulti_spawn,nita_def_oc_pet_spawn,,bear_attack,,,,,,,,,,,,,,,,,,,,,,,,30,,85,80,,,25,106,200,280,,,,,,,500,-1250,,,,,145,Medium,-63,,100,,,,,,,,footstep,25,250,160,,,,,,,,,,,,,,,,,,,,,,,,,,,,,
BoneThrowerPet,,,,,,,870,4000,,,,,300,600,,,,,,6,1200,,,,,,,,,,,Minion_Dog,,,ShamanBearDefault,,,,,,,,,,,,,death_bull_dude,,Gen_move_fx,,,,nita_def_ulti_spawn,,,bear_attack,,,,,,,,,,,,,,,,,,,,,,,,30,,85,80,,,25,84,,,,,,,,,,,,,,,120,Medium,-43,,,,,,,,,,footstep,25,250,160,,,,,,,,,,,,,,,,,,,,,,,,,,,,,
LaserBall,,,,,,,0,1,,,,,,,,,,,,,,,,,,,,,,,,Carryable,LaserBall,,BallDefault,,,,,,,,,,,,,laser_ball_goal,,,,,,,,,,,,,,,,,,,,,,,,,,,,,,,,,,,80,80,,,25,179,,,,,,,,,,,,,,,120,,0,,,,,,,,,,,,,160,,,,,,,,,,,,,,,,,,,,,,,,,,,,,
LootBox,,,,,,,0,4300,,,,,,,,,,,,,,true,,,,,,,,,,LootBox,,,LootBox,,,,,,,,,,,,,Gen_wood_explosion,,,,,,,,,,,,,,,,,,,,,,,,,,,,,,,,,35,,100,-100,0,0,0,95,,,,,,,,,,,,,,,145,Medium,-40,,350,,,,,,,,footstep,25,400,160,,,,,,,,,,,,,,,,,,,,,,,,,,,,,
TutorialDummy3,,,,,,,0,4000,,,,,,,,,,,,12,,,,,,,,,,,,Minion_Building_charges_ulti,,,BossBotDefault,,,,,,,,,,,takedamage_gen,,boss_explosion,true,Gen_move_fx,,,,tutorial_robo_spawn,,,,,,,,,,,,,,,,,,,,,,,,,,,35,,80,80,,,35,100,,,,,,,,,,,,,,,145,Medium,-75,,350,,,,,,,,footstep,25,400,160,,,,,,,,,,,,,,,,,,,,,,,,,,,,,
ArtilleryDudeTurret,,,,,,,0,2800,,,,,3500,1200,,,,ArtilleryDudeTurretProjectile,,40,,,,,1,,,,,,,Minion_Building,,,ArtilleryTurretDefault,,,,,,,,,,,nuts_bolts_metal_small,,nuts_bolts_metal_explosion,,,,,,penny_def_ulti_spawn,,,penny_def_turret_atk,,,,,,,,,,,,,,,,,,,,,,,,35,,75,75,,,25,116,180,243,,,,,,,1000,-1400,,,,,120,Medium,-32,,150,,,,,,,,footstep,25,400,160,,,,,,,,,,,,,,,,,,,,,,,,,,,,,
CoopMeleeEnemy1,,,,,,,600,4800,,,,,400,260,,,,,,5,,,,,,,,,,,,Minion_FindEnemies,,,MeleeBotDefault,,,,,,,,,,,nuts_bolts_metal_small,,nuts_bolts_metal_explosion,true,Gen_move_fx,,,,robo_spawn,,,robot_M_attack,,,,,,,,,,,,,,,,,,,,,,,,30,70,85,80,,,25,100,200,270,,,,,,,,,,,,,120,Medium,-50,,,,,,,,,,footstep,25,250,130,,,,,,,,,,,,,,,,,,,,,,,,,,,,,
CoopMeleeEnemy2,,,,,,,600,6800,,,,,400,470,,,,,,5,,,,,,,,,,,,Minion_FindEnemies,,,MeleeBotDefault,,,,,,,,,,,nuts_bolts_metal_small,,nuts_bolts_metal_explosion,true,Gen_move_fx,,,,robo_spawn,,,robot_M_attack,,,,,,,,,,,,,,,,,,,,,,,,30,70,85,80,,,25,120,200,270,,,,,,,,,,,,,145,Medium,-60,,,,,,,,,,footstep,25,250,130,,,,,,,true,30,,30,255,120,255,,,,,,,,,,,,,,,,
CoopMeleeEnemy3,,,,,,,600,11000,,,,,400,600,,,,,,6,,,,,,,,,,,,Minion_FindEnemies,,,MeleeBotDefault,,,,,,,,,,,nuts_bolts_metal_small,,nuts_bolts_metal_explosion,true,Gen_move_fx,,,,robo_spawn,,,robot_M_attack,,,,,,,,,,,,,,,,,,,,,,,,30,70,85,80,,,25,140,200,270,,,,,,,,,,,,,170,Medium,-70,,,,,,,,,,footstep,25,250,130,,,,,,,true,100,,,255,140,140,,,,,,,,,,,,,,,,
CoopMeleeEnemy4,,,,,,,600,16200,,,,,400,730,,,,,,6,,,,,,,,,,,,Minion_FindEnemies,,,MeleeBotDefault,,,,,,,,,,,nuts_bolts_metal_small,,nuts_bolts_metal_explosion,true,Gen_move_fx,,,,robo_spawn,,,robot_M_attack,,,,,,,,,,,,,,,,,,,,,,,,30,70,85,80,,,25,160,200,270,,,,,,,,,,,,,195,Medium,-80,,,,,,,,,,footstep,25,250,130,,,,,,,true,150,100,,255,255,180,,,,,,,,,,,,,,,,
CoopFastMeleeEnemy1,,,,,,,900,3000,,,,,600,400,,,,,,5,,,,,,,,,,,,Minion_FindEnemies,,,MeleeFastBotDefault,,,,,,,,,,,nuts_bolts_metal_small,,nuts_bolts_metal_explosion,true,Gen_move_fx,,,,robo_spawn,,,robot_S_attack,,,,,,,,,,,,,,,,,,,,,,,,30,,85,80,,,25,125,200,270,,,,,,,,,,,,,100,Medium,-50,,,,,,,,,,footstep,25,250,130,,,,,,,,,,,,,,,,,,,,,,,,,,,,,
CoopFastMeleeEnemy2,,,,,,,900,5400,,,,,600,720,,,,,,5,,,,,,,,,,,,Minion_FindEnemies,,,MeleeFastBotDefault,,,,,,,,,,,nuts_bolts_metal_small,,nuts_bolts_metal_explosion,true,Gen_move_fx,,,,robo_spawn,,,robot_S_attack,,,,,,,,,,,,,,,,,,,,,,,,30,,85,80,,,25,150,200,270,,,,,,,,,,,,,120,Medium,-60,,,,,,,,,,footstep,25,250,130,,,,,,,true,30,,30,255,120,255,,,,,,,,,,,,,,,,
CoopFastMeleeEnemy3,,,,,,,900,6900,,,,,600,920,,,,,,6,,,,,,,,,,,,Minion_FindEnemies,,,MeleeFastBotDefault,,,,,,,,,,,nuts_bolts_metal_small,,nuts_bolts_metal_explosion,true,Gen_move_fx,,,,robo_spawn,,,robot_S_attack,,,,,,,,,,,,,,,,,,,,,,,,30,,85,80,,,25,175,200,270,,,,,,,,,,,,,140,Medium,-70,,,,,,,,,,footstep,25,250,130,,,,,,,true,100,,,255,140,140,,,,,,,,,,,,,,,,
CoopFastMeleeEnemy4,,,,,,,900,10080,,,,,600,1120,,,,,,6,,,,,,,,,,,,Minion_FindEnemies,,,MeleeFastBotDefault,,,,,,,,,,,nuts_bolts_metal_small,,nuts_bolts_metal_explosion,true,Gen_move_fx,,,,robo_spawn,,,robot_S_attack,,,,,,,,,,,,,,,,,,,,,,,,30,,85,80,,,25,200,200,270,,,,,,,,,,,,,160,Medium,-80,,,,,,,,,,footstep,25,250,130,,,,,,,true,150,100,,255,255,180,,,,,,,,,,,,,,,,
CoopRangedEnemy1,,,,,,,750,2000,,,,,1400,630,,,30,CoopRangedEnemyProjectile,,27,,,,,,,,,,,,Minion_FindEnemies,,,RangedBotDefault,,,,,,,,,,,nuts_bolts_metal_small,,nuts_bolts_metal_explosion,true,Gen_move_fx,,,,robo_spawn,,,coop_ranged_attack,,,,,,,,,,,,,,,,,,,,,,,,30,,85,80,,,25,127,200,270,,,,,,,,,,,,,100,Medium,-49,,350,,,,,,,,footstep,25,250,130,,,,,,,,,,,,,,,,,,,,,,,,,,,,,
CoopRangedEnemy2,,,,,,,750,3600,,,,,1400,1130,,,30,CoopRangedEnemyProjectile,,27,,,,,,,,,,,,Minion_FindEnemies,,,RangedBotDefault,,,,,,,,,,,nuts_bolts_metal_small,,nuts_bolts_metal_explosion,true,Gen_move_fx,,,,robo_spawn,,,coop_ranged_attack,,,,,,,,,,,,,,,,,,,,,,,,30,,85,80,,,25,152,200,270,,,,,,,,,,,,,120,Medium,-58,,350,,,,,,,,footstep,25,250,130,,,,,,,true,30,,30,255,120,255,,,,,,,,,,,,,,,,
CoopRangedEnemy3,,,,,,,750,4600,,,,,1400,1450,,,30,CoopRangedEnemyProjectile,,27,,,,,,,,,,,,Minion_FindEnemies,,,RangedBotDefault,,,,,,,,,,,nuts_bolts_metal_small,,nuts_bolts_metal_explosion,true,Gen_move_fx,,,,robo_spawn,,,coop_ranged_attack,,,,,,,,,,,,,,,,,,,,,,,,30,,85,80,,,25,177,200,270,,,,,,,,,,,,,140,Medium,-68,,350,,,,,,,,footstep,25,250,130,,,,,,,true,100,,,255,140,140,,,,,,,,,,,,,,,,
CoopRangedEnemy4,,,,,,,750,6700,,,,,1400,1760,,,30,CoopRangedEnemyProjectile,,27,,,,,,,,,,,,Minion_FindEnemies,,,RangedBotDefault,,,,,,,,,,,nuts_bolts_metal_small,,nuts_bolts_metal_explosion,true,Gen_move_fx,,,,robo_spawn,,,coop_ranged_attack,,,,,,,,,,,,,,,,,,,,,,,,30,,85,80,,,25,203,200,270,,,,,,,,,,,,,160,Medium,-79,,350,,,,,,,,footstep,25,250,130,,,,,,,true,150,100,,255,255,180,,,,,,,,,,,,,,,,
TntPet,,,,,,,770,2400,,,,,600,400,,,30,ShotgunGirlPetProjectile,,22,320,,,,,,,,,,,Minion_FollowOwner,,,TntPetDefault,,,,,,,,,,,,,death_shotgun_girl,,Gen_move_fx,,,,,,,bear_attack,,,,,,,,,,,,,,,,,,,,,,,,30,,85,80,,,25,43,200,270,,,,,,,,,,,,,90,Medium,-11,,350,,,,,,,,footstep,25,250,160,,,,,,,,,,,,,,,,,,,,,,,,,,,,,
BlackHolePet,,,,,,,870,3000,,,,,600,800,,,,,,5,,,,,,,,,,,,Minion_FindEnemies,,,BlackholePetDefault,,,,,,,,,,,,,death_shotgun_girl,,,,,,tara_def_ulti_starPower_spawn,,,bear_attack,,,,,,,,,,,,,sparkle_trail_dark_minion,,,,,,,,,,,30,,85,80,,,25,95,200,270,,,,,,,,,,,,,90,Medium,-43,,350,,,,,,,,,25,250,160,,,,,,,,,,,,,,,,,,,,,,,,,,,,,
CoopBoss1,,,,BossRapidFire,BossCharge,,600,45000,,,,,400,600,,,,,,8,,,,,,,,,,,,Npc_Boss,,,BossBotDefault,,,,,,,,,,,nuts_bolts_metal_small,,boss_explosion,,Gen_move_fx,,,,robo_spawn,,,coop_melee_attack,,,,,,,,,,,,,,,,,,,,,,,,30,150,85,80,,,25,100,200,270,,,,,,,,,,,,,220,Medium,-110,,500,,,,,,,,footstep,60,400,160,,,,,,,,,,,,,,,,,,,,,,,,,,,,,
CoopBoss2,,,,BossRapidFire2,BossCharge,,600,55000,,,,,400,640,,,,,,9,,,,,,,,,,,,Npc_Boss,,,BossBotDefault,,,,,,,,,,,nuts_bolts_metal_small,,boss_explosion,,Gen_move_fx,,,,robo_spawn,,,coop_melee_attack,,,,,,,,,,,,,,,,,,,,,,,,30,150,85,80,,,25,120,200,270,,,,,,,,,,,,,250,Medium,-135,,500,,,,,,,,footstep,60,400,160,,,,,,,true,30,,30,255,120,255,,,,,,,,,,,,,,,,
CoopBoss3,,,,BossRapidFire3,BossCharge,,600,65000,,,,,400,680,,,,,,9,,,,,,,,,,,,Npc_Boss,,,BossBotDefault,,,,,,,,,,,nuts_bolts_metal_small,,boss_explosion,,Gen_move_fx,,,,robo_spawn,,,coop_melee_attack,,,,,,,,,,,,,,,,,,,,,,,,30,150,85,80,,,25,140,200,270,,,,,,,,,,,,,280,Medium,-160,,500,,,,,,,,footstep,60,400,160,,,,,,,true,100,,,255,140,140,,,,,,,,,,,,,,,,
TutorialExplodingBarrel,,,,,,,0,300,,,,,,,,,,,,,,,,,,,,,,,,Minion_Building,,,TntBox,,,,,,,,,ExplodingBarrelExplosion,,,,,,,,,,,,,,,,,,,,,,,,,,,,,,,,,,,,,35,,100,-100,0,0,0,95,,,,,,,,,,,,,,,145,,-59,,350,,,,,,,,footstep,25,400,160,,,,,,,,,,,,,,,,,,,,,,,,,,,,,
EventModifierBoss,,,,,,,600,22800,,,,,400,400,,,,,,7,,,,,,,,,,,,Minion_FindEnemies2,,,MeleeBotDefault,,,,,,,,,,,nuts_bolts_metal_small,,boss_explosion,,Gen_move_fx,,,,robo_spawn,,,coop_melee_attack,,,,,,,,,,,,,,,,,,,,,,,,35,,85,80,,,25,250,200,270,,,,,,,,,,,,,220,Medium,-100,,,,,,,,,,footstep,25,250,160,,,,,,,,,,,,,,,,,,,,,,,,,,,,,
RaidBoss,,,,RaidBossRapidFire,RaidBossCharge,,550,250000,,,,,400,800,,,,,,9,,,,,,,,,,,,Npc_Boss,,,BossBotDefault,,,,,,,,,,,nuts_bolts_metal_small,,boss_explosion,,Gen_move_fx,,,,robo_spawn,,,coop_boss_attack,,,,,,,,,,,,,,,,,,,,,,,,30,150,85,80,,,25,120,200,270,,,,,,,,,,,,,280,Medium,-135,,500,,,,,,,,footstep,60,400,160,,,,,,,,,,,,,,,,,,,,,,,,,,,,,
RaidBossMeleeEnemy1,,,,,,,650,3600,,,,,400,260,,,,,,5,,,,,,,,,,,,Minion_FindEnemies,,,MeleeBotDefault,,,,,,,,,,,nuts_bolts_metal_small,,nuts_bolts_metal_explosion,,Gen_move_fx,,,,robo_spawn,,,robot_M_attack,,,,,,,,,,,,,,,,,,,,,,,,30,70,85,80,,,25,100,200,270,,,,,,,,,,,,,120,Medium,-50,,,,,,,,,,footstep,25,250,130,,,,,,,,,,,,,,,,,,,,,,,,,,,,,
RaidBossMeleeEnemy2,,,,,,,650,5100,,,,,400,470,,,,,,5,,,,,,,,,,,,Minion_FindEnemies,,,MeleeBotDefault,,,,,,,,,,,nuts_bolts_metal_small,,nuts_bolts_metal_explosion,,Gen_move_fx,,,,robo_spawn,,,robot_M_attack,,,,,,,,,,,,,,,,,,,,,,,,30,70,85,80,,,25,120,200,270,,,,,,,,,,,,,145,Medium,-60,,,,,,,,,,footstep,25,250,130,,,,,,,true,30,,30,255,120,255,,,,,,,,,,,,,,,,
RaidBossMeleeEnemy3,,,,,,,650,8250,,,,,400,600,,,,,,6,,,,,,,,,,,,Minion_FindEnemies,,,MeleeBotDefault,,,,,,,,,,,nuts_bolts_metal_small,,nuts_bolts_metal_explosion,,Gen_move_fx,,,,robo_spawn,,,robot_M_attack,,,,,,,,,,,,,,,,,,,,,,,,30,70,85,80,,,25,140,200,270,,,,,,,,,,,,,170,Medium,-70,,,,,,,,,,footstep,25,250,130,,,,,,,true,100,,,255,140,140,,,,,,,,,,,,,,,,
RaidBossMeleeEnemy4,,,,,,,650,12150,,,,,400,730,,,,,,6,,,,,,,,,,,,Minion_FindEnemies,,,MeleeBotDefault,,,,,,,,,,,nuts_bolts_metal_small,,nuts_bolts_metal_explosion,,Gen_move_fx,,,,robo_spawn,,,robot_M_attack,,,,,,,,,,,,,,,,,,,,,,,,30,70,85,80,,,25,160,200,270,,,,,,,,,,,,,195,Medium,-80,,,,,,,,,,footstep,25,250,130,,,,,,,true,150,100,,255,255,180,,,,,,,,,,,,,,,,
RaidBossFastMeleeEnemy1,,,,,,,950,2250,,,,,600,400,,,,,,5,,,,,,,,,,,,Minion_FindEnemies,,,MeleeFastBotDefault,,,,,,,,,,,nuts_bolts_metal_small,,nuts_bolts_metal_explosion,,Gen_move_fx,,,,robo_spawn,,,robot_S_attack,,,,,,,,,,,,,,,,,,,,,,,,30,,85,80,,,25,125,200,270,,,,,,,,,,,,,100,Medium,-35,,,,,,,,,,footstep,25,250,130,,,,,,,,,,,,,,,,,,,,,,,,,,,,,
RaidBossFastMeleeEnemy2,,,,,,,950,4050,,,,,600,720,,,,,,5,,,,,,,,,,,,Minion_FindEnemies,,,MeleeFastBotDefault,,,,,,,,,,,nuts_bolts_metal_small,,nuts_bolts_metal_explosion,,Gen_move_fx,,,,robo_spawn,,,robot_S_attack,,,,,,,,,,,,,,,,,,,,,,,,30,,85,80,,,25,150,200,270,,,,,,,,,,,,,120,Medium,-42,,,,,,,,,,footstep,25,250,130,,,,,,,true,30,,30,255,120,255,,,,,,,,,,,,,,,,
RaidBossFastMeleeEnemy3,,,,,,,950,5175,,,,,600,920,,,,,,6,,,,,,,,,,,,Minion_FindEnemies,,,MeleeFastBotDefault,,,,,,,,,,,nuts_bolts_metal_small,,nuts_bolts_metal_explosion,,Gen_move_fx,,,,robo_spawn,,,robot_S_attack,,,,,,,,,,,,,,,,,,,,,,,,30,,85,80,,,25,175,200,270,,,,,,,,,,,,,140,Medium,-49,,,,,,,,,,footstep,25,250,130,,,,,,,true,100,,,255,140,140,,,,,,,,,,,,,,,,
RaidBossFastMeleeEnemy4,,,,,,,950,7560,,,,,600,1120,,,,,,6,,,,,,,,,,,,Minion_FindEnemies,,,MeleeFastBotDefault,,,,,,,,,,,nuts_bolts_metal_small,,nuts_bolts_metal_explosion,,Gen_move_fx,,,,robo_spawn,,,robot_S_attack,,,,,,,,,,,,,,,,,,,,,,,,30,,85,80,,,25,200,200,270,,,,,,,,,,,,,160,Medium,-56,,,,,,,,,,footstep,25,250,130,,,,,,,true,150,100,,255,255,180,,,,,,,,,,,,,,,,
RaidBossRangedEnemy1,,,,,,,800,1500,,,,,1400,630,,,40,RaidBossRangedEnemyProjectile,,27,,,,,,,,,,,,Minion_FindEnemies,,,RangedBotDefault,,,,,,,,,,,nuts_bolts_metal_small,,nuts_bolts_metal_explosion,,Gen_move_fx,,,,robo_spawn,,,coop_ranged_attack,,,,,,,,,,,,,,,,,,,,,,,,30,,85,80,,,25,127,200,270,,,,,,,,,,,,,100,Medium,-49,,350,,,,,,,,footstep,25,250,130,,,,,,,,,,,,,,,,,,,,,,,,,,,,,
RaidBossRangedEnemy2,,,,,,,800,2700,,,,,1400,1130,,,40,RaidBossRangedEnemyProjectile,,27,,,,,,,,,,,,Minion_FindEnemies,,,RangedBotDefault,,,,,,,,,,,nuts_bolts_metal_small,,nuts_bolts_metal_explosion,,Gen_move_fx,,,,robo_spawn,,,coop_ranged_attack,,,,,,,,,,,,,,,,,,,,,,,,30,,85,80,,,25,152,200,270,,,,,,,,,,,,,120,Medium,-58,,350,,,,,,,,footstep,25,250,130,,,,,,,true,30,,30,255,120,255,,,,,,,,,,,,,,,,
RaidBossRangedEnemy3,,,,,,,800,3450,,,,,1400,1450,,,40,RaidBossRangedEnemyProjectile,,27,,,,,,,,,,,,Minion_FindEnemies,,,RangedBotDefault,,,,,,,,,,,nuts_bolts_metal_small,,nuts_bolts_metal_explosion,,Gen_move_fx,,,,robo_spawn,,,coop_ranged_attack,,,,,,,,,,,,,,,,,,,,,,,,30,,85,80,,,25,177,200,270,,,,,,,,,,,,,140,Medium,-68,,350,,,,,,,,footstep,25,250,130,,,,,,,true,100,,,255,140,140,,,,,,,,,,,,,,,,
RaidBossRangedEnemy4,,,,,,,800,5040,,,,,1400,1760,,,40,RaidBossRangedEnemyProjectile,,27,,,,,,,,,,,,Minion_FindEnemies,,,RangedBotDefault,,,,,,,,,,,nuts_bolts_metal_small,,nuts_bolts_metal_explosion,,Gen_move_fx,,,,robo_spawn,,,coop_ranged_attack,,,,,,,,,,,,,,,,,,,,,,,,30,,85,80,,,25,203,200,270,,,,,,,,,,,,,160,Medium,-79,,350,,,,,,,,footstep,25,250,130,,,,,,,true,150,100,,255,255,180,,,,,,,,,,,,,,,,
RoboWarsBase,,,,,,,0,25000,,,,,500,700,,,,RoboWarsBaseProjectile,,35,,,,,,,,,,,,Pvp_Base,,,RoboWarsBaseDefault,,,,,,,,,,,nuts_bolts_metal_small,,siege_base_destroyed,,,,,,,,,siege_base_attack,,,,,,,,,,,,,,,,,,,,,,,,40,,100,-100,0,0,0,550,,,,,,,,,,,,,,,160,Medium,-75,,300,,,,,,,,footstep,25,400,160,,,,,,,,,,,,,,,,,,,,,,,,,,,,,
RoboWarsBox,,,,,,,0,4000,,,,,,,,,,,,,,,,,,,,,,,,LootBox,,,RoboWarsBox,,,,,,,,,,,,,Gen_wood_explosion,,,,,,robo_wars_box_spawn,,,,,,,,,,,,,,,,,,,,,,,,,,,35,,100,-100,0,0,0,,,,,,,,,,,,,,,,145,Medium,-40,,350,,,,,,,,footstep,25,400,160,,,,,,,,,,,,,,,,,,,,,,,,,,,,,
RoboWarsRobo,,,,,,,650,32000,,,,,400,350,,,,,,6,,,,,,,,,,,,RoboWars,,,MeleeBotDefault,,,,,,,,,,,nuts_bolts_metal_small,,explosion_generic_small,true,Gen_move_fx,,,,robo_spawn,,,coop_melee_attack,,,,,,,,,,,,,,,,,,,,,,,,35,,85,80,,,25,250,200,270,,,,,,,,,,,,,220,Medium,-110,,,,,,,,,,footstep,25,250,160,,,,,,,,,,,,,,,,,,,,,,,,,,,,,
TrainingDummySmall,,,,,,,0,1500,,,,,,,,,,,,12,,,,,,,,,,,,Minion_Building_charges_ulti,,,MeleeFastBotDefault,,,,,,,,,,,minion_hit_damage,,minion_death_explosion_01,true,Gen_move_fx,,,,robo_spawn,,,robot_S_attack,,,,,,,,,,,,,,,,,,,,,,,,35,,80,80,,,35,125,,,,,,,,,,,,,,,120,Medium,-35,,350,,,,,,,,footstep,25,400,160,,,,,,,,,,,,,,,,,,,,,,,,,,,,,
TrainingDummyMedium,,,,,,,0,4000,,,,,,,,,,,,12,,,,,,,,,,,,Minion_Building_charges_ulti,,,MeleeBotDefault,,,,,,,,,,,minion_hit_damage,,minion_death_explosion_03,true,Gen_move_fx,,,,robo_spawn,,,robot_M_attack,,,,,,,,,,,,,,,,,,,,,,,,35,,80,80,,,35,100,,,,,,,,,,,,,,,120,Medium,-50,,350,,,,,,,,footstep,25,400,160,,,,,,,,,,,,,,,,,,,,,,,,,,,,,
TrainingDummyBig,,,,,,,0,100000,,,,,,,,,,,,12,,,,,,,,,,,,Minion_Building_charges_ulti,,,BossBotDefault,,,,,,,,,,,minion_hit_damage,,minion_death_explosion_04,true,Gen_move_fx,,,,robo_spawn,,,coop_boss_attack,,,,,,,,,,,,,,,,,,,,,,,,35,,80,80,,,35,100,,,,,,,,,,,,,,,220,Medium,-110,,350,,,,,,,,footstep,25,400,160,,,,,,,,,,,,,,,,,,,,,,,,,,,,,
TrainingDummyShooting,,,,,,,0,4000,,,,,1400,500,,,,CoopRangedEnemyProjectile,,20,,,,,,,,,,,,Minion_Building_charges_ulti,,,RangedBotDefault,,,,,,,,,,,minion_hit_damage,,minion_death_explosion_02,true,Gen_move_fx,,,,robo_spawn,,,coop_ranged_attack,,,,,,,,,,,,,,,,,,,,,,,,50,,85,80,,,25,127,200,270,,,,,,,,,,,,,120,Medium,-49,,350,,,,,,,,footstep,25,250,130,,,,,,,,,,,,,,,,,,,,,,,,,,,,,
Train0,,,,,,,0,1,,,,,,,,,,,,,,,,,,,,,,,,Train,,,MineCart,,,,,,,,,,,,,,,Gen_move_fx,,,,,,,,,,,,,,,,,,,,,,,,,,,,,,,,,80,80,,,25,250,,,,,,,,,,,,,,,200,,,,,,,,,,,,,130,50,,,,,,,,,,,,,,,,,,,,,,,,,,,,,,
Train1,,,,,,,0,1,,,,,,,,,,,,,,,,,,,,,,,,Train,,,MineCartB,,,,,,,,,,,,,,,Gen_move_fx,,,,,,,,,,,,,,,,,,,,,,,,,,,,,,,,,80,80,,,25,250,,,,,,,,,,,,,,,200,,,,,,,,,,,,,130,50,,,,,,,,,,,,,,,,,,,,,,,,,,,,,,
Train2,,,,,,,0,1,,,,,,,,,,,,,,,,,,,,,,,,Train,,,MineCartC,,,,,,,,,,,,,,,Gen_move_fx,,,,,,,,,,,,,,,,,,,,,,,,,,,,,,,,,80,80,,,25,250,,,,,,,,,,,,,,,200,,,,,,,,,,,,,130,50,,,,,,,,,,,,,,,,,,,,,,,,,,,,,,
Train3,,,,,,,0,1,,,,,,,,,,,,,,,,,,,,,,,,Train,,,MineCartD,,,,,,,,,,,,,,,Gen_move_fx,,,,,,,,,,,,,,,,,,,,,,,,,,,,,,,,,80,80,,,25,250,,,,,,,,,,,,,,,200,,,,,,,,,,,,,130,50,,,,,,,,,,,,,,,,,,,,,,,,,,,,,,
Train4,,,,,,,0,1,,,,,,,,,,,,,,,,,,,,,,,,Train,,,MineCartE,,,,,,,,,,,,,,,Gen_move_fx,,,,,,,,,,,,,,,,,,,,,,,,,,,,,,,,,80,80,,,25,250,,,,,,,,,,,,,,,200,,,,,,,,,,,,,130,50,,,,,,,,,,,,,,,,,,,,,,,,,,,,,,
ClusterBombPet,,,,,,,1200,1600,,,,,1000,2000,,,,,,,,,,,1,,,,,,,Minion_FindEnemies,,,ClusterBombPetDefault,,,,,,,OverchargeActivePet_Tick,,ClusterBombPetExplosion,ClusterBombPetOverchargedExplosion,nuts_bolts_metal_small,,kit_def_ulti_explosion,,,,,,tick_def_ulti_spawn,tick_def_oc_pet_spawn,,,,,,,,,,,,,,,,,,,,,,,,,,,,85,80,,,25,150,200,270,,,,,,,,,,,,,90,Medium,-43,,,,,,,,,,,25,250,,,,,,,,,,,,,,,,,,,,,,,,,,,,,,
BlackHolePet2,,,,,,,870,2400,,,,,600,400,,,,BlackHolePet2Projectile,,15,,,,,,,,,,,,Minion_FindEnemies,,,BlackholePetDefault,,,,,,,,,,,,,death_shotgun_girl,,,,,,tara_def_ulti_starPower_spawn,,,,,,,,,,,,,,,,sparkle_trail_dark_minion,,,,,,,,,,,30,,85,80,,,25,95,200,270,,,,,,,,,,,,,90,Medium,-43,,350,,,,,,,,,25,250,160,,,,,,,,,,,,,,,,,,,,,,,,,,,,,
49c039b18c82880638cd3ba472dc5db3e8cc6f8b,,true,shelly,ShotgunGirlWeapon,ShotgunGirlUlti,,770,3700,,,,,,,,,,,,12,,,,,134,60,30,0,5,25,25,Hero,,,BanditGirlDefault,MasteryShotgunGirl,,,,,,,,,,takedamage_gen,,death_shotgun_girl,true,Gen_move_fx,reload_shotgun_girl,No_ammo_shotgungirl,Dry_fire_shotgungirl,,,,,,,,,,,,,,,,,,,Shelly_Kill,Shelly_Lead,Shelly_Start,Utilshotgun_Vo,ShellyTakedamge_Vo,Shelly_Die,,Shelly_Start,2,30,,80,80,,,35,116,210,284,90,175,260,290,,,,,,-400,-25,40,120,Medium,-48,,450,,,TID_SHOTGUN_GIRL,,sc/ui.sc,hero_icon_shelly,1000,footstep,25,250,200,,,1,3,2,,,,,,,,,,,ShellyTutorial,,,,,,,4,3,2,,,,
DamageBooster,,,,,,,0,2800,,,,,,,,,,,,12,,,,,,,,,,,,Minion_Building,,,DamageBoosterDefault,,,,,,,,DamageBoost,,,nuts_bolts_metal_small,,nuts_bolts_metal_explosion,,,,,,8bit_def_ulti_spawn,,,,,,,,,,,,,,,,,,,,,,,,,,,,,75,75,,,25,180,220,300,,,,,,,1400,-500,,,,,120,Medium,-49,,300,,,,,,,,footstep,25,400,160,,,,,,,,,,,,,,,,,,,,,,,,,,,,,
4028aae4a6bbbdea17608222005fefc028ff7c45,,true,shelly,ShotgunGirlWeapon,ShotgunGirlUlti,,770,3700,,,,,,,,,,,,12,,,,,134,60,30,0,5,25,25,Hero,,,BanditGirlDefault,MasteryShotgunGirl,,,,,,,,,,takedamage_gen,,death_shotgun_girl,true,Gen_move_fx,reload_shotgun_girl,No_ammo_shotgungirl,Dry_fire_shotgungirl,,,,,,,,,,,,,,,,,,,Shelly_Kill,Shelly_Lead,Shelly_Start,Utilshotgun_Vo,ShellyTakedamge_Vo,Shelly_Die,,Shelly_Start,2,30,,80,80,,,35,116,210,284,90,175,260,290,,,,,,-400,-25,40,120,Medium,-48,,450,,,TID_SHOTGUN_GIRL,,sc/ui.sc,hero_icon_shelly,1000,footstep,25,250,200,,,1,3,2,,,,,,,,,,,ShellyTutorial,,,,,,,4,3,2,,,,
BossRaceBoss,,,,BossRaceBossRapidFire,BossRaceBossCharge,,500,220000,,,,,400,800,,,,,,9,,,,,,,,,,,,Npc_Boss,,,BossRaceBossDefault,,,,,,,,,,,nuts_bolts_metal_small,,boss_explosion,,Gen_move_fx,,,,robo_spawn,,,coop_melee_attack,,,,,,,,,,,,,,,,,,,,,,,,30,150,85,80,,,25,160,200,270,,,,,,,,,,,,,280,Medium,-130,,500,,,,,,,,footstep,60,400,160,,,,,,,,,,,,,,,,,,,,,,,,,,,,,
SpawnerDudeTurret,,,,,,SpawnerPet,0,2500,,,,,,,,,,,,40,,,,,,,,,,,,Minion_Building,,,SpawnerDudeTurretDefault,,,,,,,,,,,nuts_bolts_metal_small,,nuts_bolts_metal_explosion,,,,,,,,,,,,,,,,,,,,,,,,,,,,,,,,,35,,75,75,,,25,130,180,243,,,,,,,1000,-1400,,,,,120,Medium,-32,,150,,,,,,,,footstep,25,400,160,,,,,,,,,,,,,,,,,,,,4,,,,,,,,,
SpawnerDudeTurret002,,,,,,SpawnerPet002,0,2500,,,,,,,,,,,,40,,,,,,,,,,,,Minion_Building,,,SpawnerDudeTurretDefault,,,,,,,,,,,nuts_bolts_metal_small,,nuts_bolts_metal_explosion,,,explosion_pengula,,,,,,,,,,,,,,,,,,,,,,,,,,,,,,35,,75,75,,,25,130,180,243,,,,,,,1000,-1400,,,,,120,Medium,-32,,150,,,,,,,,footstep,25,400,160,,,,,,,,,,,,,,,,,,,,4,,,,,,,,,
SpawnerDudeTurret003,,,,,,SpawnerPet003,0,2500,,,,,,,,,,,,40,,,,,,,,,,,,Minion_Building,,,SpawnerDudeTurretDefault,,,,,,,,,,,nuts_bolts_metal_small,,nuts_bolts_metal_explosion,,,explosion_pengula,,,,,,,,,,,,,,,,,,,,,,,,,,,,,,35,,75,75,,,25,130,180,243,,,,,,,1000,-1400,,,,,120,Medium,-32,,150,,,,,,,,footstep,25,400,160,,,,,,,,,,,,,,,,,,,,4,,,,,,,,,
SpawnerPet,,,,,,,1000,1400,,,,,700,260,,,,SpawnerPetProjectile,,14,,,,,1,,,,,,,Minion_FindEnemies,,,SpawnerPetDefault,,,,,,,,,,,,,mrp_def_pet_death,,Gen_move_fx,,,,nita_def_ulti_spawn,,,,,,,,,,,,,,,,,,,,,,,,,,,30,,85,80,,,25,150,200,280,,,,,,,500,-1250,,,,,145,Medium,-35,,100,,,,,,,,footstep,25,250,160,,,,,,,,,,,,,,,,,,true,,,,,,,,,,,
SpawnerPet002,,,,,,,1000,1400,,,,,700,260,,,,SpawnerPet002Projectile,,14,,,,,100,,,,,,,Minion_FindEnemies,,,SpawnerPetDefault,,,,,,,,,,,,,mrp_def_pet_death,,Gen_move_fx,explosion_pengula,,,,,,,,,,,,,,,,,,,,,,,,,,,,,,30,,85,80,,,25,150,200,280,,,,,,,500,-1250,,,,,145,Medium,-35,,100,,,,,,,,footstep,25,250,160,,,,,,,,,,,,,,,,,,true,,,,,,,,,,,
SpawnerPet003,,,,,,,1000,1400,,,,,700,260,,,,SpawnerPet003Projectile,,14,,,,,100,,,,,,,Minion_FindEnemies,,,SpawnerPetDefault,,,,,,,,,,,,,mrp_def_pet_death,,Gen_move_fx,explosion_pengula,,,,,,,,,,,,,,,,,,,,,,,,,,,,,,30,,85,80,,,25,150,200,280,,,,,,,500,-1250,,,,,145,Medium,-35,,100,,,,,,,,footstep,25,250,160,,,,,,,,,,,,,,,,,,true,,,,,,,,,,,
037424c2385e031824f496c787e2ab8f473b70f8,,true,shelly,ShotgunGirlWeapon,ShotgunGirlUlti,,770,3700,,,,,,,,,,,,12,,,,,134,60,30,0,5,25,25,Hero,,,BanditGirlDefault,MasteryShotgunGirl,,,,,,,,,,takedamage_gen,,death_shotgun_girl,true,Gen_move_fx,reload_shotgun_girl,No_ammo_shotgungirl,Dry_fire_shotgungirl,,,,,,,,,,,,,,,,,,,Shelly_Kill,Shelly_Lead,Shelly_Start,Utilshotgun_Vo,ShellyTakedamge_Vo,Shelly_Die,,Shelly_Start,2,30,,80,80,,,35,116,210,284,90,175,260,290,,,,,,-400,-25,40,120,Medium,-48,,450,,,TID_SHOTGUN_GIRL,,sc/ui.sc,hero_icon_shelly,1000,footstep,25,250,200,,,1,3,2,,,,,,,,,,,ShellyTutorial,,,,,,,4,3,2,,,,
CaptureFlag,,,,,,,0,150,,,,,,,,,,,,,,,,,,,,,,,,Carryable,CaptureFlag,,CtfGift,,,,,,,,,,,,,mode_gift_goal,,,mode_gift_destoryed,,,,,,,,,,,,,,,,,,,,,,,,,,,,,,,,80,80,,,25,100,,,,,,,,,,,,,,,140,Medium,-30,,,,,,,,,,,,,160,,,,,,,,,,,,,,,,,,,,,,,,,,,,,
Bee,,,,,,,0,1,,,,,,,,,,,,,,,,,,,,,,,,Minion_FollowOwner,,,BeeSniperDefaultAddonBee,,,,,,,,,,,,,,,,,,,,,,,,,,,,,,,,,,,,,,,,,,,,,,,,80,80,,,25,116,200,320,90,190,270,270,,,,,,,,,,,,,,,,,,,,,,,,,,,,,,,,,,,,,,,,,,,,,,,,,,,,,
NinjaFake,,,,,,,820,3200,,,,,,,,,,,,12,,,,,,,,,,,,Minion_Mirage,,,NinjaDefault,,,,,,,,,,,takedamage_gen,,death_ninja,,Gen_move_fx,reload_leon,No_ammo_shotgungirl,Dry_fire_leon,,,,,,,,,,,,,,,,,,,Leon_kill_vo,Leon_lead_vo,Leon_start_vo,Leon_ulti_vo,Leon_hurt_vo,Leon_die_vo,,,,50,,80,80,,,35,116,190,330,80,150,270,270,,,,,,,,,120,Medium,-55,,450,,,,,,,,footstep,25,250,130,,,3,2,1,,,,,,,,,,,LeonTutorial,,,,,,,4,2,3,,,,
BeeSniperSlowPot,,,,,,,0,1000,30,,,,,,,,,,,12,,,,,,,,,,,,Minion_Building,,,BeeSniperSlowPotDefault,,,,,,,,BeeSniperSlowArea,,,nuts_bolts_metal_small,,nuts_bolts_metal_explosion,,,,,,gadget_bea_honeypot_spawn,,,,,,,,,,,,,,,,,,,,,,,,,,,,,75,75,,,25,120,220,300,,,,,,,1400,-500,,,,,120,Medium,-49,,300,,,,,,,,footstep,25,400,160,,,,,,,,,,,,,,,,,,,,,,,,,,,,,
BowDudeTotem,,,,,,,0,1000,50,,,,,,,,,,,12,,,,,,,,,,,,Minion_Building,,,BowDudeTotemDefault,,,,,,,,BowDudeSuperChargeArea,,,nuts_bolts_metal_small,,nuts_bolts_metal_explosion,,,,,,gadget_bo_totem_spawn,,,,,,,,,,,,,,,,,,,,,,,,,,,,,75,75,,,25,120,220,300,,,,,,,1400,-500,,,,,120,Medium,-49,,300,,,,,,,,footstep,25,400,160,,,,,,,,,,,,,,,,,,,,,,,,,,,,,
ControllerAddon,,,,,,,0,1,,,,,,,,,,,,,,,,,,,,,,,,Minion_FollowOwner,,,ControllerDefaultAddon,,,,,,,,,,,,,,,,,,,,,,,,,,,,,,,,,,,,,,,,,,,,,,,,80,80,,,25,116,210,300,90,175,270,270,,,,,,,,,,,,,,,,,,,,,,,,,,,,,,,,,,,,,,,,,,,,,,,,,,,,,
RaidBoss_TownCrush,,,,BossTownCrushAoE,BossTownCrushCharge,,550,150000,,,,,400,800,,,,RaidBossTCBasicAttackProjectile,,9,,,,,,,,,,,,Npc_Boss_TownCrush,,,BossKaijuDefault,,,,,,,,,,,nuts_bolts_metal_small,,boss_explosion,,Gen_move_fx,,,,robo_spawn,,,mode_tc_boss_atk_melee,,,,,,,,,,,,,,,,,,,,,,,,30,150,85,80,,,25,100,200,270,,,,,,,,,,,,,280,Medium,-130,,500,,,,,,,,footstep,60,400,160,,,,,,,,,,,,,,,,,,,,,,,,,,,,,
RuffsCover,,,,,,,0,1500,,,,,,,,,,,,12,,true,,,,,,,,,,Minion_Building,,,RuffsCoverDefault,,true,,,,,,,,,nuts_bolts_metal_small,,nuts_bolts_metal_explosion,,,,,,gadget_bo_totem_spawn,,,,,,,,,,,,,,,,,,,,,,,,,,,,,75,75,,,25,300,,,,,,,,,1400,-500,,,,,120,Medium,-33,,300,,,,,,,,footstep,25,400,160,,,,,,,,,,,,,,,,,,,,,,,,,,,,,
BlackHolePetGadget,,,,,,,870,540,,,,,600,335,,,,,,5,,,,,,,,,,,,Minion_FindEnemies,,,BlackholePetDefault,,,,,,,,,,,,,death_shotgun_girl,,,,,,tara_def_ulti_starPower_spawn,,,bear_attack,,,,,,,,,,,,,sparkle_trail_dark_minion,,,,,,,,,,,30,,85,80,,,25,95,200,270,,,,,,,,,,,,,90,Medium,-43,,350,,,,,,,,,25,250,160,,,,,,,,,,,,,,,,,,,,,,,,,,,,,
SpeedBooster,,,,,,,0,1000,30,,,,,,,,,,,12,,,,,,,,,,,,Minion_Building,,,SpeedBoosterDefault,,,,,,,,SpeedBoost,,,nuts_bolts_metal_small,,nuts_bolts_metal_explosion,,,,,,8bit_def_ulti_spawn,,,,,,,,,,,,,,,,,,,,,,,,,,,,,75,75,,,25,250,220,300,,,,,,,1400,-500,,,,,120,Medium,-49,,300,,,,,,,,footstep,25,400,160,,,,,,,,,,,,,,,,,,,,,,,,,,,,,
SpawnerPetGadget,,,,,,,800,700,,,,,700,200,,,,SpawnerPetProjectile,,14,,,,,1,,,,,,,Minion_FindEnemies,,,SpawnerPetDefault,,,,,,,,,,,,,mrp_def_pet_death,,Gen_move_fx,,,,nita_def_ulti_spawn,,,,,,,,,,,,,,,,,,,,,,,,,,,30,,85,80,,,25,100,200,280,,,,,,,500,-1250,,,,,145,Medium,-35,,100,,,,,,,,footstep,25,250,160,,,,,,,,,,,,,,,,,,true,,,,,,,,,,,
HoldingBall,,,,,,,0,100,,,,,,,,,,,,,,,,,,,,,,,,Carryable,HoldingBall,,Trophy,,,,,,,,,,,,,mode_gift_destoryed,,,,,,,,,,,,,,,,,,,,,,,,,,,,,,,,,,,50,50,,,25,100,,,,,,,,,,,,,,,200,Medium,-60,,,,,,,,,,,,,160,,,,,,,,,,,,,,,,,,,,,,,,,,,,,
VolleyBall,,,,,,,0,1,,,,,,,,,,,,,,,,,,,,,,,,Carryable,VolleyBall,,Volleyball,,,,,,,,,,,,,laser_ball_goal,,,,,,,,,,,,,,,,,,,,,,,,,,,,,,,,,,,50,50,,,25,100,,,,,,,,,,,,,,,320,Medium,-30,,,,,,,,,,,,,160,,,,,,,,,,,,,,,,,,,,,,,,,,,,,
BasketBall,,,,,,,0,1,,,,,,,,,,,,,,,,,,,,,,,,Carryable,BasketBall,,Basketball,,,,,,,,,,,,,mode_gift_destoryed,,,,,,,,,,,,,,,,,,,,,,,,,,,,,,,,,,,50,50,,,25,100,,,,,,,,,,,,,,,120,Medium,-30,,,,,,,,,,,,,160,,,,,,,,,,,,,,,,,,,,,,,,,,,,,
CactusCover,,,,,,,0,1750,,,,,,,,,,,,12,,,,,,,,,,,,Minion_Building,,,CactusCoverDefault,,,,,,,,,CactusCoverHeal,,gadget_spike_cactus_damaged,,gadget_spike_cactus_destroyed,,,,,,gadget_bo_totem_spawn,,,,,,,,,,,,,,,,,,,,,,,,,,,,,75,75,,,25,120,220,300,,,,,,,1400,-500,,,,,120,Medium,-49,,300,,,,,,,,footstep,25,400,160,,,,,,,,,,,,,,,,,,,,,,,,,,,,,
NinjaInvisibleArea,,,,,,,0,1500,50,,,,,,,,,,,12,,,,,,,,,,,,Minion_Building,,,NinjaInvisibleAreaDefault,,,,,,,,NinjaInvisibleArea,,,nuts_bolts_metal_small,,nuts_bolts_metal_explosion,,,,,,gadget_bo_totem_spawn,,,,,,,,,,,,,,,,,,,,,,,,,,,,,75,75,,,25,120,220,300,,,,,,,1400,-500,,,,,120,Medium,-49,,300,,,,,,,,footstep,25,400,160,,,,,,,,,,,,,,,,,,,,,,,,,,,,,
StuDrums,,,,,,,0,1,,,,,,,,,,,,,,,,,,,,,,,,Minion_Building,,,,,,,,,,,,,,,,,,,,,,,,,,,,,,,,,,,,,,,,,,,,,,,,,,,,,,,,,,,,,,,,,,,,,,,,,,,,,,,,,,,,,,,,,,,,,,,,,,,,,,,,,,,,,,,,,,,
KnightPet,,,,,,,1200,300,,,,,1000,300,,,,,,,,,,,1,,,,,,,Minion_FindEnemies,,,KnightPetDefault,,,,,,,,,KnightPetExplosion,,nuts_bolts_metal_small,,nuts_bolts_metal_explosion,,,,,,ash_def_ulti_spawn,,,,,,,,,,,,,,,,,,,,,,,,,,,,,85,80,,,25,200,200,270,,,,,,,,,,,,,90,Medium,-43,,,,,,,,,,,25,250,,,,,,,,,,,,,,,,,,,,,,,,,,,,,,
MechaDudeBig,,,,MechaDudeBigWeapon,MechaDudeBigUlti,,720,3700,,,,,,,,,,,,12,,,,,,,,,,,,Hero,,,MechaDudeBigDefault,,,,,,,,,,,takedamage_gen,,mecha_def_ulti2_death,true,Gen_move_fx,Meg_Reload,No_ammo_shotgungirl,Meg_Dryfire,,,,,,,,,,,,,,,,,,,,,,,,,,,0,45,200,80,80,,,35,116,190,300,80,150,270,270,,,200,-1000,,,,80,145,Medium,-80,,450,,,TID_MECHA_DUDE,,sc/ui.sc,hero_icon_meg,100,footstep,35,350,160,,,2,3,1,,,,,,,,,,,,,,,,,,4,3,2,,2,,
DuplicatorPet,,,,DuplicatorWeapon,DuplicatorUlti,,720,2000,,,,,,,,,,,,6,,,,,,,,,,,,Minion_Duplicate,,,DuplicatorDefault,,,,,,,,,,,,,death_bull_dude,,Gen_move_fx,,,,nita_def_ulti_spawn,,,bear_attack,,,,,,,,,,,,,,,,,,,,,,,,30,,85,80,,,25,106,200,280,,,,,,,500,-1250,,,,,145,Medium,-63,,100,,,,,,,,footstep,25,250,160,,,,,,,,,,,,,,,,,,,,,,,,,,,,,
MechaDudeAddon,,,,,,,0,1,,,,,,,,,,,,,,,,,,,,,,,,Minion_FollowOwner,,,MechaDudeBigDefaultAddon,,,,,,,,,,,,,,,,,,,,,,,,,,,,,,,,,,,,,,,,,,,,,,,,80,80,,,35,100,100,200,90,190,250,250,,,,,,,,,,,,,,,,,,,,,,,,,,,,,,,,,,,,,,,,,,,,,,,,,,,,,
f12191a373cbc743d1f7554b27999006a017d2eb,,true,shelly,ShotgunGirlWeapon,ShotgunGirlUlti,,770,3700,,,,,,,,,,,,12,,,,,134,60,30,0,5,25,25,Hero,,,BanditGirlDefault,MasteryShotgunGirl,,,,,,,,,,takedamage_gen,,death_shotgun_girl,true,Gen_move_fx,reload_shotgun_girl,No_ammo_shotgungirl,Dry_fire_shotgungirl,,,,,,,,,,,,,,,,,,,Shelly_Kill,Shelly_Lead,Shelly_Start,Utilshotgun_Vo,ShellyTakedamge_Vo,Shelly_Die,,Shelly_Start,2,30,,80,80,,,35,116,210,284,90,175,260,290,,,,,,-400,-25,40,120,Medium,-48,,450,,,TID_SHOTGUN_GIRL,,sc/ui.sc,hero_icon_shelly,1000,footstep,25,250,200,,,1,3,2,,,,,,,,,,,ShellyTutorial,,,,,,,4,3,2,,,,
CrossBomberVisionTower,,,,,,,0,1500,50,,,,,,,,,,,12,,,,,,,,,,,,Minion_Building,,,CrossBomberVisionTowerDefault,,,,,,,,CrossBomberVisionArea,,,nuts_bolts_metal_small,,nuts_bolts_metal_explosion,,,,,,8bit_def_ulti_spawn,,,,,,,,,,,,,,,,,,,,,,,,,,,,,75,75,,,25,180,220,300,,,,,,,1400,-500,,,,,120,Medium,-49,,300,,,,,,,,footstep,25,400,160,,,,,,,,,,,,,,,,,,,,,,,,,,,,,
SafeVoxel,,,,,,,0,40000,,,,,700,,,,,,,20,,,,,,,,,,,,Pvp_Base,,,SafeVoxel,,,,,,,,,,,nuts_bolts_metal_small_voxel,,safe_explosion,,,,,,,,,,,,,,,,,,,,,,,,,,,,,,,,,,,100,-100,0,0,0,84,,,,,,,,,,,,,,,160,Medium,-75,,300,,,,,,,,footstep,25,400,160,,,,,,,,,,,,,,,,,,,,,,,,,,,,,
FleaBigEgg,,,,,,FleaPet,0,1900,,,100,,4000,,3,AlwaysSpread,,FleaSpawnProjectile,,13,,,,,,,,,,,,Minion_Building,,,FleaBigEggDefault,,,,,,,,,,,nuts_bolts_metal_small,,nuts_bolts_metal_explosion,,,,,,tara_def_ulti_starPower_spawn,,,,,,,,,,,,,,,,,,,,,,,,,,,35,,75,75,,,25,250,180,243,,,,,,,1000,-1400,,,,,120,Medium,-45,,150,,,,,,,,footstep,25,400,160,,,,,,,,,,,,,,,,,,,10,,,,,,,,5,,
FleaPet,,,,FleaPetWeapon,FleaPetUltiDummy,,1000,1700,100,,,,,,,,,,,,,,,,1,,,,,,,Minion_FindEnemies,,,FleaPetDefault,,,,,,,,,,,,,electricity_end_blue,,Gen_move_fx,,,,tara_def_ulti_starPower_spawn,,,bear_attack,,,,,,,,,,,,,,,,,,,,,,,,30,,85,80,,,25,100,200,280,,,,,,,500,-1250,,,,,145,Medium,-63,,100,,,,,,,,footstep,25,250,160,,,,,,,,,,,,,,,,,,true,,,,,,,,,6,800,4
FleaHealingPet,,,,FleaPetWeapon,FleaPetUltiDummy,,1000,1700,100,,,,,,,,,,,,,,,,1,,,,,,,Minion_FindEnemies,,,FleaPetDefault,,,,,,,,,,,,,electricity_end_blue,,Gen_move_fx,,,,tara_def_ulti_starPower_spawn,,,bear_attack,,,,,,,,,,,,,,,,,,,,,,,,30,,85,80,,,25,50,200,280,,,,,,,500,-1250,,,,,145,Medium,-63,,100,,,,,,,,footstep,25,250,160,,,,,,,,,,,,,,,,,,true,,,,,,,,,6,-1000,4
Payload,,,,,,,0,1,,,,,,,,,,,,,,,,,,,,,,,,Payload,,,PayloadDefault,,true,,,,,,,,,,,,,Gen_move_fx,,,,,,,,,,,,,,,,,,,,,,,,,,,,,,,,,80,80,,,25,250,,,,,,,,,,,,,,,160,,,,,,,,,,,,,130,50,,,,,,,,,,,,,,,,,,,,,,,,,,,,,,
FleaExtraPet,,,,FleaPetWeapon,FleaPetUltiDummy,,1000,500,100,,,,,,,,,,,,,,,,1,,,,,,,Minion_FindEnemies,,,FleaPetDefault,,,,,,,,,,,,,electricity_end_blue,,Gen_move_fx,,,,tara_def_ulti_starPower_spawn,,,bear_attack,,,,,,,,,,,,,,,,,,,,,,,,30,,85,80,,,25,70,200,280,,,,,,,500,-1250,,,,,145,Medium,-63,,100,,,,,,,,footstep,25,250,160,,,,,,,,,,,,,,,,,,true,,,,,,,,,6,400,2
CannonGirlSmall,,,,CannonGirlSmallWeapon,CannonGirlSmallUlti,,820,3000,,,,,,,,,,,,12,,,,,0,0,,,,,,Hero,,,CannonGirlSmallDefault,,,,,,,,,,,takedamage_gen,,death_ninja,true,Gen_move_fx,reload_leon,No_ammo_shotgungirl,Dry_fire_leon,,,,,,,,,,,,,,,,,,,Bonnie2_Kill_VO,Bonnie2_Lead_VO,,,Bonnie2_Hurt_VO,Bonnie2_Die_VO,,Bonnie2_Kill_VO,3,35,,80,80,,,35,116,200,270,90,180,260,260,,,,,,,-50,,120,Medium,-52,,500,,,TID_CANNON_GIRL,,sc/ui.sc,hero_icon_bonnie,300,footstep,25,500,100,,,2,3,1,,,,,,,,,250,,,,,,,,,,,,,7,,
JetpackGirlDamageTower,,,,,,,0,1000,100,,,,,,,,,,,12,,,,,,,,,,,,Minion_Building,,,JetpackGirlDamageTowerDefault,,,,,,,,JetpackGirlGadgetDamageArea,,,nuts_bolts_metal_small,,nuts_bolts_metal_explosion,,,,,,gadget_bo_totem_spawn,,,,,,,,,,,,,,,,,,,,,,,,,,,,,75,75,,,25,120,220,300,,,,,,,1400,-500,,,,,120,Medium,-49,,300,,,,,,,,footstep,25,400,160,,,,,,,,,,,,,,,,,,,,,,,,,,,,,
InvasionMeleeEnemy,,,,,,,600,16000,33,,,,400,260,,,,,,5,,,,,,,,,,,,Minion_Invasion,,,MeleeBotDefault,,,,,,,,,,,nuts_bolts_metal_small,,nuts_bolts_metal_explosion,true,Gen_move_fx,,,,,,,coop_melee_attack,,,,,,,,,,,,,,,,,,,,,,,,30,70,85,80,,,25,100,200,270,,,,,,,,,,,,,120,Medium,-50,,,,,,,,,,footstep,25,250,130,,,,,,,,,,,,,,,,,,,,,,,,,,,,1,
InvasionFastMeleeEnemy,,,,,,,900,8000,33,,,,600,400,,,,,,5,,,,,,,,,,,,Minion_Invasion,,,MeleeFastBotDefault,,,,,,,,,,,nuts_bolts_metal_small,,nuts_bolts_metal_explosion,true,Gen_move_fx,,,,,,,coop_fast_melee_attack,,,,,,,,,,,,,,,,,,,,,,,,30,,85,80,,,25,125,200,270,,,,,,,,,,,,,100,Medium,-35,,,,,,,,,,footstep,25,250,130,,,,,,,,,,,,,,,,,,,,,,,,,,,,1,
InvasionRangedEnemy,,,,,,,770,6000,33,,,,1400,630,,,30,CoopRangedEnemyProjectile,,27,,,,,,,,,,,,Minion_Invasion,,,RangedBotDefault,,,,,,,,,,,nuts_bolts_metal_small,,nuts_bolts_metal_explosion,true,Gen_move_fx,,,,,,,coop_ranged_attack,,,,,,,,,,,,,,,,,,,,,,,,30,,85,80,,,25,127,200,270,,,,,,,,,,,,,100,Medium,-49,,350,,,,,,,,footstep,25,250,130,,,,,,,,,,,,,,,,,,,,,,,,,,,,1,
InvasionBossEnemy,,,,BossRapidFire,BossCharge,,1000,35000,33,,,,400,600,,,,,,8,,,,,,,,,,,,Minion_Invasion,,,MeleeBotDefault,,,,,,,,,,,nuts_bolts_metal_small,,boss_explosion,true,Gen_move_fx,,,,,,,coop_melee_attack,,,,,,,,,,,,,,,,,,,,,,,,30,150,85,80,,,25,100,200,270,,,,,,,,,,,,,220,Medium,-110,,500,,,,,,,,footstep,60,400,160,,,,,,,,,,,,,,,,,,,,,,,,,,,,3,
MechaDudeReloadTower,,,,,,,0,1500,50,,,,,,,,,,,12,,,,,,,,,,,,Minion_Building,,,MechaDudeReloadTowerDefault,,,,,,,,MechaDudeReloadTowerArea,,,nuts_bolts_metal_small,,nuts_bolts_metal_explosion,,,,,,gadget_bo_totem_spawn,,,,,,,,,,,,,,,,,,,,,,,,,,,,,75,75,,,25,120,220,300,,,,,,,1400,-500,,,,,120,Medium,-49,,300,,,,,,,,footstep,25,400,160,,,,,,,,,,,,,,,,,,true,,,,,,,,,,,
SafeDeepsea,,,,,,,0,40000,,,,,700,,,,,,,20,,,,,,,,,,,,Pvp_Base,,,SafeDeepsea,,,,,,,,,,,nuts_bolts_metal_small_voxel,,safe_explosion,,,,,,,,,,,,,,,,,,,,,,,,,,,,,,,,,,,100,-100,0,0,0,84,,,,,,,,,,,,,,,160,Medium,-75,,300,,,,,,,,footstep,25,400,160,,,,,,,,,,,,,,,,,,,,,,,,,,,,,
Starfish,,,,,,,0,1,,,,,,,,,,,,,,,,,,,,,,,,Minion_FollowOwner,,,SilencerDefaultAddonStarfish,,,,,,,,,,,,,,,,,,,,,,,,,,,,,,,,,,,,,,,,,,,,,,,,80,80,,,25,116,200,320,90,190,270,270,,,,,,,,,,,,,,,,,,,,,,,,,,,,,,,,,,,,,,,,,,,,,,,,,,,,,
ArtilleryDudeCover,,,,,,,0,1500,,,,,,,,,,,,12,,,,,,,,,,,,Minion_Building,,,ArtilleryDudeCoverDefault,,,,,,,,,,,gadget_spike_cactus_damaged,,gadget_spike_cactus_destroyed,,,,,,gadget_bo_totem_spawn,,,,,,,,,,,,,,,,,,,,,,,,,,,,,75,75,,,25,100,220,300,,,,,,,1400,-500,,,,,120,Medium,-49,,300,,,,,,,,footstep,25,400,160,,,,,,,,,,,,,,,,,,true,,,,,,,,,8,100,
BossBot,,,,BossRapidFire,BossCharge,,1000,35000,33,,,,400,600,,,,,,8,,,,,,,,,,,,Minion_Invasion,,,BossBotDefault,,,,,,,,,,,nuts_bolts_metal_small,,boss_explosion,,Gen_move_fx,,,,,,,coop_melee_attack,,,,,,,,,,,,,,,,,,,,,,,,30,150,85,80,,,25,100,200,270,,,,,,,,,,,,,220,Medium,-110,,500,,,,,,,,footstep,60,400,160,,,,,,,,,,,,,,,,,,,,,,,,,,,,3,
MeleeBot,,,,BossRapidFire,BossCharge,,1000,35000,33,,,,400,600,,,,,,8,,,,,,,,,,,,Minion_Invasion,,,MeleeBotDefault,,,,,,,,,,,nuts_bolts_metal_small,,boss_explosion,true,Gen_move_fx,,,,,,,coop_melee_attack,,,,,,,,,,,,,,,,,,,,,,,,30,150,85,80,,,25,100,200,270,,,,,,,,,,,,,220,Medium,-50,,500,,,,,,,,footstep,60,400,160,,,,,,,,,,,,,,,,,,,,,,,,,,,,3,
RangedBot,,,,,,,770,6000,33,,,,1400,630,,,30,CoopRangedEnemyProjectile,,27,,,,,,,,,,,,Minion_Invasion,,,RangedBotDefault,,,,,,,,,,,nuts_bolts_metal_small,,nuts_bolts_metal_explosion,true,Gen_move_fx,,,,,,,coop_ranged_attack,,,,,,,,,,,,,,,,,,,,,,,,30,,85,80,,,25,127,200,270,,,,,,,,,,,,,100,Medium,-49,,350,,,,,,,,footstep,25,250,130,,,,,,,,,,,,,,,,,,,,,,,,,,,,1,
MeleeFastBot,,,,,,,900,8000,33,,,,600,400,,,,,,5,,,,,,,,,,,,Minion_Invasion,,,MeleeFastBotDefault,,,,,,,,,,,nuts_bolts_metal_small,,nuts_bolts_metal_explosion,true,Gen_move_fx,,,,,,,coop_fast_melee_attack,,,,,,,,,,,,,,,,,,,,,,,,30,,85,80,,,25,125,200,270,,,,,,,,,,,,,100,Medium,-65,,,,,,,,,,footstep,25,250,130,,,,,,,,,,,,,,,,,,,,,,,,,,,,1,
LastStandMinion,,,,ArcadeWeapon,ArcadeUlti,,580,12000,,,,,,,,,,,,12,,,,,106,,,,,,,Minion_LastStand,,,ArcadeDefault,,,,,,,,,,,takedamage_gen,,death_arcade,true,Gen_move_fx,reload_arcade,No_ammo_shotgungirl,arcade_dryfire,,,,,,,,,,,,,,,,,,,8bit_kill_vo,8bit_lead_vo,8bit_start_vo,8bit_ulti_vo,8bit_hurt_vo,8bit_die_vo,,8bit_start_vo,2,57,,80,80,,,35,116,240,300,80,210,240,240,true,,-500,,,,,80,145,Medium,-43,,450,,,TID_ARCADE,,sc/ui.sc,hero_icon_8bit,0,footstep,30,400,130,,,1,3,2,,,,,,,,,,,,,,,,,,5,1,3,,,,
SplitterLegs,,,,SplitterLegsWeapon,SplitterUlti,,580,3900,,,,,,,,,,,,,,,,,106,,,,,,,Minion_Building,,,SplitterLegsDefault,,,,,,,,,,,takedamage_gen,,death_arcade,true,Gen_move_fx,reload_arcade,No_ammo_shotgungirl,arcade_dryfire,,,,,,,,,,,,,,,,,,,,,,,,,,,,,,80,80,,,35,116,240,300,80,210,240,240,true,,-500,,,,,80,145,Medium,-43,,450,,,TID_SPLITTER,,sc/ui.sc,hero_icon_8bit,0,footstep,30,400,130,,,,,,,,,,,,,,,,,,,,,,,,,,,13,2,30
CocoonerCocoon,,,,,,,0,4200,200,,,,,,,,,,,,,,,,,,,,,,,Minion_Building,,,CocoonerCocoonDefault,,,,,,,,,,,nuts_bolts_metal_small,,nuts_bolts_metal_explosion,,,,,,tara_def_ulti_starPower_spawn,,,,,,,,,,,,,,,,,,,,,,,,,,,35,,75,75,,,25,100,180,243,,,,,,,1000,-1400,,,,,120,Medium,-45,,150,,,,,,,,footstep,25,400,160,,,,,,,,,,,,,,,,,,,10,,,,,,,,20,200,
CocoonerPet,,,,CocoonerPetWeapon,CocoonerPetUltiDummy,,1000,700,100,,,,,,,,,,,,,,,,,,,,,,,Minion_FindEnemies,,,CocoonerPetDefault,,,,,,,,,,,,,electricity_end_blue,,Gen_move_fx,,,,tara_def_ulti_starPower_spawn,,charlie_def_gadget_spider,,,,,,,,,,,,,,,,,,,,,,,,,30,,85,80,,,25,220,200,280,,,,,,,500,-1250,,,,,145,Medium,-15,,100,,,,,,,,footstep,25,250,160,,,,,,,,,,,,,,,,,,true,,,,,,,,,,,
PercenterPet,,,,PercenterWeapon,PercenterUlti,,720,3400,,,,,,,,,,,,12,,,,,,,,,,,,Minion_Percenter,,,PercenterDefault,,,,,,,,,,,takedamage_gen,,death_mechanic,,Gen_move_fx,reload_mechanic,No_ammo_shotgungirl,dry_fire_mechanic,,,,,,,,,,,,,,,,,,,Colette_Kill_VO,Colette_Lead_VO,Colette_Start_VO,Colette_Ulti_VO,Colette_Hurt_VO,Colette_Die_VO,,Colette_Start_VO,5,35,,80,80,,,35,116,210,284,,,,,,,,,,,,,120,Medium,-48,,400,,,,,,,500,footstep,40,300,160,,,,,,,,,,,,,,,,,,,,,,,,,,,,,
MultiLaserBall,,,,,,,0,1,,,,,,,,,,,,,,,,,,,,,,,,Carryable,LaserBall,,BallDefault,,,,,,,,,,,,,laser_ball_goal,,,,,,robo_spawn,,,,,,,,,,,,,,,,,,,,,,,,,,,,,80,80,,,25,179,,,,,,,,,,,,,,,120,,0,,,,,,,,,,,,,160,,,,,,,,,,,,,,,,,,,,,,,,,,,,,
TwinsPet,,,,TwinsWeaponShotgun,TwinsUltiDummy,,770,3000,,,,,,,,,,,,20,,,,,,,,,,,,Minion_Twin,,,TwinsPetDefault,,,,,,,,,,,takedamage_gen,,death_barkeep,true,Gen_move_fx,reload_barkeep,No_ammo_shotgungirl,dry_fire_barkeep,twin_def_ulti_spawn,,,,,,,,,,,,,,,,,,,,,,,,,,,50,,80,80,,,35,116,200,285,95,170,260,260,true,,-500,,,,,,120,Medium,-59,,350,,,,,,,,footstep,25,350,165,,,,,,,,,,,,,,,,,,,,,,,,,,,,,
ExtractionRangedEnemy,,,,,,,770,6000,,,,,1400,630,,,30,CoopRangedEnemyProjectile,,27,,,,,,,,,,,,Minion_Invasion,,,RangedBotDefault,,,,,,,,,,,nuts_bolts_metal_small,,nuts_bolts_metal_explosion,true,Gen_move_fx,,,,,,,coop_ranged_attack,,,,,,,,,,,,,,,,,,,,,,,,30,,85,80,,,25,127,200,270,,,,,,,,,,,,,100,Medium,-49,,350,,,,,,,,footstep,25,250,130,,,,,,,,,,,,,,,,,,,,,,,,,,,,1,
ExtractionMeleeEnemy,,,,,,,600,10000,,,,,400,260,,,,,,5,,,,,,,,,,,,Minion_Invasion,,,MeleeBotDefault,,,,,,,,,,,nuts_bolts_metal_small,,nuts_bolts_metal_explosion,true,Gen_move_fx,,,,,,,coop_melee_attack,,,,,,,,,,,,,,,,,,,,,,,,30,70,85,80,,,25,100,200,270,,,,,,,,,,,,,120,Medium,-50,,,,,,,,,,footstep,25,250,130,,,,,,,,,,,,,,,,,,,,,,,,,,,,1,
ExtractionFastMeleeEnemy,,,,,,,900,8000,,,,,600,400,,,,,,5,,,,,,,,,,,,Minion_Invasion,,,MeleeFastBotDefault,,,,,,,,,,,nuts_bolts_metal_small,,nuts_bolts_metal_explosion,true,Gen_move_fx,,,,,,,coop_fast_melee_attack,,,,,,,,,,,,,,,,,,,,,,,,30,,85,80,,,25,125,200,270,,,,,,,,,,,,,100,Medium,-35,,,,,,,,,,footstep,25,250,130,,,,,,,,,,,,,,,,,,,,,,,,,,,,1,
TrophyCritter,,,,,,,1200,4000,,,,,,,,,,,,,,,,,,,,,,,,Minion_Critter,,,TrophyCritterDefault,,,,,,,,,,,nuts_bolts_metal_small,,nuts_bolts_metal_explosion,true,Gen_move_fx,,,,,,,,,,,,,,,,,,,,Gen_Trail_small,,,,,,,,,,,,,85,80,,,25,200,200,270,,,,,,,,,,,,,90,Medium,-43,,,,,,,,,,footstep,25,250,,,,,,,,,,,,,,,,,,,,,,,,,,,,,3,
ExplodingTank,,,,,,,0,6000,,,,,,,,,,,,,,,,,,,,,,,,Minion_Building,,,ExplodingTank,,,,,,,,,ExplodingTankExplosion,,,,,,,,,,,,,,,,,,,,,,,,,,,,,,,,,,,,,,,80,80,,,35,106,,,,,,,,,,,,,,,145,Medium,-50,,350,,,,,,,,footstep,25,400,160,,,,,,,,,,,,,,,,,,,,,,,,,,,,,
Godzilla,,,,GodzillaWeapon1,GodzillaUlti,,500,15000,,,,,,,,,,,,12,,,,,100,100,,,,,,Hero,,,GodzillaDefault,,,,,,,,,,,takedamage_gen,,death_shotgun_girl,true,Gen_move_fx,reload_shotgun_girl,No_ammo_shotgungirl,Dry_fire_shotgungirl,,,bibi_def_atk_hit,,,,,,,,,,,,,,,,Shelly_Kill,Shelly_Lead,Shelly_Start,Utilshotgun_Vo,ShellyTakedamge_Vo,Shelly_Die,,Shelly_Start,2,20,,80,80,,,35,100,100,100,90,100,100,100,,,,,,-400,-25,40,280,Medium,-160,,450,,,,,,,0,footstep,60,400,100,,,,,,true,,,,,,,,,,,,,,,,,,,,,26,1,
