{
  "Offers": [
    {
      "Rewards": [
        {
          "ItemType": 3,
          "Amount": 1,
          "BrawlerID": [16, 80],
          "Extra": 1
        },
        {
          "ItemType": 50,
          "Amount": 8,
          "BrawlerID": [1, 80],
          "Extra": 21
        }
      ],
      "Currency": 0,
      "Cost": 11,
      "Time": 172800,
      "Claim": false,
      "DailyOffer": false,
      "OldPrice": 250,
      "Text": "сиа сасет хуи",
      "Background": "offer_bgr_madevil",
      "Processed": false,
      "TypeBenefit": 1,
      "Benefit": 5,
      "OneTimeOffer": false,
      "BigOffer": true,
      "ShopPanelLayouts": 2,
      "ShopStyleSets": 0,
      "OfferID": 0,
      "OfferID": 1411
    }
  ]
}