{
  "Offers": [
    {
      "Rewards": [
        {
          "ItemType": 3,
          "Amount": 1,
          "BrawlerID": [16, 80],
          "Extra": 1
        },
        {
          "ItemType": 50,
          "Amount": 8,
          "BrawlerID": [1, 80],
          "Extra": 21
        }
      ],
      "Currency": 0,
      "Cost": 11,
      "Time": 172800,
      "Claim": false,
      "DailyOffer": false,
      "OldPrice": 250,
      "Text": "Special Halloween Offer!",
      "Background": "offer_bgr_madevil",
      "Processed": false,
      "TypeBenefit": 1,
      "Benefit": 5,
      "OneTimeOffer": false,
      "BigOffer": true,
      "ShopPanelLayouts": 2,
      "ShopStyleSets": 0,
      "OfferID": 1411
    },
    {
      "Rewards": [
        {
          "ItemType": 10,
          "Amount": 500,
          "BrawlerID": null,
          "Extra": 0
        },
        {
          "ItemType": 5,
          "Amount": 100,
          "BrawlerID": null,
          "Extra": 0
        }
      ],
      "Currency": 1,
      "Cost": 20,
      "Time": 86400,
      "Claim": false,
      "DailyOffer": true,
      "OldPrice": 30,
      "Text": "Daily Gem Pack!",
      "Background": "offer_bgr_gems",
      "Processed": false,
      "TypeBenefit": 2,
      "Benefit": 3,
      "OneTimeOffer": false,
      "BigOffer": false,
      "ShopPanelLayouts": 1,
      "ShopStyleSets": 1,
      "OfferID": 2023
    },
    {
      "Rewards": [
        {
          "ItemType": 7,
          "Amount": 3,
          "BrawlerID": null,
          "Extra": 0
        },
        {
          "ItemType": 3,
          "Amount": 1,
          "BrawlerID": [2, 10],
          "Extra": 2
        }
      ],
      "Currency": 0,
      "Cost": 15,
      "Time": 259200,
      "Claim": false,
      "DailyOffer": false,
      "OldPrice": 45,
      "Text": "Exclusive Skin Offer!",
      "Background": "offer_bgr_skins",
      "Processed": false,
      "TypeBenefit": 3,
      "Benefit": 7,
      "OneTimeOffer": true,
      "BigOffer": true,
      "ShopPanelLayouts": 3,
      "ShopStyleSets": 2,
      "OfferID": 3030
    },
    {
      "Rewards": [
        {
          "ItemType": 6,
          "Amount": 1,
          "BrawlerID": [15],
          "Extra": 1
        },
        {
          "ItemType": 8,
          "Amount": 5,
          "BrawlerID": null,
          "Extra": 0
        }
      ],
      "Currency": 1,
      "Cost": 50,
      "Time": 604800,
      "Claim": false,
      "DailyOffer": false,
      "OldPrice": 70,
      "Text": "Mega Token Bundle!",
      "Background": "offer_bgr_megatokens",
      "Processed": false,
      "TypeBenefit": 4,
      "Benefit": 10,
      "OneTimeOffer": true,
      "BigOffer": true,
      "ShopPanelLayouts": 2,
      "ShopStyleSets": 3,
      "OfferID": 4040
    }
  ]
}
