"Name","Variation","Disabled","ShortName","TID","ChatSuggestionItemName","GameModeRoomIconName","GameModeIconName","BannerOverrideSWF","BannerOverrideExportName","SquareBannerOverrideSWF","SquareBannerOverrideExportName","MaxScore","ScoreSfx","OpponentScoreSfx","ScoreText","ScoreOpponentText","ScoreTextEnd","ScoreOpponentTextEnd","ScoreVO","OpponentScoreVO","VictoryVO","DefealtVO","FriendlyMenuOrder","IntroText","IntroDescText","IntroDescText2","OvertimeText","OvertimeVO","PlayerCountInfo","StartNotification","EndNotification","Color","BgColor","FallbackPlayerMapEnvironment","TeamEntryItemName","PanelTeamOnlineName","HasModeSpecificQuest","MaxDamage","MaxHealing","CustomValue1"
"string","int","Boolean","String","string","string","string","string","string","string","string","string","int","string","string","string","string","string","string","string","string","string","string","int","string","string","string","string","string","string","String","String","string","string","string","string","string","boolean","int","int","int"
"GemGrab",0,,"GemGrab","TID_GAME_MODE_0","chat_letsplay_gemgrab","event_gameroom_gemgrab","event_icon_gemgrab",,,,"event_gemgrab_banner_square",,,,,,,,,,,,1,"TID_GAME_MODE_0","TID_COIN_RUSH_INTRO_TEXT","TID_GEMGRAB DOUBLE_MINE_INTRO_TEXT","TID_OVERTIME",,"TID_EVENT_POPUP_GMV_LABEL_TEAM","CoinRushStart",,"0xffd852ff","0xff9A3DF3","MineEnvironment","event_teamentry_gemgrab","panel_team_online_gemgrab","false",,,
"Deleted1",1,"TRUE","Del1",,,,"event_icon_gemgrab",,,,,,,,,,,,,,,,,,,,"TID_OVERTIME",,,,,,,,,,,,,
"Heist",2,,"Heist","TID_GAME_MODE_2","chat_letsplay_heist","event_gameroom_heist","event_icon_heist",,,,,,,,,,,,,,,,3,"TID_GAME_MODE_2","TID_ATTACK_DEFEND_INTRO_TEXT_ATTACK","TID_ATTACK_DEFEND_INTRO_TEXT_DEFEND","TID_OVERTIME",,"TID_EVENT_POPUP_GMV_LABEL_TEAM","AttackDefendStart",,"0xffd852ff","0xffD65CD3","DefaultEnvironment","event_teamentry_heist","panel_team_online_heist","true",,,
"Bounty",3,,"Bounty","TID_GAME_MODE_3","chat_letsplay_wanted","event_gameroom_wanted","event_icon_wanted",,,,,20,,,,,,,,,,,4,"TID_GAME_MODE_3","TID_BOUNTY_HUNTER_INTRO_TEXT",,"TID_OVERTIME",,"TID_EVENT_POPUP_GMV_LABEL_TEAM","BountyStart",,"0xff24d6ff","0xff00CFFF","DefaultEnvironment","event_teamentry_wanted","panel_team_online_wanted","false",,,
"Deleted2",4,"TRUE","Del 2",,,,"event_icon_gemgrab",,,,,,,,,,,,,,,,,,,,"TID_OVERTIME",,,,,,,,,,,,,
"BrawlBall",5,,"BrawlBall","TID_GAME_MODE_5","chat_letsplay_brawlball","event_gameroom_brawlball","event_icon_brawlball",,,,"event_brawlball_banner_square",2,"Brawlbawl_goal","Brawlbawl_other_goal","TID_GOAL","TID_GOAL","TID_GOAL_MATCH_OVER","TID_GOAL_MATCH_OVER","Announcer_goal_vo","Announcer_goal_vo","Deathmatch_Victory_VO","Deathmatch_Defeat_VO",5,"TID_GAME_MODE_5","TID_LASER_BALL_INTRO_TEXT",,"TID_OVERTIME","Announcer_overtime_vo","TID_EVENT_POPUP_GMV_LABEL_TEAM","LaserBallStart",,"0xff9ab1fd","0xff8CA0E0","GrassfieldEnvironment","event_teamentry_brawlball","panel_team_online_brawlball","false",,,
"Showdown",6,,"Solo SD","TID_GAME_MODE_6","chat_letsplay_survival","event_gameroom_survival","event_icon_survival",,,"sc/events.sc","event_survival_banner_square",,,,,,,,,,,,2,"TID_GAME_MODE_6","TID_BATTLE_ROYALE_INTRO_TEXT",,"TID_OVERTIME",,"TID_EVENT_POPUP_GMV_LABEL_BATTLE_ROYALE","BRStart",,"0xff91e136","0xff81D621","DefaultEnvironment","event_teamentry_survival","panel_team_online_survival","true",,,
"BigGame",7,,"BigGame","TID_GAME_MODE_7","chat_letsplay_bossmode","event_gameroom_bossmode","event_icon_bossmode","sc/events.sc","event_boss_banner","sc/events.sc","event_boss_banner_square",,,,,,,,,,,,10,"TID_GAME_MODE_7","TID_BOSS_INTRO_TEXT_ATTACK","TID_BOSS_INTRO_TEXT_DEFEND","TID_OVERTIME",,"TID_EVENT_POPUP_GMV_LABEL_BOSS_FIGHT","BossStart",,"0xffff6847","0xffDC2423",,"event_teamentry_bossmode","panel_team_online_bossmode",,5000,3000,
"RoboRumble",8,,"RoboR","TID_GAME_MODE_8","chat_letsplay_coop","event_gameroom_coop","event_icon_coop","sc/ui.sc","event_coop_banner","sc/events.sc","event_coop_banner_square",,,,,,,,,,,,11,"TID_GAME_MODE_8","TID_COOP_INTRO_TEXT",,"TID_OVERTIME",,"TID_EVENT_POPUP_GMV_LABEL_COOP_SURVIVAL","CoopStart",,"0xffff6847","0xffDC2423",,"event_teamentry_coop","panel_team_online_coop",,,,
"DuoShowdown",9,,"Duo SD","TID_GAME_MODE_9","chat_letsplay_teamsurvival","event_gameroom_teamsurvival","event_icon_teamsurvival",,,,"event_teamsurvival_banner_square",,,,,,,,,,,,,"TID_GAME_MODE_9","TID_BATTLE_ROYALE_TEAM_INTRO_TEXT",,"TID_OVERTIME",,"TID_EVENT_POPUP_GMV_LABEL_BATTLE_ROYALE_TEAM",,,"0xff91e136","0xff81D621","DefaultEnvironment","event_teamentry_teamsurvival","panel_team_online_teamsurvival","true",,,
"BossFight",10,,"BossF","TID_GAME_MODE_10","chat_letsplay_raid","event_gameroom_raid","event_icon_raid","sc/ui.sc","event_raid_banner","sc/events.sc","event_raid_banner_square",,,,,,,,,,,,12,"TID_GAME_MODE_10","TID_RAID_BOSS_INTRO_TEXT",,"TID_OVERTIME",,"TID_EVENT_POPUP_GMV_LABEL_RAID_BOSS","RaidBossStart",,"0xffff6847","0xffDC2423",,"event_teamentry_raid","panel_team_online_raid",,,,
"Siege",11,"TRUE","Siege","TID_GAME_MODE_11","chat_letsplay_robowars","event_gameroom_robowars","event_icon_robowars","sc/events.sc","event_robowars_banner","sc/events.sc","event_robowars_banner_square",,,,,,,,,,,,7,"TID_GAME_MODE_11","TID_ROBO_WARS_INTRO_TEXT",,"TID_OVERTIME",,"TID_EVENT_POPUP_GMV_LABEL_TEAM","RoboWarsStart",,"0xffff6847","0xffF05031","ScrapyardEnvironment","event_teamentry_robowars","panel_team_online_robowars",,,,
"Tutorial",12,,"Tutorial",,,,"event_icon_gemgrab",,,,,,,,,,,,,,,,,,,,"TID_OVERTIME",,,,,,,,,,,,,
"Training",13,,"Training",,,,"event_icon_gemgrab",,,,,,,,,,,,,,,,,,,,"TID_OVERTIME",,,,,,,,,,,,,
"Takedown",14,,"TakeD","TID_GAME_MODE_14","chat_letsplay_takedown","event_gameroom_takedown","event_icon_takedown","sc/events.sc","event_takedown_banner","sc/events.sc","event_takedown_banner_square",,,,,,,,,,,,8,"TID_GAME_MODE_14","TID_BOSS_RACE_INTRO_TEXT",,"TID_OVERTIME",,"TID_EVENT_POPUP_GMV_LABEL_ALL_VS_ALL","TakedownStart",,"0xff3891ff","0xffB606B0",,"event_teamentry_takedown","panel_team_online_takedown",,,,
"LoneStar",15,"TRUE","LoneS","TID_GAME_MODE_15","chat_letsplay_lone_star","event_gameroom_lonestar","event_icon_lone_star","sc/events.sc","event_lone_star_banner","sc/events.sc","event_lone_star_banner_square",,,,,,,,,,,,9,"TID_GAME_MODE_15","TID_BOUNTY_HUNTER_INTRO_TEXT",,"TID_OVERTIME",,"TID_EVENT_POPUP_GMV_LABEL_ALL_VS_ALL","LoneStarStart",,"0xffe24e5a","0xff56CDEA",,"event_teamentry_lonestar","panel_team_online_lonestar",,,,
"CTF",16,,"PresentP","TID_GAME_MODE_16","chat_letsplay_ctf","event_gameroom_ctf","event_icon_ctf",,,,,2,"Brawl_xmas_flag_win","Brawl_xmas_flag_lose","TID_CTF_GOAL","TID_CTF_GOAL","TID_CTF_GOAL_MATCH_OVER","TID_CTF_GOAL_MATCH_OVER",,,"Deathmatch_Victory_VO","Deathmatch_Defeat_VO",6,"TID_GAME_MODE_16","TID_CTF_INTRO_TEXT",,"TID_OVERTIME","Announcer_overtime_vo","TID_EVENT_POPUP_GMV_LABEL_TEAM","CTFStart",,"0xff2ef3e0","0xff00DA48",,"event_teamentry_ctf","panel_team_online_ctf",,,,
"KingOfHill",17,,"HotZone","TID_GAME_MODE_17","chat_letsplay_king_of_hill","event_gameroom_king_of_hill","event_icon_king_of_hill",,,,,100,,,,,,,,,,,13,"TID_GAME_MODE_17","TID_KING_OF_HILL_INTRO_TEXT",,"TID_OVERTIME",,"TID_EVENT_POPUP_GMV_LABEL_TEAM","KOHStart",,"0xffff4343","0xffE33B50","DefaultEnvironment","event_teamentry_king_of_hill","panel_team_online_king_of_hill","true",,,
"BossFight_TownCrush",18,"TRUE","Rampage","TID_GAME_MODE_18","chat_letsplay_rampage","event_gameroom_rampage","event_icon_rampage","sc/ui.sc","event_rampage_banner","sc/events.sc","event_rampage_banner_square",,,,,,,,,,,,14,"TID_GAME_MODE_18","TID_RAID_BOSS_INTRO_TEXT",,"TID_OVERTIME",,"TID_EVENT_POPUP_GMV_LABEL_RAID_BOSS_TOWN_CRUSHER","TownCrusherStart",,"0xffff6847","0xffDC2423",,"event_teamentry_rampage","panel_team_online_rampage",,,,
"ProtectKing",19,"TRUE","ProtectKing","TID_GAME_MODE_19","chat_letsplay_heist","event_gameroom_heist","event_icon_heist",,,,"event_heist_banner_square",,,,,,,,,,,,3,"TID_GAME_MODE_19","TID_PROTECT_KING_INTRO_TEXT",,"TID_OVERTIME",,"TID_EVENT_POPUP_GMV_LABEL_TEAM","AttackDefendStart",,"0xffd852ff","0xff9A3DF3",,"event_teamentry_heist","panel_team_online_heist",,,,
"Knockout",20,,"Knockout","TID_GAME_MODE_20","chat_letsplay_knockout","event_gameroom_knockout","event_icon_knockout",,,,"event_knockout_banner_square",2,,,,,,,,,,,15,"TID_GAME_MODE_20","TID_KNOCKOUT_INTRO_TEXT",,"TID_OVERTIME",,"TID_EVENT_POPUP_GMV_LABEL_TEAM","KnockoutStart",,"0xfffd9b0e","0xffF7831C","DefaultEnvironment","event_teamentry_knockedout","panel_team_online_knockedout","false",,,
"HoldTheBall",21,"TRUE","HoldTheBall","TID_GAME_MODE_21","chat_letsplay_holdthetrophy","event_gameroom_holdthetrophy","event_icon_holdthetrophy","sc/events.sc","event_holdthetrophy_banner","sc/events.sc","event_holdthetrophy_banner_square",100,,,,,,,,,,,16,"TID_GAME_MODE_21","TID_HOLD_THE_BALL_INTRO_TEXT",,"TID_OVERTIME",,"TID_EVENT_POPUP_GMV_LABEL_TEAM","KnockoutStart",,"0xfffd9b0e","0xffE337C1",,"event_teamentry_holdthetrophy","panel_team_online_holdthetrophy",,,,
"BasketBrawl",22,,"BasketBrawl","TID_GAME_MODE_22","chat_letsplay_basketbrawl","event_gameroom_basketbrawl","event_icon_basketbrawl","sc/events.sc","event_basketball_banner","sc/events.sc","event_basketbrawl_banner_square",5,"Basketbrawl_goal","Basketbrawl_other_goal","TID_HOOP_GOAL","TID_HOOP_GOAL","TID_HOOP_GOAL_MATCH_OVER","TID_HOOP_GOAL_MATCH_OVER","Announcer_goal_vo","Announcer_goal_vo","Deathmatch_Victory_VO","Deathmatch_Defeat_VO",17,"TID_GAME_MODE_22","TID_BASKET_BRAWL_INTRO_TEXT",,"TID_OVERTIME","Announcer_overtime_vo","TID_EVENT_POPUP_GMV_LABEL_TEAM","KnockoutStart",,"0xff2fc4f9","0xff2FC4F9",,"event_teamentry_basketbrawl","panel_team_online_basketbrawl",,,,
"VolleyBrawl",23,,"VolleyBrawl","TID_GAME_MODE_23","chat_letsplay_volleybrawl","event_gameroom_volleybrawl","event_icon_volleybrawl",,,,,2,"Volleybrawl_goal","Volleybrawl_other_goal","TID_TEAM_GOAL","TID_OPPONENT_GOAL","TID_TEAM_GOAL_MATCH_OVER","TID_OPPONENT_GOAL_MATCH_OVER","Announcer_goal_vo","Announcer_goal_vo","Deathmatch_Victory_VO","Deathmatch_Defeat_VO",18,"TID_GAME_MODE_23","TID_VOLLEY_BRAWL_INTRO_TEXT",,"TID_OVERTIME",,"TID_EVENT_POPUP_GMV_LABEL_TEAM","KnockoutStart",,"0xffc2ed00","0xffB8FB26",,"event_teamentry_volleybrawl","panel_team_online_volleybrawl",,,,
"TagTeam",24,,"TagTeam","TID_GAME_MODE_24","chat_letsplay_tagteam","event_gameroom_tagteam","event_icon_tagteam",,,"sc/events.sc","event_tagteam_banner_square",3,,,,,,,,,,,19,"TID_GAME_MODE_24","TID_TAG_TEAM_INTRO_TEXT",,"TID_OVERTIME",,"TID_EVENT_POPUP_GMV_LABEL_DUEL","TagTeamStart",,"0xffc2ed00","0xffB8FB26",,"event_teamentry_tagteam","panel_team_online_tagteam",,,,
"Deathmatch",25,,"Deathmatch","TID_GAME_MODE_25","chat_letsplay_teamdeathmatch","event_gameroom_teamdeathmatch","event_icon_teamdeathmatch",,,"sc/events.sc","event_teamdeathmatch_banner_square",10,,,,,,,,,"Deathmatch_Victory_VO","Deathmatch_Defeat_VO",20,"TID_GAME_MODE_25","TID_DEATHMATCH_INTRO_TEXT",,"TID_OVERTIME",,"TID_EVENT_POPUP_GMV_LABEL_TEAM","DeathmatchStart",,"0xff24d6ff","0xff00CFFF",,"event_teamentry_teamdeathmatch","panel_team_online_teamdeathmatch",,,,
"Payload",26,,"Payload","TID_GAME_MODE_26","chat_letsplay_payload","event_gameroom_payload","event_icon_payload",,,"sc/events.sc","event_payload_banner_square",100,,,,,,,,,,,21,"TID_GAME_MODE_26","TID_PAYLOAD_INTRO_TEXT",,"TID_OVERTIME_PAYLOAD","Announcer_overtime_vo","TID_EVENT_POPUP_GMV_LABEL_TEAM","PayloadStart",,"0xffff4343","0xffE33B50",,"event_teamentry_payload","panel_team_online_payload",,,,
"Invasion",27,"TRUE","Invasion","TID_GAME_MODE_27","chat_letsplay_invasion","event_gameroom_invasion","event_icon_invasion",,,"sc/events.sc","event_invasion_banner_square",8,,,,,,,,,,,22,"TID_GAME_MODE_27","TID_INVASION_INTRO_TEXT",,"TID_OVERTIME",,"TID_EVENT_POPUP_GMV_LABEL_TEAM","InvasionStart",,"0xffff4343","0xffE33B50",,"event_teamentry_invasion","panel_team_online_invasion",,,,
"DeathmatchFFA",28,,"DeathmatchFFA","TID_GAME_MODE_28","chat_letsplay_wipeoutmax","event_gameroom_wipeoutmax","event_icon_wipeoutmax",,,"sc/events.sc","event_wipeoutmax_banner_square",6,,,,,,,,,"Deathmatch_Victory_VO","Deathmatch_Defeat_VO",23,"TID_GAME_MODE_28","TID_DEATHMATCH_FFA_INTRO_TEXT",,"TID_OVERTIME",,"TID_EVENT_POPUP_GMV_LABEL_ALL_VS_ALL","DeathmatchFFAStart",,"0xfffd9b0e","0xffE337C1",,"event_teamentry_wipeoutmax","panel_team_online_wipeoutmax",,,,
"LastStand",29,"TRUE","LastStand","TID_GAME_MODE_29","chat_letsplay_laststand","event_gameroom_laststand","event_icon_laststand",,,"sc/events.sc","event_laststand_banner_square",,,,,,,,,,,,24,"TID_GAME_MODE_29","TID_GAME_MODE_29_INTRO_TEXT",,"TID_OVERTIME",,"TID_EVENT_POPUP_GMV_LABEL_COOP_SURVIVAL","CoopStart",,"0xffff6847","0xffDC2423",,"event_teamentry_laststand","panel_team_online_laststand",,,,
"ReachExit",30,"TRUE","ReachExit","TID_GAME_MODE_29","chat_letsplay_laststand","event_gameroom_invasion","event_icon_invasion",,,"sc/events.sc","event_invasion_banner_square",,,,,,,,,,,,25,"TID_GAME_MODE_29","TID_GAME_MODE_29_INTRO_TEXT",,"TID_OVERTIME",,"TID_EVENT_POPUP_GMV_LABEL_COOP_SURVIVAL","CoopStart",,"0xffff6847","0xffDC2423",,"event_teamentry_invasion","panel_team_online_invasion",,,,
"Deathmatch5v5",31,,"Deathmatch5v5","TID_GAME_MODE_31","chat_letsplay_teamdeathmatch_5v5","event_gameroom_teamdeathmatch_5v5","event_icon_teamdeathmatch_5v5",,,,"event_gameroom_teamdeathmatch_5v5_square",20,,,,,,,,,"Deathmatch_Victory_VO","Deathmatch_Defeat_VO",20,"TID_GAME_MODE_31","TID_DEATHMATCH_INTRO_TEXT",,"TID_OVERTIME",,"TID_EVENT_POPUP_GMV_LABEL_5V5","DeathmatchStart",,"0xff24d6ff","0xff00CFFF",,"event_teamentry_teamdeathmatch_5v5","panel_team_online_teamdeathmatch_5v5","false",,,
"BrawlBall5v5",32,,"BrawlBall5v5","TID_GAME_MODE_32","chat_letsplay_brawlball_5v5","event_gameroom_brawlball_5v5","event_icon_brawlball_5v5",,,,"event_gameroom_brawlball_5v5_square",2,"Brawlbawl_goal","Brawlbawl_other_goal","TID_GOAL","TID_GOAL","TID_GOAL_MATCH_OVER","TID_GOAL_MATCH_OVER","Announcer_goal_vo","Announcer_goal_vo","Deathmatch_Victory_VO","Deathmatch_Defeat_VO",5,"TID_GAME_MODE_32","TID_LASER_BALL_INTRO_TEXT",,"TID_OVERTIME","Announcer_overtime_vo","TID_EVENT_POPUP_GMV_LABEL_5V5","LaserBallStart",,"0xff9ab1fd","0xff8CA0E0",,"event_teamentry_brawlball_5v5","panel_team_online_brawlball_5v5","false",,,
"GemGrab5v5",33,,"GemGrab5v5","TID_GAME_MODE_33","chat_letsplay_gemgrab_5v5","event_gameroom_gemgrab_5v5","event_icon_gemgrab_5v5",,,,"event_gameroom_gemgrab_5v5_square",,,,,,,,,,,,1,"TID_GAME_MODE_33","TID_COIN_RUSH_INTRO_TEXT","TID_GEMGRAB DOUBLE_MINE_INTRO_TEXT","TID_OVERTIME",,"TID_EVENT_POPUP_GMV_LABEL_5V5","CoinRushStart",,"0xffd852ff","0xff9A3DF3",,"event_teamentry_gemgrab_5v5","panel_team_online_gemgrab_5v5","false",,,
"Extraction",34,,"Extraction","TID_GAME_MODE_34","chat_letsplay_extraction","event_gameroom_extraction","event_icon_extraction",,,,"event_gameroom_extraction_square",,,,,,,,,,,,2,"TID_GAME_MODE_34","TID_EXTRACTION_INTRO_TEXT",,"TID_OVERTIME",,"TID_EVENT_POPUP_GMV_LABEL_EXTRACTION","BRStart",,"0xff91e136","0xff81D621",,"event_teamentry_extraction","panel_team_online_extraction",,,,
"Knockout5v5",35,,"Knockout5v5","TID_GAME_MODE_35","chat_letsplay_knockout_5v5","event_gameroom_knockout_5v5","event_icon_knockout_5v5",,,,"event_gameroom_knockout_5v5_square",2,,,,,,,,,,,15,"TID_GAME_MODE_35","TID_KNOCKOUT_INTRO_TEXT",,"TID_OVERTIME",,"TID_EVENT_POPUP_GMV_LABEL_5V5","KnockoutStart",,"0xfffd9b0e","0xffF7831C",,"event_teamentry_knockout_5v5","panel_team_online_knockout_5v5","false",,,100
"Godzilla_TownCrush",36,,"GodzillaRampage","TID_GAME_MODE_36","chat_letsplay_collab","event_gameroom_collab","event_icon_collab",,,"sc/ui.sc","collab_category_event_item",,,,,,,,,,,,14,"TID_GAME_MODE_36","TID_GODZILLA_INTRO_TEXT",,"TID_OVERTIME",,"TID_EVENT_POPUP_GMV_LABEL_TEAM","TownCrusherStart",,"0xffff6847","0xffDC2423",,"event_teamentry_collab","panel_team_online_collab",,,,
