"Name","Disabled","DisabledCN","LegacyExpLevelLimit","RequiredTotalTrophies","RequiredHero","IconSWF","IconExportName","SortOrder","IsReward","IsAvailableForOffers","LockedForChronos","PriceBling","PriceGems","DisableCatalogRelease","HideInCatalogWhenNotOwned","CatalogNewDaysAdjustment","CatalogPreRequirementSkin","GiveOnSkinUnlock","NotInCatalogTID","ExtraCatalogCampaign","ExtraCatalogHero","HideFromCatalogMainCategory","UnlockedByFame"
"string","boolean","boolean","int","int","string","string","string","int","boolean","boolean","boolean","int","int","boolean","boolean","int","string","boolean","string","string","string","boolean","String"
"base1","","","1","0","","sc/ui.sc","player_icon_00","0","","","","","","","","","","","","","","",""
"base2","","","10","100","","sc/ui.sc","player_icon_01","1","","","","","","","","","","","","","","",""
"base3","","","20","1000","","sc/ui.sc","player_icon_02","2","","","","","","","","","","","","","","",""
"hero1","","","0","0","ShotgunGirl","sc/ui.sc","player_icon_shelly","101","","","","","","","","","","","","","","",""
"hero2","","","0","0","Gunslinger","sc/ui.sc","player_icon_colt","103","","","","","","","","","","","","","","",""
"hero3","","","0","0","RocketGirl","sc/ui.sc","player_icon_brock","106","","","","","","","","","","","","","","",""
"hero4","","","0","0","Mechanic","sc/ui.sc","player_icon_jess","105","","","","","","","","","","","","","","",""
"hero5","","","0","0","Shaman","sc/ui.sc","player_icon_nita","102","","","","","","","","","","","","","","",""
"hero6","","","0","0","TntDude","sc/ui.sc","player_icon_mike","107","","","","","","","","","","","","","","",""
"hero7","","","0","0","Luchador","sc/ui.sc","player_icon_primo","201","","","","","","","","","","","","","","",""
"hero8","","","0","0","BullDude","sc/ui.sc","player_icon_bull","104","","","","","","","","","","","","","","",""
"hero9","","","0","0","TrickshotDude","sc/ui.sc","player_icon_rick","301","","","","","","","","","","","","","","",""
"hero10","","","0","0","Barkeep","sc/ui.sc","player_icon_barley","202","","","","","","","","","","","","","","",""
"hero11","","","0","0","DeadMariachi","sc/ui.sc","player_icon_poco","203","","","","","","","","","","","","","","",""
"hero12","","","0","0","Undertaker","sc/ui.sc","player_icon_mortis","501","","","","","","","","","","","","","","",""
"hero13","","","0","0","BowDude","sc/ui.sc","player_icon_bo","108","","","","","","","","","","","","","","",""
"hero14","","","0","0","Cactus","sc/ui.sc","player_icon_spike","601","","","","","","","","","","","","","","",""
"hero15","","","0","0","Crow","sc/ui.sc","player_icon_crow","602","","","","","","","","","","","","","","",""
"hero16","","","0","0","Sniper","sc/ui.sc","player_icon_piper","401","","","","","","","","","","","","","","",""
"base4","","","40","2500","","sc/ui.sc","player_icon_03","3","","","","","","","","","","","","","","",""
"base5","","","60","4000","","sc/ui.sc","player_icon_04","4","","","","","","","","","","","","","","",""
"base6","","","80","6000","","sc/ui.sc","player_icon_05","5","","","","","","","","","","","","","","",""
"base7","","","100","7500","","sc/ui.sc","player_icon_06","6","","","","","","","","","","","","","","",""
"base8","","","120","9000","","sc/ui.sc","player_icon_07","7","","","","","","","","","","","","","","",""
"trophy1","","","0","500","","sc/ui.sc","player_icon_trophy_00","8","","","","","","","","","","","","","","",""
"trophy2","","","0","1000","","sc/ui.sc","player_icon_trophy_01","9","","","","","","","","","","","","","","",""
"trophy3","","","0","2000","","sc/ui.sc","player_icon_trophy_02","10","","","","","","","","","","","","","","",""
"trophy4","","","0","3000","","sc/ui.sc","player_icon_trophy_03","11","","","","","","","","","","","","","","",""
"hero17","","","0","0","MinigunDude","sc/ui.sc","player_icon_mj","402","","","","","","","","","","","","","","",""
"hero18","","","0","0","BlackHole","sc/ui.sc","player_icon_taro","502","","","","","","","","","","","","","","",""
"trophy5","","","0","5000","","sc/ui.sc","player_icon_elite_00","12","","","","","","","","","","","","","","",""
"trophy6","","","0","7000","","sc/ui.sc","player_icon_elite_01","13","","","","","","","","","","","","","","",""
"trophy7","","","0","10000","","sc/ui.sc","player_icon_elite_02","14","","","","","","","","","","","","","","",""
"trophy8","","","0","13000","","sc/ui.sc","player_icon_elite_03","15","","","","","","","","","","","","","","",""
"hero19","","","0","0","BarrelBot","sc/ui.sc","player_icon_barrelbot","302","","","","","","","","","","","","","","",""
"hero20","","","0","0","ArtilleryDude","sc/ui.sc","player_icon_penny","303","","","","","","","","","","","","","","",""
"hero21","","","0","0","HammerDude","sc/ui.sc","player_icon_frank","403","","","","","","","","","","","","","","",""
"hero22","","","0","0","Ninja","sc/ui.sc","player_icon_leon","603","","","","","","","","","","","","","","",""
"hero23","","","0","0","HookDude","sc/ui.sc","player_icon_gene","503","","","","","","","","","","","","","","",""
"hero24","","","0","0","Whirlwind","sc/ui.sc","player_icon_carl","304","","","","","","","","","","","","","","",""
"hero25","","","0","0","Rosa","sc/ui.sc","player_icon_rosa","204","","","","","","","","","","","","","","",""
"hero26","","","0","0","Baseball","sc/ui.sc","player_icon_bibi","404","","","","","","","","","","","","","","",""
"hero27","","","0","0","ClusterBombDude","sc/ui.sc","player_icon_tick","109","","","","","","","","","","","","","","",""
"hero28","","","0","0","Arcade","sc/ui.sc","player_icon_8bit","110","","","","","","","","","","","","","","",""
"hero29","","","0","0","Sandstorm","sc/ui.sc","player_icon_sandy","604","","","","","","","","","","","","","","",""
"hero30","","","0","0","Mummy","sc/ui.sc","player_icon_emz","111","","","","","","","","","","","","","","",""
"hero31","","","0","0","BeeSniper","sc/ui.sc","player_icon_bea","405","","","","","","","","","","","","","","",""
"hero32","","","0","0","Speedy","sc/ui.sc","player_icon_max","504","","","","","","","","","","","","","","",""
"hero33","","","0","0","SpawnerDude","sc/ui.sc","player_icon_mrp","505","","","","","","","","","","","","","","",""
"hero34","","","0","0","Driller","sc/ui.sc","player_icon_jacky","305","","","","","","","","","","","","","","",""
"hero35","","","0","0","Wally","sc/ui.sc","player_icon_sprout","506","","","","","","","","","","","","","","",""
"hero36","","","0","0","Blower","sc/ui.sc","player_icon_gale","701","","","","","","","","","","","","","","",""
"hero37","","","0","0","Controller","sc/ui.sc","player_icon_nani","406","","","","","","","","","","","","","","",""
"hero38","","","0","0","PowerLeveler","sc/ui.sc","player_icon_surge","702","","","","","","","","","","","","","","",""
"hero39","","","0","0","Percenter","sc/ui.sc","player_icon_colette","703","","","","","","","","","","","","","","",""
"hero40","","","0","0","FireDude","sc/ui.sc","player_icon_amber","605","","","","","","","","","","","","","","",""
"hero41","","","0","0","IceDude","sc/ui.sc","player_icon_lou","704","","","","","","","","","","","","","","",""
"hero42","","","0","0","SnakeOil","sc/ui.sc","player_icon_byron","507","","","","","","","","","","","","","","",""
"hero43","","","0","0","Enrager","sc/ui.sc","player_icon_edgar","407","","","","","","","","","","","","","","",""
"hero44","","","0","0","Ruffs","sc/ui.sc","player_icon_ruffs","705","","","","","","","","","","","","","","",""
"rank01","","","0","0","","sc/ui.sc","player_icon_starrforce_01","1000","","true","","","","","","","ArtilleryDudeSmuggler","TRUE","","","","",""
"rank02","","","0","0","","sc/ui.sc","player_icon_starrforce_02","1001","true","","","","","","","","","","","","","",""
"hero45","","","0","0","Roller","sc/ui.sc","player_icon_stu","112","","","","","","","","","","","","","","",""
"rank03","","","0","0","","sc/ui.sc","player_icon_actionshow_01","1002","","true","","","","","","","ArcadePiano","TRUE","","","","",""
"rank04","","","0","0","","sc/ui.sc","player_icon_actionshow_02","1003","true","","","","","","","","","","","","","",""
"hero46","","","0","0","ElectroSniper","sc/ui.sc","player_icon_belle","706","","","","","","","","","","","","","","",""
"hero47","","","0","0","StickyBomb","sc/ui.sc","player_icon_squeak","508","","","","","","","","","","","","","","",""
"hero48","","","0","0","RopeDude","sc/ui.sc","player_icon_buzz","707","","","","","","","","","","","","","","",""
"hero49","","","0","0","AssaultShotgun","sc/ui.sc","player_icon_griff","408","","","","","","","","","","","","","","",""
"rank05","","","0","0","","sc/ui.sc","player_icon_velocirapids_01","1004","","true","","","","","","","DrillerJetski","TRUE","","","","",""
"rank06","","","0","0","","sc/ui.sc","player_icon_velocirapids_02","1005","true","","","","","","","","","","","","","",""
"hero50","","","0","0","Knight","sc/ui.sc","player_icon_ash","708","","","","","","","","","","","","","","",""
"rank07","","","0","0","","sc/ui.sc","player_icon_ft_01","1006","","true","","","","","","","SnakeOilWizard","TRUE","","","","",""
"rank08","","","0","0","","sc/ui.sc","player_icon_ft_02","1007","true","","","","","","","","","","","","","",""
"hero51","","","0","0","MechaDude","sc/ui.sc","player_icon_meg","606","","","","","","","","","","","","","","",""
"hero52","","","0","0","Duplicator","sc/ui.sc","player_icon_lolla","709","","","","","","","","","","","","","","",""
"rank09","","","0","0","","sc/ui.sc","player_icon_bw_01","1008","","true","","","","","","","RopeDudeDirector","TRUE","","","","",""
"rank10","","","0","0","","sc/ui.sc","player_icon_bw_02","1009","true","","","","","","","","","","","","","",""
"rank11","","","0","0","","sc/ui.sc","player_icon_lny2022_01","1010","","true","","","","","","","ShamanDragon","TRUE","","","","",""
"rank12","","","0","0","","sc/ui.sc","player_icon_lny2022_02","1011","true","","","","","","","","","","","","","",""
"hero53","","","0","0","CrossBomber","sc/ui.sc","player_icon_grom","409","","","","","","","","","","","","","","",""
"hero54","","","0","0","KickerDude","sc/ui.sc","player_icon_fang","710","","","","","","","","","","","","","","",""
"hero55","","","0","0","Flea","sc/ui.sc","player_icon_eve","711","","","","","","","","","","","","","","",""
"rank13","","","0","0","","sc/ui.sc","player_icon_biodome_01","1012","","true","","","","","","","BowDudeWasp","TRUE","","","","",""
"rank14","","","0","0","","sc/ui.sc","player_icon_biodome_02","1013","true","","","","","","","","","","","","","",""
"hero56","","","0","0","JetpackGirl","sc/ui.sc","player_icon_janet","712","","","","","","","","","","","","","","",""
"hero57","","","0","0","CannonGirl","sc/ui.sc","player_icon_bonnie","410","","","","","","","","","","","","","","",""
"rank15","","","0","0","","sc/ui.sc","player_icon_stuntshow_01","1014","","true","","","","","","","BarrelBotCrash","TRUE","","","","",""
"rank16","","","0","0","","sc/ui.sc","player_icon_stuntshow_02","1015","true","","","","","","","","","","","","","",""
"player_icon_tick1","","","0","0","","sc/ui.sc","player_icon_tick1","2001","true","","","","","","","","","","","","","",""
"player_icon_stu1","","","0","0","","sc/ui.sc","player_icon_stu1","2002","true","","","","","","","","","","","","","",""
"player_icon_shelly1","","","0","0","","sc/ui.sc","player_icon_shelly1","2003","true","","","","","","","","","","","","","",""
"player_icon_nita1","","","0","0","","sc/ui.sc","player_icon_nita1","2004","true","","","","","","","","","","","","","",""
"player_icon_jessie1","","","0","0","","sc/ui.sc","player_icon_jessie1","2005","true","","","","","","","","","","","","","",""
"player_icon_emz1","","","0","0","","sc/ui.sc","player_icon_emz1","2006","true","","","","","","","","","","","","","",""
"player_icon_dynamike1","","","0","0","","sc/ui.sc","player_icon_dynamike1","2007","true","","","","","","","","","","","","","",""
"player_icon_colt1","","","0","0","","sc/ui.sc","player_icon_colt1","2008","true","","","","","","","","","","","","","",""
"player_icon_bull1","","","0","0","","sc/ui.sc","player_icon_bull1","2009","true","","","","","","","","","","","","","",""
"player_icon_brock1","","","0","0","","sc/ui.sc","player_icon_brock1","2010","true","","","","","","","","","","","","","",""
"player_icon_bo1","","","0","0","","sc/ui.sc","player_icon_bo1","2011","true","","","","","","","","","","","","","",""
"player_icon_8bit1","","","0","0","","sc/ui.sc","player_icon_8bit1","2012","true","","","","","","","","","","","","","",""
"player_icon_villains","","","0","0","","sc/ui.sc","player_icon_villains","3001","","true","","750","19","","","","","","","","","",""
"player_icon_stuntshow","","","0","0","","sc/ui.sc","player_icon_stuntshow","3002","","true","","750","19","","","","","","","","","",""
"player_icon_lantern","","","0","0","","sc/ui.sc","player_icon_lantern","3003","","true","","750","19","","","","","","","","","",""
"player_icon_goldenweek","","","0","0","","sc/ui.sc","player_icon_goldenweek","3004","","true","","750","19","","","","","","","","","",""
"hero58","","","0","0","Silencer","sc/ui.sc","player_icon_otis","713","","","","","","","","","","","","","","",""
"rank17","","","0","0","","sc/ui.sc","player_icon_deepsea_01","1016","","true","","","","","","","RocketGirlDelivery","TRUE","","","","",""
"rank18","","","0","0","","sc/ui.sc","player_icon_deepsea_02","1017","true","","","","","","","","","","","","","",""
"player_icon_ruffs_bt21","","TRUE","0","0","","sc/ui.sc","player_icon_ruffs_bt21","4001","","true","","","","","","","RuffsChimmy","TRUE","","","","",""
"player_icon_bull_bt21","","TRUE","0","0","","sc/ui.sc","player_icon_bull_bt21","4002","","true","","","","","","","BullDudeMang","TRUE","","","","",""
"player_icon_bibi_bt21","","TRUE","0","0","","sc/ui.sc","player_icon_bibi_bt21","4003","","true","","","","","","","BaseballRj","TRUE","","","","",""
"player_icon_edgar_bt21","","TRUE","0","0","","sc/ui.sc","player_icon_edgar_bt21","4004","","true","","","","","","","EnragerTata","TRUE","","","","",""
"player_icon_sandy_bt21","","TRUE","0","0","","sc/ui.sc","player_icon_sandy_bt21","4005","","true","","","","","","","SandstormKoya","TRUE","","","","",""
"player_icon_tick_bt21","","TRUE","0","0","","sc/ui.sc","player_icon_tick_bt21","4006","","true","","","","","","","ClusterBombDudeShooky","TRUE","","","","",""
"player_icon_jacky_bt21","","TRUE","0","0","","sc/ui.sc","player_icon_jacky_bt21","4007","","true","","","","","","","DrillerCooky","TRUE","","","","",""
"player_icon_deepsea","","","0","0","","sc/ui.sc","player_icon_deepsea","3005","","true","","750","19","","","","","","","","","",""
"player_icon_primo1","","","0","0","","sc/ui.sc","player_icon_primo1","2013","true","","","","","","","","","","","","","",""
"player_icon_barley1","","","0","0","","sc/ui.sc","player_icon_barley1","2014","true","","","","","","","","","","","","","",""
"player_icon_rosa1","","","0","0","","sc/ui.sc","player_icon_rosa1","2015","true","","","","","","","","","","","","","",""
"player_icon_poco1","","","0","0","","sc/ui.sc","player_icon_poco1","2016","true","","","","","","","","","","","","","",""
"player_icon_darryl1","","","0","0","","sc/ui.sc","player_icon_darryl1","2017","true","","","","","","","","","","","","","",""
"player_icon_penny1","","","0","0","","sc/ui.sc","player_icon_penny1","2018","true","","","","","","","","","","","","","",""
"player_icon_carl1","","","0","0","","sc/ui.sc","player_icon_carl1","2019","true","","","","","","","","","","","","","",""
"player_icon_rico1","","","0","0","","sc/ui.sc","player_icon_rico1","2020","true","","","","","","","","","","","","","",""
"player_icon_jacky1","","","0","0","","sc/ui.sc","player_icon_jacky1","2020","true","","","","","","","","","","","","","",""
"player_icon_badrandoms","","","0","0","","sc/ui.sc","player_icon_badrandoms","3006","","true","","750","19","","","","","","","PUNK","","",""
"player_icon_pirates","","","0","0","","sc/ui.sc","player_icon_pirates","3007","","true","","750","19","","","","","","","PIRATES","","",""
"rank19","","","0","0","","sc/ui.sc","player_icon_lola_outlaw_01","1018","","true","","","","","","","","","","","","",""
"rank20","","","0","0","","sc/ui.sc","player_icon_lola_outlaw_02","1019","true","","","","","","","","DuplicatorOutlaw","TRUE","","","","",""
"player_icon_mortis_mecha","","","0","0","","sc/ui.sc","player_icon_mortis_mecha","4008","","true","","","","","","","UndertakerMecha","TRUE","","","","",""
"player_icon_outlaw","","","0","0","","sc/ui.sc","player_icon_outlaw","3008","","true","","750","19","","","","","","","OUTLAWS","","",""
"player_icon_esports_intz","","","0","0","","sc/ui.sc","player_icon_esports_intz","5001","","true","TRUE","750","19","TRUE","","","","","","WF_2020","","",""
"player_icon_esports_navi","","","0","0","","sc/ui.sc","player_icon_esports_navi","5002","","true","","","19","","","","","","","WF_2020","","",""
"player_icon_esports_obey","","","0","0","","sc/ui.sc","player_icon_esports_obey","5003","","true","TRUE","750","19","TRUE","","","","","","WF_2020","","",""
"player_icon_esports_qlash","","","0","0","","sc/ui.sc","player_icon_esports_qlash","5004","","true","","","19","","","","","","","WF_2020","","",""
"player_icon_esports_sk","","","0","0","","sc/ui.sc","player_icon_esports_sk","5005","","true","","","19","","","","","","","WF_2020","","",""
"player_icon_esports_stmn","","","0","0","","sc/ui.sc","player_icon_esports_stmn","5006","","true","","","19","","","","","","","WF_2020","","",""
"player_icon_esports_tq","","","0","0","","sc/ui.sc","player_icon_esports_tq","5007","","true","","","19","","","","","","","WF_2020","","",""
"player_icon_esports_tribe","","","0","0","","sc/ui.sc","player_icon_esports_tribe","5008","","true","","","19","","","","","","","WF_2020","","",""
"player_icon_esports_zeta","","","0","0","","sc/ui.sc","player_icon_esports_zeta","5009","","true","","","19","","","","","","","WF_2020","","",""
"player_icon_esports_totem","","","0","0","","sc/ui.sc","player_icon_esports_totem","5010","","true","","","19","","","","","","","WF_2020","","",""
"player_icon_mecha","","","0","0","","sc/ui.sc","player_icon_mecha","3009","","true","","750","19","","","","","","","MECHA","","",""
"player_icon_robot_colt","","","0","0","","sc/ui.sc","player_icon_robot_colt","3010","","true","","750","19","","","","","","","STARRPARK","","",""
"player_icon_robots_1","","","0","0","","sc/ui.sc","player_icon_robots_1","3011","","true","","750","19","","","","","","","STARRPARK","","",""
"player_icon_robots_2","","","0","0","","sc/ui.sc","player_icon_robots_2","3012","","true","","750","19","","","","","","","STARRPARK","","",""
"player_icon_robots_3","","","0","0","","sc/ui.sc","player_icon_robots_3","3013","","true","","750","19","","","","","","","STARRPARK","","",""
"player_icon_robots_4","","","0","0","","sc/ui.sc","player_icon_robots_4","3014","","true","","750","19","","","","","","","STARRPARK","","",""
"player_icon_claw","","","0","0","","sc/ui.sc","player_icon_claw","3015","","true","","750","19","","","","","","","JUNGLE","","",""
"player_icon_defeat_them_all","","","0","0","","sc/ui.sc","player_icon_defeat_them_all","3016","","true","","750","19","","","","","","","MISC","","",""
"hero59","","","0","0","WeaponThrower","sc/ui.sc","player_icon_bronson","714","","","","","","","","","","","","","","",""
"hero60","","","0","0","SoulCollector","sc/ui.sc","player_icon_gus","306","","","","","","","","","","","","","","",""
"player_icon_leon_ghost","","","0","0","","sc/ui.sc","player_icon_leon_ghost","4009","","true","","750","19","","","","NinjaGhost","","","","","",""
"player_icon_squeak_veteran1","","","0","0","","sc/ui.sc","player_icon_squeak_veteran1","4010","","true","","750","19","","","","StickyBombVeteran","","","","","",""
"player_icon_squeak_veteran2","","","0","0","","sc/ui.sc","player_icon_squeak_veteran2","4011","","true","","750","19","","","","StickyBombVeteran","","","","","",""
"rank21","","","0","0","","sc/ui.sc","player_icon_colette_ghost1","1020","","true","","","","","","","PercenterInspector","TRUE","","","","",""
"rank22","","","0","0","","sc/ui.sc","player_icon_colette_ghost2","1021","true","","","","","","","","","","","","","",""
"player_icon_bscwf","","","0","0","","sc/ui.sc","player_icon_bscwf","5000","","true","","750","19","","","","","","","WF_2020","","",""
"player_icon_lastbox","","","0","0","","sc/ui.sc","player_icon_lastbox","3017","","true","TRUE","","","","","","","","","LASTBOX","","",""
"player_icon_ghosttrain","","","0","0","","sc/ui.sc","player_icon_ghosttrain","3018","","true","","750","19","","","","","","","GHOST_TRAIN","","",""
"player_icon_action","","","0","0","","sc/ui.sc","player_icon_action","3019","","true","","750","19","","","","","","","ACTION","","",""
"hero61","","","0","0","ShieldTank","sc/ui.sc","player_icon_buster","715","","","","","","","","","","","","","","",""
"player_icon_brawlball","","","0","0","","sc/ui.sc","player_icon_brawlball","3020","","true","","750","19","","","","","","","GOLDENBALL","","",""
"rank23","","","0","0","","sc/ui.sc","player_icon_ash_pl1","1022","","true","","","","","","","KnightPinata","TRUE","","","","",""
"rank24","","","0","0","","sc/ui.sc","player_icon_ash_pl2","1023","true","","","","","","","","","","","","","",""
"player_icon_holidaybox","","","0","0","","sc/ui.sc","player_icon_holidaybox","3020","","true","TRUE","","","","","","","","","","","",""
"player_icon_candyland_skull","","","0","0","","sc/ui.sc","player_icon_candyland_skull","3021","","true","","750","19","","","","","","","CANDYLAND","","",""
"player_icon_candyland","","","0","0","","sc/ui.sc","player_icon_candyland","3022","","true","TRUE","","","","","","","","","","","",""
"player_icon_brawlentines","","","0","0","","sc/ui.sc","player_icon_brawlentines","3023","","true","","750","19","","","","","","","BRAWLENTINES","","",""
"player_icon_darkmas","","","0","0","","sc/ui.sc","player_icon_darkmas","3024","","true","","750","19","","","","","","","DARKMAS","","",""
"player_icon_lny2023","","","0","0","","sc/ui.sc","player_icon_lny2023","3025","","true","","750","19","","","","","","","LNY","","",""
"player_icon_anniversary1","","TRUE","0","0","","sc/ui.sc","player_icon_anniversary1","3026","","true","TRUE","","","","","","","","","","","",""
"player_icon_anniversary2","","TRUE","0","0","","sc/ui.sc","player_icon_anniversary2","3027","","true","TRUE","","","","","","","","","","","",""
"player_icon_anniversary3","","TRUE","0","0","","sc/ui.sc","player_icon_anniversary3","3028","","true","TRUE","","","","","","","","","","","",""
"player_icon_anniversary4","","TRUE","0","0","","sc/ui.sc","player_icon_anniversary4","3029","","true","TRUE","","","","","","","","","","","",""
"player_icon_brawlidays1","","","0","0","","sc/ui.sc","player_icon_brawlidays1","3030","","true","","750","19","","","","","","","BRAWLIDAYS","","",""
"player_icon_brawlidays2","","","0","0","","sc/ui.sc","player_icon_brawlidays2","3031","","true","","750","19","","","","","","","BRAWLIDAYS","","",""
"player_icon_brawlidays3","","","0","0","","sc/ui.sc","player_icon_brawlidays3","3032","","true","","750","19","","","","","","","BRAWLIDAYS","","",""
"player_icon_brawlidays4","","","0","0","","sc/ui.sc","player_icon_brawlidays4","3033","","true","","750","19","","","","","","","BRAWLIDAYS","","",""
"player_icon_brawlidays5","","","0","0","","sc/ui.sc","player_icon_brawlidays5","3034","","true","","750","19","","","","","","","BRAWLIDAYS","","",""
"player_icon_brawlidays6","","","0","0","","sc/ui.sc","player_icon_brawlidays6","3035","","true","","750","19","","","","","","","BRAWLIDAYS","","",""
"player_icon_lny1","","","0","0","","sc/ui.sc","player_icon_lny1","3036","","true","","750","19","","","","","","","LNY","","",""
"player_icon_lny2","","","0","0","","sc/ui.sc","player_icon_lny2","3037","","true","","750","19","","","","","","","LNY","","",""
"player_icon_lny3","","","0","0","","sc/ui.sc","player_icon_lny3","3038","","true","","750","19","","","","","","","LNY","","",""
"hero62","","","0","0","DoorMan","sc/ui.sc","player_icon_gray","509","","","","","","","","","","","","","","",""
"hero63","","","0","0","Beamer","sc/ui.sc","player_icon_mandy","716","","","","","","","","","","","","","","",""
"hero64","","","0","0","Jester","sc/ui.sc","player_icon_chester","607","","","","","","","","","","","","","","",""
"player_icon_creators","","","0","0","","sc/ui.sc","player_icon_creators","3039","","true","TRUE","","","","","","","","","","","",""
"player_icon_edgar1","","","0","0","","sc/ui.sc","player_icon_edgar1","2021","true","","","","","","","","","","","","","",""
"player_icon_bea1","","","0","0","","sc/ui.sc","player_icon_bea1","2022","true","","","","","","","","","","","","","",""
"player_icon_bibi1","","","0","0","","sc/ui.sc","player_icon_bibi1","2023","true","","","","","","","","","","","","","",""
"player_icon_bonnie1","","","0","0","","sc/ui.sc","player_icon_bonnie1","2024","true","","","","","","","","","","","","","",""
"player_icon_frank1","","","0","0","","sc/ui.sc","player_icon_frank1","2025","true","","","","","","","","","","","","","",""
"player_icon_griff1","","","0","0","","sc/ui.sc","player_icon_griff1","2026","true","","","","","","","","","","","","","",""
"player_icon_grom1","","","0","0","","sc/ui.sc","player_icon_grom1","2027","true","","","","","","","","","","","","","",""
"player_icon_nani1","","","0","0","","sc/ui.sc","player_icon_nani1","2028","true","","","","","","","","","","","","","",""
"player_icon_pam1","","","0","0","","sc/ui.sc","player_icon_pam1","2029","true","","","","","","","","","","","","","",""
"player_icon_piper1","","","0","0","","sc/ui.sc","player_icon_piper1","2030","true","","","","","","","","","","","","","",""
"player_icon_byron1","","","0","0","","sc/ui.sc","player_icon_byron1","2031","true","","","","","","","","","","","","","",""
"player_icon_gene1","","","0","0","","sc/ui.sc","player_icon_gene1","2032","true","","","","","","","","","","","","","",""
"player_icon_mrp1","","","0","0","","sc/ui.sc","player_icon_mrp1","2033","true","","","","","","","","","","","","","",""
"player_icon_tara1","","","0","0","","sc/ui.sc","player_icon_tara1","2034","true","","","","","","","","","","","","","",""
"player_icon_squeak1","","","0","0","","sc/ui.sc","player_icon_squeak1","2035","true","","","","","","","","","","","","","",""
"player_icon_max1","","","0","0","","sc/ui.sc","player_icon_max1","2036","true","","","","","","","","","","","","","",""
"player_icon_leon1","","","0","0","","sc/ui.sc","player_icon_leon1","2037","true","","","","","","","","","","","","","",""
"player_icon_meg1","","","0","0","","sc/ui.sc","player_icon_meg1","2039","true","","","","","","","","","","","","","",""
"player_icon_crow1","","","0","0","","sc/ui.sc","player_icon_crow1","2040","true","","","","","","","","","","","","","",""
"player_icon_spike1","","","0","0","","sc/ui.sc","player_icon_spike1","2041","true","","","","","","","","","","","","","",""
"player_icon_mortis1","","","0","0","","sc/ui.sc","player_icon_mortis1","2042","true","","","","","","","","","","","","","",""
"player_icon_amber1","","","0","0","","sc/ui.sc","player_icon_amber1","2043","true","","","","","","","","","","","","","",""
"player_icon_gale1","","","0","0","","sc/ui.sc","player_icon_gale1","2044","true","","","","","","","","","","","","","",""
"player_icon_colette1","","","0","0","","sc/ui.sc","player_icon_colette1","2046","true","","","","","","","","","","","","","",""
"player_icon_surge1","","","0","0","","sc/ui.sc","player_icon_surge1","2047","true","","","","","","","","","","","","","",""
"player_icon_sandy1","","","0","0","","sc/ui.sc","player_icon_sandy1","2045","true","","","","","","","","","","","","","",""
"player_icon_sprout1","","","0","0","","sc/ui.sc","player_icon_sprout1","2038","true","","","","","","","","","","","","","",""
"player_icon_ruffs1","","","0","0","","sc/ui.sc","player_icon_ruffs1","2048","true","","","","","","","","","","","","","",""
"player_icon_belle1","","","0","0","","sc/ui.sc","player_icon_belle1","2049","true","","","","","","","","","","","","","",""
"player_icon_otis1","","","0","0","","sc/ui.sc","player_icon_otis1","2050","true","","","","","","","","","","","","","",""
"player_icon_janet1","","","0","0","","sc/ui.sc","player_icon_janet1","2051","true","","","","","","","","","","","","","",""
"player_icon_carpet_carl","","","0","0","","sc/ui.sc","player_icon_carpet_carl","3040","","true","","","","","","","WhirlwindRamadan","TRUE","","","","",""
"player_icon_popstar_janet","","","0","0","","sc/ui.sc","player_icon_popstar_janet","3041","","true","","750","19","","","","JetpackGirlPopstar","","","","","",""
"player_icon_easter_nani","","","0","0","","sc/ui.sc","player_icon_easter_nani","3042","","true","","750","19","","","","ControllerEaster","","","","","",""
"rank25","","","0","0","","sc/ui.sc","player_icon_piper_pl1","1024","","true","","","","","","","SniperMariposa","TRUE","","","","",""
"rank26","","","0","0","","sc/ui.sc","player_icon_piper_pl2","1025","true","","","","","","","","","","","","","",""
"player_icon_mask_dynamike","","","0","0","","sc/ui.sc","player_icon_mask_dynamike","3043","","true","","","","","","","TntDudeTengu","TRUE","","","","",""
"player_icon_mask_lola","","","0","0","","sc/ui.sc","player_icon_mask_lola","3044","","true","","","","","","","DuplicatorKitsune","TRUE","","","","",""
"player_icon_mask_otis","","","0","0","","sc/ui.sc","player_icon_mask_otis","3045","","true","","","","","","","SilencerOni","TRUE","","","","",""
"player_icon_masks","","","0","0","","sc/ui.sc","player_icon_masks","3046","","true","","750","19","","","","","","","MASKS","","",""
"player_icon_biodome","","","0","0","","sc/ui.sc","player_icon_biodome","3047","","true","","750","19","","","","","","","BIODOME","","",""
"player_icon_womenday","","","0","0","","sc/ui.sc","player_icon_womenday","3048","","true","","750","19","","","","","","","MISC","","",""
"player_icon_starr","","","0","0","","sc/ui.sc","player_icon_starr","3049","","true","","750","19","","","","","","","STARRPARK","","",""
"player_icon_gray1","","","0","0","","sc/ui.sc","player_icon_gray1","2038","true","","","","","","","","","","","","","",""
"player_icon_buzz1","","","0","0","","sc/ui.sc","player_icon_buzz1","2052","true","","","","","","","","","","","","","",""
"player_icon_ash1","","","0","0","","sc/ui.sc","player_icon_ash1","2053","true","","","","","","","","","","","","","",""
"player_icon_fang1","","","0","0","","sc/ui.sc","player_icon_fang1","2054","true","","","","","","","","","","","","","",""
"player_icon_gus1","","","0","0","","sc/ui.sc","player_icon_gus1","2055","true","","","","","","","","","","","","","",""
"player_icon_willow1","","","0","0","","sc/ui.sc","player_icon_willow1","2056","true","","","","","","","","","","","","","",""
"player_icon_rt1","","","0","0","","sc/ui.sc","player_icon_rt1","2057","true","","","","","","","","","","","","","",""
"player_icon_chester1","","","0","0","","sc/ui.sc","player_icon_chester1","2058","true","","","","","","","","","","","","","",""
"player_icon_eve1","","","0","0","","sc/ui.sc","player_icon_eve1","2059","true","","","","","","","","","","","","","",""
"player_icon_lola1","","","0","0","","sc/ui.sc","player_icon_lola1","2060","true","","","","","","","","","","","","","",""
"player_icon_sam1","","","0","0","","sc/ui.sc","player_icon_sam1","2061","true","","","","","","","","","","","","","",""
"player_icon_lou1","","","0","0","","sc/ui.sc","player_icon_lou1","2062","true","","","","","","","","","","","","","",""
"player_icon_easter2023","","","0","0","","sc/ui.sc","player_icon_easter2023","3050","","true","","750","19","","","","","","","BUNNY_BRIGADE","","",""
"player_icon_buster1","","","0","0","","sc/ui.sc","player_icon_buster1","2063","true","","","","","","","","","","","","","",""
"player_icon_mandy1","","","0","0","","sc/ui.sc","player_icon_mandy1","2064","true","","","","","","","","","","","","","",""
"hero65","","","0","0","Splitter","sc/ui.sc","player_icon_artie","717","","","","","","","","","","","","","","",""
"hero66","","","0","0","Puppeteer","sc/ui.sc","player_icon_willow","510","","","","","","","","","","","","","","",""
"player_icon_bunny_brigade","","","0","0","","sc/ui.sc","player_icon_bunny_brigade","3051","","true","","750","19","","","","","","","BUNNY_BRIGADE","","",""
"player_icon_jungle","","","0","0","","sc/ui.sc","player_icon_jungle","3052","","true","","750","19","","","","","","","JUNGLE","","",""
"player_icon_olympus","","","0","0","","sc/ui.sc","player_icon_olympus","3053","","true","","750","19","","","","","","","OLYMPUS","","",""
"player_icon_gw1","","","0","0","","sc/ui.sc","player_icon_gw1","3054","","true","","750","19","","","","","","","GOLDENWEEK","","",""
"player_icon_gw2","","","0","0","","sc/ui.sc","player_icon_gw2","3055","","true","","750","19","","","","","","","GOLDENWEEK","","",""
"player_icon_gw3","","","0","0","","sc/ui.sc","player_icon_gw3","3056","","true","","750","19","","","","","","","","","",""
"player_icon_bp_jungle","","","0","0","","sc/ui.sc","player_icon_bp_jungle","3057","true","","","","","","","","","","","","","",""
"player_icon_colt_jungle","","","0","0","","sc/ui.sc","player_icon_colt_jungle","3058","","true","","","","","","","GunslingerMonkey","TRUE","","","","",""
"player_icon_amazon_frog","","","0","0","","sc/ui.sc","player_icon_amazon_frog","3059","","true","","750","19","","","","","","","JUNGLE","","",""
"player_icon_maisie1","","","0","0","","sc/ui.sc","player_icon_maisie1","2065","true","","","","","","","","","","","","","",""
"player_icon_lilt1","","","0","0","","sc/ui.sc","player_icon_lilt1","2065","true","","","","","","","","","","","","","",""
"rank27","","","0","0","","sc/ui.sc","player_icon_meg_jungle","1026","","true","","","","","","","MechaDudeJaguar","TRUE","","","","",""
"player_icon_buster_jungle","","","0","0","","sc/ui.sc","player_icon_buster_jungle","3060","","true","","","","","","","ShieldTankCroc","TRUE","","","","",""
"player_icon_max_jungle","","","0","0","","sc/ui.sc","player_icon_max_jungle","3061","","true","","750","19","","","","SpeedyLeopard","","","","","",""
"player_icon_tick_olympus","","","0","0","","sc/ui.sc","player_icon_tick_olympus","3062","","true","","","","","","","ClusterBombDudeCerberus","TRUE","","","","",""
"player_icon_brock_olympus","","","0","0","","sc/ui.sc","player_icon_brock_olympus","3063","","true","","","","","","","RocketGirlZeus","TRUE","","","","",""
"player_icon_nani_olympus","","","0","0","","sc/ui.sc","player_icon_nani_olympus","3064","","true","","","","","","","ControllerAres","TRUE","","","","",""
"player_icon_emz_gw","","","0","0","","sc/ui.sc","player_icon_emz_gw","3065","","true","","750","19","","","","MummyHarajuku","","","","","",""
"hero67","","","0","0","Maisie","sc/ui.sc","player_icon_maisie","718","","","","","","","","","","","","","","",""
"hero68","","","0","0","FishTank","sc/ui.sc","player_icon_fishtank","411","","","","","","","","","","","","","","",""
"player_icon_goldenkawaii","","","0","0","","sc/ui.sc","player_icon_goldenkawaii","3066","","true","","750","19","","","","","","","GOLDENWEEK","","",""
"player_icon_anniversary_china1","TRUE","","0","0","","sc/ui.sc","player_icon_anniversary_china1","3067","true","true","TRUE","","","TRUE","","","","","","","","",""
"player_icon_anniversary_china2","TRUE","","0","0","","sc/ui.sc","player_icon_anniversary_china2","3068","true","true","TRUE","","","TRUE","","","","","","","","",""
"player_icon_anniversary_china3","TRUE","","0","0","","sc/ui.sc","player_icon_anniversary_china3","3069","true","true","TRUE","","","TRUE","","","","","","","","",""
"player_icon_bp_enchanted","","","0","0","","sc/ui.sc","player_icon_bp_enchanted","3070","true","","","","","","","","","","","","","",""
"player_icon_crow_phoenix","","","0","0","","sc/ui.sc","player_icon_crow_phoenix","3071","","true","","","","","","","CrowPheonix","TRUE","","","","",""
"player_icon_phoenix_fire","","","0","0","","sc/ui.sc","player_icon_phoenix_fire","3072","","true","","750","19","","","","","","","PHOENIX","","",""
"player_icon_enchanted","","","0","0","","sc/ui.sc","player_icon_enchanted","3073","","true","","750","19","","","","","","","ENCHANTED","","",""
"player_icon_velocirapids","","","0","0","","sc/ui.sc","player_icon_velocirapids","3074","","true","","750","19","","","","","","","SUMMER","","",""
"player_icon_cursed","","","0","0","","sc/ui.sc","player_icon_cursed","3075","","true","","750","19","","","","","","","CURSED","","",""
"player_icon_goldball","","","0","0","","sc/ui.sc","player_icon_goldball","3076","","true","","750","19","","","","","","","GOLDENBALL","","",""
"player_icon_meg_cursed","","","0","0","","sc/ui.sc","player_icon_meg_cursed","3077","","true","","","","","","","MechaDudePirate","TRUE","","","","",""
"player_icon_griff_cursed","","","0","0","","sc/ui.sc","player_icon_griff_cursed","3078","","true","","","","","","","AssaultShotgunTreasure","TRUE","","","","",""
"player_icon_bibi_cursed","","","0","0","","sc/ui.sc","player_icon_bibi_cursed","3079","","true","","","","","","","BaseballPirate","TRUE","","","","",""
"player_icon_janet_enchanted","","","0","0","","sc/ui.sc","player_icon_janet_enchanted","3080","","true","","","","","","","JetpackGirlDarkFairy","TRUE","","","","",""
"player_icon_surge_cursed","","","0","0","","sc/ui.sc","player_icon_surge_cursed","3081","","true","","","","","","","PowerLevelerKraken","TRUE","","","","",""
"player_icon_8bit_enchanted","","","0","0","","sc/ui.sc","player_icon_8bit_enchanted","3082","","true","","","","","","","ArcadeHauntedHouse","TRUE","","","","",""
"rank28","","","0","0","","sc/ui.sc","player_icon_lou_enchanted","1027","","true","","","","","","","IceDudeStonetroll","TRUE","","","","",""
"player_icon_chester_enchanted","","","0","0","","sc/ui.sc","player_icon_chester_enchanted","3084","","true","","750","19","","","","JesterWoodspirit","","","","","",""
"player_icon_cordelius1","","","0","0","","sc/ui.sc","player_icon_cordelius1","2066","true","","","","","","","","","","","","","",""
"player_icon_doug1","","","0","0","","sc/ui.sc","player_icon_doug1","2066","true","","","","","","","","","","","","","",""
"hero69","","","0","0","Duelist","sc/ui.sc","player_icon_cordelius","719","","","","","","","","","","","","","","",""
"hero70","","","0","0","Reviver","sc/ui.sc","player_icon_doug","412","","","","","","","","","","","","","","",""
"player_icon_colt_overcharge","","","0","0","","sc/ui.sc","player_icon_colt_overcharge","6001","","true","","","","","true","","","","","","Gunslinger","",""
"player_icon_bull_overcharge","","","0","0","","sc/ui.sc","player_icon_bull_overcharge","6002","","true","","","","","true","","","","","","BullDude","",""
"player_icon_jacky_overcharge","","","0","0","","sc/ui.sc","player_icon_jacky_overcharge","6003","","true","","","","","true","","","","","","Driller","",""
"player_icon_shelly_overcharge","","","0","0","","sc/ui.sc","player_icon_shelly_overcharge","6004","","true","","","","","true","","","","","","ShotgunGirl","",""
"player_icon_spike_overcharge","","","0","0","","sc/ui.sc","player_icon_spike_overcharge","6005","","true","","","","","true","","","","","","Cactus","",""
"rank29","","","0","0","","sc/ui.sc","player_icon_maisie_wasteland","1028","","true","","","","","","","MaisieWasteland","TRUE","","","","",""
"player_icon_hank_wasteland","","","0","0","","sc/ui.sc","player_icon_hank_wasteland","3083","","true","","","","","","","FishTankWasteland","TRUE","","","","",""
"player_icon_willow_wasteland","","","0","0","","sc/ui.sc","player_icon_willow_wasteland","3084","","true","","750","19","","","","PuppeteerWasteland","","","","","",""
"player_icon_cordelius_wasteland","","","0","0","","sc/ui.sc","player_icon_cordelius_wasteland","3085","","true","","","","","","","DuelistWasteland","TRUE","","","","",""
"player_icon_stu_university","","","0","0","","sc/ui.sc","player_icon_stu_university","3086","","true","","","","","","","RollerUniversity","TRUE","","","","",""
"player_icon_rosa_university","","","0","0","","sc/ui.sc","player_icon_rosa_university","3087","","true","","","","","","","RosaUniversity","TRUE","","","","",""
"player_icon_squeak_university","","","0","0","","sc/ui.sc","player_icon_squeak_university","3088","","true","","","","","","","StickyBombUniversity","TRUE","","","","",""
"player_icon_janet_moon","","","0","0","","sc/ui.sc","player_icon_janet_moon","3089","","true","","","","","","","JetpackGirlMoon","TRUE","","","","",""
"player_icon_mandy_harvest","","","0","0","","sc/ui.sc","player_icon_mandy_harvest","3090","","true","","","","","","","Beamerharvest","TRUE","","","","",""
"player_icon_edgar_mecha","","","0","0","","sc/ui.sc","player_icon_edgar_mecha","3090","","true","","","","","","","EnragerMecha","TRUE","","","","",""
"player_icon_bp_wasteland","","","0","0","","sc/ui.sc","player_icon_bp_wasteland","3091","true","","","","","","","","","","","","","",""
"player_icon_pearl1","","","0","0","","sc/ui.sc","player_icon_pearl1","2066","true","","","","","","","","","","","","","",""
"player_icon_chuck1","","","0","0","","sc/ui.sc","player_icon_chuck1","2067","true","","","","","","","","","","","","","",""
"player_icon_pearl_overcharge","","","0","0","","sc/ui.sc","player_icon_pearl_overcharge","6006","","true","","","","","true","","","","","","Cooker","",""
"player_icon_brawloween1","","","0","0","","sc/ui.sc","player_icon_brawloween1","3092","","true","","","","","","","","","","","","",""
"player_icon_brawloween2","","","0","0","","sc/ui.sc","player_icon_brawloween2","3093","","true","","","","","","","","","","","","",""
"player_icon_brawloween3","","","0","0","","sc/ui.sc","player_icon_brawloween3","3094","","true","","","","","","","","","","","","",""
"player_icon_brawloween4","","","0","0","","sc/ui.sc","player_icon_brawloween4","3095","","true","","","","","","","","","","","","",""
"player_icon_brawloween5","","","0","0","","sc/ui.sc","player_icon_brawloween5","3096","","true","","","","","","","","","","","","",""
"player_icon_classof2023","","","0","0","","sc/ui.sc","player_icon_classof2023","3097","","true","","750","19","","","","","","","UNIVERSITY","","",""
"player_icon_university","","","0","0","","sc/ui.sc","player_icon_university","3098","","true","","750","19","","","","","","","UNIVERSITY","","",""
"player_icon_esports2023_badge","","","0","0","","sc/ui.sc","player_icon_esports2023_badge","3099","","true","","","","","","","","","","","","",""
"player_icon_mecha_edgar_event","","","0","0","","sc/ui.sc","player_icon_mecha_edgar_event","3100","","true","","750","19","","","","","","","MECHA","","",""
"player_icon_academy","","","0","0","","sc/ui.sc","player_icon_academy","3101","","true","","750","19","","","","","","","UNIVERSITY","","",""
"hero71","","","0","0","Cooker","sc/ui.sc","player_icon_pearl","413","","","","","","","","","","","","","","",""
"hero72","","","0","0","Conductor","sc/ui.sc","player_icon_chuck","720","","","","","","","","","","","","","","",""
"player_icon_esports_fut","","","0","0","","sc/ui.sc","player_icon_esports_fut","5011","","true","","","19","","","","","","","WF_2020","","",""
"player_icon_esports_luminosity","","","0","0","","sc/ui.sc","player_icon_esports_luminosity","5012","","true","","","19","","","","","","","WF_2020","","",""
"player_icon_colette_overcharge","","","0","0","","sc/ui.sc","player_icon_colette_overcharge","6007","","true","","","","","true","","","","","","Percenter","",""
"player_icon_rosa_overcharge","","","0","0","","sc/ui.sc","player_icon_rosa_overcharge","6008","","true","","","","","true","","","","","","Rosa","",""
"player_icon_lou_overcharge","","","0","0","","sc/ui.sc","player_icon_lou_overcharge","6009","","true","","","","","true","","","","","","IceDude","",""
"player_icon_maisie_overcharge","","","0","0","","sc/ui.sc","player_icon_maisie_overcharge","6010","","true","","","","","true","","","","","","Maisie","",""
"player_icon_jessie_overcharge","","","0","0","","sc/ui.sc","player_icon_jessie_overcharge","6011","","true","","","","","true","","","","","","Mechanic","",""
"player_icon_charly_overcharge","","","0","0","","sc/ui.sc","player_icon_charly_overcharge","6012","","true","","","","","true","","","","","","Cocooner","",""
"player_icon_supercell_logo","","","0","0","","sc/ui.sc","player_icon_supercell_logo","3102","","true","TRUE","","","","true","","","","","","","",""
"player_icon_bp_circus","","","0","0","","sc/ui.sc","player_icon_bp_circus","3103","true","","","","","","","","","","","","","",""
"player_icon_hindu","","","0","0","","sc/ui.sc","player_icon_hindu","3104","","true","","750","19","","","","","","","HINDU","","",""
"player_icon_cctv","","","0","0","","sc/ui.sc","player_icon_cctv","3105","","true","","750","19","","","","","","","STARRPARK","","",""
"hero73","","","0","0","Cocooner","sc/ui.sc","player_icon_charlie","414","","","","","","","","","","","","","","",""
"player_icon_charlie1","","","0","0","","sc/ui.sc","player_icon_charlie1","2068","true","","","","","","","","","","","","","",""
"player_icon_mortis_retro","","","0","0","","sc/ui.sc","player_icon_mortis_retro","3106","","true","","","","","","","UndertakerGreaser","TRUE","","","","",""
"player_icon_brock_retro","","","0","0","","sc/ui.sc","player_icon_brock_retro","3107","","true","","","","","","","RocketGirlHotrod","TRUE","","","","",""
"player_icon_barley_retro","","","0","0","","sc/ui.sc","player_icon_barley_retro","3108","","true","","","","","","","BarkeepMs","TRUE","","","","",""
"player_icon_rebel_lola","","","0","0","","sc/ui.sc","player_icon_rebel_lola","3109","","true","","","","","","","DuplicatorCholaChroma","TRUE","","","","",""
"player_icon_nita_circus","","","0","0","","sc/ui.sc","player_icon_nita_circus","3110","","true","","","","","","","ShamanDarkcircus","TRUE","","","","",""
"player_icon_byron_circus","","","0","0","","sc/ui.sc","player_icon_byron_circus","3111","","true","","","","","","","SnakeOilDarkcircus","TRUE","","","","",""
"rank30","","","0","0","","sc/ui.sc","player_icon_lola_circus","1029","","true","","","","","","","DuplicatorDarkcircus","TRUE","","","","",""
"player_icon_frank_hindu","","","0","0","","sc/ui.sc","player_icon_frank_hindu","3112","","true","","","","","","","HammerDudeHindu","TRUE","","","","",""
"player_icon_grom_hindu","","","0","0","","sc/ui.sc","player_icon_grom_hindu","3113","","true","","","","","","","CrossBomberHindu","TRUE","","","","",""
"player_icon_bo_hindu","","","0","0","","sc/ui.sc","player_icon_bo_hindu","3114","","true","","","","","","","BowDudeHinduChroma","TRUE","","","","",""
"player_icon_leon_wolf","","","0","0","","sc/ui.sc","player_icon_leon_wolf","3115","","true","","","","","","","NinjaBrawloween","TRUE","","","","",""
"player_icon_shelly_witch","","","0","0","","sc/ui.sc","player_icon_shelly_witch","3116","","true","","","","","","","ShotgunGirlBrawloween","TRUE","","","","",""
"player_icon_fang_pumpkin","","","0","0","","sc/ui.sc","player_icon_fang_pumpkin","3117","","true","","","","","","","KickerDudeMake","TRUE","","","","",""
"player_icon_mike_robo","","","0","0","","sc/ui.sc","player_icon_mike_robo","3118","","true","","","","","","","TntDudeMecha","TRUE","","","","",""
"player_icon_pam_queen","","","0","0","","sc/ui.sc","player_icon_pam_queen","3119","","true","","","","","","","MinigunDudeQueen","TRUE","","","","",""
"player_icon_mortis_hockey","","","0","0","","sc/ui.sc","player_icon_mortis_hockey","3120","","true","","","","","","","UndertakerUndertakerHockey","TRUE","","","","",""
"player_icon_razer","","","0","0","","sc/ui.sc","player_icon_razer","3121","","true","TRUE","","","","true","","","","","","","",""
"player_icon_retropolis","","","0","0","","sc/ui.sc","player_icon_retropolis","3122","","true","","750","19","","","","","","","RETRO","","",""
"player_icon_mike_overcharge","","","0","0","","sc/ui.sc","player_icon_mike_overcharge","6013","","true","","","","","true","","","","","","TntDude","",""
"player_icon_edgar_overcharge","","","0","0","","sc/ui.sc","player_icon_edgar_overcharge","6014","","true","","","","","true","","","","","","Enrager","",""
"player_icon_crow_overcharge","","","0","0","","sc/ui.sc","player_icon_crow_overcharge","6015","","true","","","","","true","","","","","","Crow","",""
"player_icon_fang_overcharge","","","0","0","","sc/ui.sc","player_icon_fang_overcharge","6016","","true","","","","","true","","","","","","KickerDude","",""
"player_icon_leon_overcharge","","","0","0","","sc/ui.sc","player_icon_leon_overcharge","6017","","true","","","","","true","","","","","","Ninja","",""
"player_icon_mico_overcharge","","","0","0","","sc/ui.sc","player_icon_mico_overcharge","6018","","true","","","","","true","","","","","","Leaper","",""
"player_icon_anniversary5","","TRUE","0","0","","sc/ui.sc","player_icon_anniversary5","3123","","true","TRUE","","","","","","","","","","","",""
"player_icon_holiday_chroma","","","0","0","","sc/ui.sc","player_icon_holiday_chroma","3124","","true","TRUE","","","","","","","","","","","",""
"player_icon_bp_cartoon","","","0","0","","sc/ui.sc","player_icon_bp_cartoon","3125","true","","","","","","","","","","","","","",""
"player_icon_bp_dragon","","","0","0","","sc/ui.sc","player_icon_bp_dragon","3126","true","","","","","","","","","","","","","",""
"player_icon_8bit_virus","","","0","0","","sc/ui.sc","player_icon_8bit_virus","3127","","true","","","","","","","ArcadeVirusChroma","TRUE","","","","",""
"player_icon_colette_cartoon","","","0","0","","sc/ui.sc","player_icon_colette_cartoon","3128","","true","","","","","","","Percenteranime","TRUE","","","","",""
"player_icon_fang_lny","","","0","0","","sc/ui.sc","player_icon_fang_lny","3129","","true","","","","","","","KickerDudeFuriousChroma","TRUE","","","","",""
"player_icon_frank_royale","","","0","0","","sc/ui.sc","player_icon_frank_royale","3130","","true","","","","","","","HammerDudeClashKingChromaBlue","TRUE","","","","",""
"player_icon_kit_lny","","","0","0","","sc/ui.sc","player_icon_kit_lny","3131","","true","","","","","","","AttacherBoxer","TRUE","","","","",""
"player_icon_miko_darkmas","","","0","0","","sc/ui.sc","player_icon_miko_darkmas","3132","","true","","","","","","","LeaperDarkXmas","TRUE","","","","",""
"player_icon_miko_lny","","","0","0","","sc/ui.sc","player_icon_miko_lny","3133","","true","","","","","","","Leaperwukong","TRUE","","","","",""
"player_icon_otis_wf","","","0","0","","sc/ui.sc","player_icon_otis_wf","3134","","true","","","","","","","SilencerWorldfinals","TRUE","","","","",""
"player_icon_piper_carnaval","","","0","0","","sc/ui.sc","player_icon_piper_carnaval","3135","","true","","","","","","","SniperCarnival","TRUE","","","","",""
"player_icon_poco_origins","","","0","0","","sc/ui.sc","player_icon_poco_origins","3136","","true","","","","","","","DeadMariachiorigins","TRUE","","","","",""
"player_icon_primo_superb","","","0","0","","sc/ui.sc","player_icon_primo_superb","3137","","true","","","","","","","LuchadorSuperbowl","TRUE","","","","",""
"rank31","","","0","0","","sc/ui.sc","player_icon_rico_cartoon","1030","","true","","","","","","","TrickshotDudeDevil","TRUE","","","","",""
"player_icon_spike_cartoon","","","0","0","","sc/ui.sc","player_icon_spike_cartoon","3138","","true","","","","","","","Cactuscartoon","TRUE","","","","",""
"player_icon_stu_xmas","","","0","0","","sc/ui.sc","player_icon_stu_xmas","3139","","true","","","","","","","RollerChristmas","TRUE","","","","",""
"player_icon_miko1","","","0","0","","sc/ui.sc","player_icon_miko1","2069","true","","","","","","","","","","","","","",""
"player_icon_kit1","","","0","0","","sc/ui.sc","player_icon_kit1","2070","true","","","","","","","","","","","","","",""
"player_icon_twins1","","","0","0","","sc/ui.sc","player_icon_twins1","2071","true","","","","","","","","","","","","","",""
"player_icon_thank_you","","","0","0","","sc/ui.sc","player_icon_thank_you","3138","","true","","750","19","","","","","","","MISC","","",""
"hero74","","","0","0","Leaper","sc/ui.sc","player_icon_mico","721","","","","","","","","","","","","","","",""
"hero75","","","0","0","Attacher","sc/ui.sc","player_icon_kit","722","","","","","","","","","","","","","","",""
"player_icon_ash_pizza","","","0","0","","sc/ui.sc","player_icon_ash_pizza","3139","","true","","","","","","","KnightPizza","TRUE","","","","",""
"player_icon_emz_fan","","","0","0","","sc/ui.sc","player_icon_emz_fan","3140","","true","","","","","","","MummyGiftShop","TRUE","","","","",""
"player_icon_dynamike_spicy","","","0","0","","sc/ui.sc","player_icon_dynamike_spicy","3141","","true","","","","","","","TntGuyChef","TRUE","","","","",""
"player_icon_colt_make","","","0","0","","sc/ui.sc","player_icon_colt_make","3142","","true","","","","","","","GunslingerDarkAngel","TRUE","","","","",""
"hero76","","","0","0","Twins","sc/ui.sc","player_icon_twins","723","","","","","","","","","","","","","","",""
"player_icon_frank_royale_red","","","0","0","","sc/ui.sc","player_icon_frank_royale_red","3143","","true","","","","","","","HammerDudeClashKingChromaRed","TRUE","","","","",""
"player_icon_8bit_virus_og","","","0","0","","sc/ui.sc","player_icon_8bit_virus_og","3144","","true","","","","","","","ArcadeVirus","TRUE","","","","",""
"player_icon_belle_overcharge","","","0","0","","sc/ui.sc","player_icon_belle_overcharge","6019","","true","","","","","true","","","","","","ElectroSniper","",""
"player_icon_bibi_overcharge","","","0","0","","sc/ui.sc","player_icon_bibi_overcharge","6020","","true","","","","","true","","","","","","Baseball","",""
"player_icon_buzz_overcharge","","","0","0","","sc/ui.sc","player_icon_buzz_overcharge","6021","","true","","","","","true","","","","","","RopeDude","",""
"player_icon_cordelius_overcharge","","","0","0","","sc/ui.sc","player_icon_cordelius_overcharge","6022","","true","","","","","true","","","","","","Duelist","",""
"player_icon_primo_overcharge","","","0","0","","sc/ui.sc","player_icon_primo_overcharge","6023","","true","","","","","true","","","","","","Luchador","",""
"player_icon_sprout_overcharge","","","0","0","","sc/ui.sc","player_icon_sprout_overcharge","6024","","true","","","","","true","","","","","","Wally","",""
"player_icon_bp_sandsoftime","","","0","0","","sc/ui.sc","player_icon_bp_sandsoftime","3145","true","","","","","","","","","","","","","",""
"player_icon_bp_ragnarok","","","0","0","","sc/ui.sc","player_icon_bp_ragnarok","3146","true","","","","","","","","","","","","","",""
"player_icon_fame_earth","","","0","0","","sc/ui.sc","player_icon_fame_earth","7001","true","","","","","","","","","","","","","","Global2"
"player_icon_fame_moon","","","0","0","","sc/ui.sc","player_icon_fame_moon","7002","true","","","","","","","","","","","","","","Lunar2"
"player_icon_fame_mars","","","0","0","","sc/ui.sc","player_icon_fame_mars","7003","true","","","","","","","","","","","","","","Martial2"
"player_icon_fame_saturn","","","0","0","","sc/ui.sc","player_icon_fame_saturn","7004","true","","","","","","","","","","","","","","Saturnal2"
"player_icon_fame_sun","","","0","0","","sc/ui.sc","player_icon_fame_sun","7005","true","","","","","","","","","","","","","","Solar2"
"player_icon_fame_meteor","","","0","0","","sc/ui.sc","player_icon_fame_meteor","7006","true","","","","","","","","","","","","","","Meteor2"
"player_icon_ranked_sandsoftime","","","0","0","","sc/ui.sc","player_icon_ranked_sandsoftime","1031","true","","","","","","","","","","","","","",""
"player_icon_ranked_ragnarok","","","0","0","","sc/ui.sc","player_icon_ranked_ragnarok","1032","true","","","","","","","","","","","","","",""
"player_icon_crow_mecha","","","0","0","","sc/ui.sc","player_icon_crow_mecha","3147","","true","","","","","","","CrowMecha","TRUE","","","","",""
"player_icon_angelo1","","","0","0","","sc/ui.sc","player_icon_angelo1","2072","true","","","","","","","","","","","","","",""
"player_icon_melody1","","","0","0","","sc/ui.sc","player_icon_melody1","2073","true","","","","","","","","","","","","","",""
"player_icon_bibi_ragnarok","","","0","0","","sc/ui.sc","player_icon_bibi_ragnarok","3148","","true","","","","","","","BaseballThor","TRUE","","","","",""
"player_icon_brock_line","","","0","0","","sc/ui.sc","player_icon_brock_line","3149","","true","","","","","","","RocketGirlBrown","TRUE","","","","",""
"player_icon_chester_ragnarok","","","0","0","","sc/ui.sc","player_icon_chester_ragnarok","3150","","true","","","","","","","JesterLoki","TRUE","","","","",""
"player_icon_chuck_sands","","","0","0","","sc/ui.sc","player_icon_chuck_sands","3151","","true","","","","","","","ConductorScorpion","TRUE","","","","",""
"player_icon_cordelius_ragnarok","","","0","0","","sc/ui.sc","player_icon_cordelius_ragnarok","3152","","true","","","","","","","DuelistOdin","TRUE","","","","",""
"player_icon_dynamike_sands","","","0","0","","sc/ui.sc","player_icon_dynamike_sands","3153","","true","","","","","","","TntDudeDynastic","TRUE","","","","",""
"player_icon_edgar_sands","","","0","0","","sc/ui.sc","player_icon_edgar_sands","3154","","true","","","","","","","EnragerThief","TRUE","","","","",""
"player_icon_fang_baseball","","","0","0","","sc/ui.sc","player_icon_fang_baseball","3155","","true","","","","","","","KickerDudeBaseballRed","TRUE","","","","",""
"player_icon_jessie_ragnarok","","","0","0","","sc/ui.sc","player_icon_jessie_ragnarok","3156","","true","","","","","","","MechanicSkadi","TRUE","","","","",""
"player_icon_shelly_sands","","","0","0","","sc/ui.sc","player_icon_shelly_sands","3157","","true","","","","","","","ShotgunGirlDancer","TRUE","","","","",""
"player_icon_spike_poop","","","0","0","","sc/ui.sc","player_icon_spike_poop","3158","","true","","","","","","","CactusPoop","TRUE","","","","",""
"player_icon_buzz_ragnarok","","","0","0","","sc/ui.sc","player_icon_buzz_ragnarok","3159","","true","","","","","","","RopeDudeFenrir","TRUE","","","","",""
"player_icon_colt_mecha","","","0","0","","sc/ui.sc","player_icon_colt_mecha","3160","","true","","","","","","","GunslingerMecha","TRUE","","","","",""
"player_icon_fang_baseball_chroma","","","0","0","","sc/ui.sc","player_icon_fang_baseball_chroma","3161","","true","","","","","","","KickerDudeBaseballBlue","TRUE","","","","",""
"player_icon_leon_mecha","","","0","0","","sc/ui.sc","player_icon_leon_mecha","3162","","true","","","","","","","NinjaMecha","TRUE","","","","",""
"player_icon_surge_sands","","","0","0","","sc/ui.sc","player_icon_surge_sands","3163","","true","","","","","","","PowerLevelerGenie","TRUE","","","","",""
"player_icon_spike_robo","","","0","0","","sc/ui.sc","player_icon_spike_robo","3164","","true","","","","","","","Cactusmecha","TRUE","","","","",""
"player_icon_sprout_lunar","","","0","0","","sc/ui.sc","player_icon_sprout_lunar","3165","","true","","","","","","","WallyMoon","TRUE","","","","",""
"player_icon_primo_shark","","","0","0","","sc/ui.sc","player_icon_primo_shark","3166","","true","","","","","","","LuchadorBabyShark","TRUE","","","","",""
"player_icon_piper_lunar","","","0","0","","sc/ui.sc","player_icon_piper_lunar","3167","","true","","","","","","","SniperMoon","TRUE","","","","",""
"hero77","","","0","0","AxeJuggler","sc/ui.sc","player_icon_melody","724","","","","","","","","","","","","","","",""
"hero78","","","0","0","InsectMan","sc/ui.sc","player_icon_angelo","725","","","","","","","","","","","","","","",""
"player_icon_8bit_ranked_chroma","","","0","0","","sc/ui.sc","player_icon_8bit_ranked_chroma","3168","","true","","","","","","","ArcadePiano_black","TRUE","","","","",""
"player_icon_brock_sentai_black","","","0","0","","sc/ui.sc","player_icon_brock_sentai_black","3169","","true","","","","","","","RocketGirlRanger_black","TRUE","","","","",""
"player_icon_brock_sentai_blue","","","0","0","","sc/ui.sc","player_icon_brock_sentai_blue","3170","","true","","","","","","","RocketGirlRanger_blue","TRUE","","","","",""
"player_icon_brock_sentai_pink","","","0","0","","sc/ui.sc","player_icon_brock_sentai_pink","3171","","true","","","","","","","RocketGirlRanger_pink","TRUE","","","","",""
"player_icon_brock_sentai_red","","","0","0","","sc/ui.sc","player_icon_brock_sentai_red","3172","","true","","","","","","","RocketGirlRanger_red","TRUE","","","","",""
"player_icon_brock_sentai_yellow","","","0","0","","sc/ui.sc","player_icon_brock_sentai_yellow","3173","","true","","","","","","","RocketGirlRanger_yellow","TRUE","","","","",""
"player_icon_buzz_ranked_chroma","","","0","0","","sc/ui.sc","player_icon_buzz_ranked_chroma","3174","","true","","","","","","","RopeDudeDirector_blue","TRUE","","","","",""
"player_icon_byron_ranked_chroma","","","0","0","","sc/ui.sc","player_icon_byron_ranked_chroma","3175","","true","","","","","","","SnakeOilWizard_white","TRUE","","","","",""
"player_icon_gene_samurai","","","0","0","","sc/ui.sc","player_icon_gene_samurai","3176","","true","","","","","","","HookDudeMake","TRUE","","","","",""
"player_icon_jacky_ranked_chroma","","","0","0","","sc/ui.sc","player_icon_jacky_ranked_chroma","3177","","true","","","","","","","DrillerJetski_purple","TRUE","","","","",""
"player_icon_nita_ranked_chroma","","","0","0","","sc/ui.sc","player_icon_nita_ranked_chroma","3178","","true","","","","","","","ShamanDragon_black","TRUE","","","","",""
"player_icon_penny_ranked_chroma","","","0","0","","sc/ui.sc","player_icon_penny_ranked_chroma","3179","","true","","","","","","","ArtilleryDudeSmuggler_orange","TRUE","","","","",""
"player_icon_sandy_nightmare","","","0","0","","sc/ui.sc","player_icon_sandy_nightmare","3180","","true","","","","","","","SandstormMake","TRUE","","","","",""
"player_icon_shelly_squad","","","0","0","","sc/ui.sc","player_icon_shelly_squad","3181","","true","","","","","","","ShotgunGirlSquad","TRUE","","","","",""
"player_icon_bp_godzilla","","","0","0","","sc/ui.sc","player_icon_bp_godzilla","3182","true","","","","","","","","","","","","","",""
"player_icon_bp_hackers","","","0","0","","sc/ui.sc","player_icon_bp_hackers","3183","true","","","","","","","","","","","","","",""
"player_icon_godzilla_event1","","","0","0","","sc/ui.sc","player_icon_godzilla_event1","3184","true","","","","","","","","","","","GODZILLA","","",""
"player_icon_godzilla_event2","","","0","0","","sc/ui.sc","player_icon_godzilla_event2","3185","true","","","","","","","","","","","GODZILLA","","",""
"player_icon_mutated_logo","","","0","0","","sc/ui.sc","player_icon_mutated_logo","3186","true","","","","","","","","","","","GODZILLA","","",""
"player_icon_mutation","","","0","0","","sc/ui.sc","player_icon_mutation","3187","true","","","","","","","","","","","GODZILLA","","",""
"player_icon_pl_logo","","","0","0","","sc/ui.sc","player_icon_pl_logo","1033","true","","","","","","","","","","","","","",""
"player_icon_ranked_godzilla","","","0","0","","sc/ui.sc","player_icon_ranked_godzilla","1034","true","","","","","","","","","","","","","",""
"player_icon_ranked_hackers","","","0","0","","sc/ui.sc","player_icon_ranked_hackers","1035","true","","","","","","","","","","","","","",""
"player_icon_ranked_logo","","","0","0","","sc/ui.sc","player_icon_ranked_logo","1036","true","","","","","","","","","","","","","",""
"player_icon_esports_hackers","","","0","0","","sc/ui.sc","player_icon_esports_hackers","5013","","true","","","","","","","","","","","","",""
"player_icon_max_overcharge","","","0","0","","sc/ui.sc","player_icon_max_overcharge","6025","","true","","","","","true","","","","","","Speedy","",""
"player_icon_gene_overcharge","","","0","0","","sc/ui.sc","player_icon_gene_overcharge","6026","","true","","","","","true","","","","","","HookDude","",""
"player_icon_nita_overcharge","","","0","0","","sc/ui.sc","player_icon_nita_overcharge","6027","","true","","","","","true","","","","","","Shaman","",""
"player_icon_brock_overcharge","","","0","0","","sc/ui.sc","player_icon_brock_overcharge","6028","","true","","","","","true","","","","","","RocketGirl","",""
"player_icon_sandy_overcharge","","","0","0","","sc/ui.sc","player_icon_sandy_overcharge","6029","","true","","","","","true","","","","","","Sandstorm","",""
"player_icon_tick_overcharge","","","0","0","","sc/ui.sc","player_icon_tick_overcharge","6030","","true","","","","","true","","","","","","ClusterBombDude","",""
"player_icon_brawlball_foot","","","0","0","","sc/ui.sc","player_icon_brawlball_foot","3188","true","","","","","","","","","","","","","",""
"player_icon_classic_brawl","","","0","0","","sc/ui.sc","player_icon_classic_brawl","3189","true","","","","","","","","","","","","","",""
"hero79","","","0","0","Ambusher","sc/ui.sc","player_icon_lily","726","","","","","","","","","","","","","","",""
"hero80","","","0","0","DragonRider","sc/ui.sc","player_icon_draco","727","","","","","","","","","","","","","","",""
"player_icon_draco_special","","","0","0","","sc/ui.sc","player_icon_draco_special","3190","","true","","","","","","","","","","","","",""
"player_icon_lily1","","","0","0","","sc/ui.sc","player_icon_lily1","2074","true","","","","","","","","","","","","","",""
"player_icon_draco1","","","0","0","","sc/ui.sc","player_icon_draco1","2075","true","","","","","","","","","","","","","",""
"player_icon_amber_frozequeen","","","0","0","","sc/ui.sc","player_icon_amber_frozequeen","3191","","true","","","","","","","FireDudeFrost","TRUE","","","","",""
"player_icon_bibi_virus","","","0","0","","sc/ui.sc","player_icon_bibi_virus","3192","","true","","","","","","","BaseballGamer_remake","TRUE","","","","",""
"player_icon_bo_mecha","","","0","0","","sc/ui.sc","player_icon_bo_mecha","3193","","true","","","","","","","BoMecha","TRUE","","","","",""
"player_icon_brock_virus","","","0","0","","sc/ui.sc","player_icon_brock_virus","3194","","true","","","","","","","RocketGirlVirus","TRUE","","","","",""
"player_icon_buzz_godzilla","","","0","0","","sc/ui.sc","player_icon_buzz_godzilla","3195","","true","","","","","","","RopeDudeGodzilla","TRUE","","","","",""
"player_icon_charlie_virus","","","0","0","","sc/ui.sc","player_icon_charlie_virus","3196","","true","","","","","","","CocoonerVirus","TRUE","","","","",""
"player_icon_eve_godzilla","","","0","0","","sc/ui.sc","player_icon_eve_godzilla","3197","","true","","","","","","","FleaGodzilla","TRUE","","","","",""
"player_icon_fang_virus","","","0","0","","sc/ui.sc","player_icon_fang_virus","3198","","true","","","","","","","KickerDudeVirus","TRUE","","","","",""
"player_icon_nita_godzilla","","","0","0","","sc/ui.sc","player_icon_nita_godzilla","3199","","true","","","","","","","ShamanGodzilla","TRUE","","","","",""
"player_icon_surge_paladin_red","","","0","0","","sc/ui.sc","player_icon_surge_paladin_red","3200","","true","","","","","","","PowerLevelerKnight_red","TRUE","","","","",""
"player_icon_tara_virus","","","0","0","","sc/ui.sc","player_icon_tara_virus","3201","","true","","","","","","","BlackHoleStreetNinja_remake","TRUE","","","","",""
"player_icon_tick_godzilla","","","0","0","","sc/ui.sc","player_icon_tick_godzilla","3202","","true","","","","","","","ClusterBombDudeGodzilla","TRUE","","","","",""
"player_icon_twins_virus","","","0","0","","sc/ui.sc","player_icon_twins_virus","3203","","true","","","","","","","TwinsVirus","TRUE","","","","",""
