Name,BehaviorType,CanMoveAtSameTime,Targeted,CanAutoShoot,MovementBasedAutoshoot,AttackFacing,Cooldown,ActiveTime,CastingTime,CastingRange,RangeVisual,RangeInputScale,MaxCastingRange,AllowAimOutsideMap,ForceValidTile,RechargeTime,MaxCharge,Damage,PercentDamage,MsBetweenAttacks,Spread,AttackPattern,NumBulletsInOneAttack,TwoGuns,ExecuteFirstAttackImmediately,MovementSpeed,ChargePushback,OverchargedChargePushback,ChargeSpeed,ChargeType,NumSpawns,MaxSpawns,BreakInvisibilityOnAttack,SeeInvisibilityDistance,AlwaysCastAtMaxRange,Projectile,OverchargedProjectile,SummonedCharacter,AreaEffectObject,AreaEffectObject2,OverchargedAreaEffectObject,OverchargedAreaEffectObject2,AreaEffectFollow,SpawnedItem,SpawnItemTriggerType,ButtonSWF,ButtonExportName,ButtonExportNameBlue,AttackEffect,OverchargedAttackEffect,UseEffect,OverchargedUseEffect,EndEffect,OverchargedEndEffect,LoopEffect,LoopEffect2,OverchargedLoopEffect,OverchargedLoopEffect2,ChargeMoveSound,MultiShot,SkillChangeType,SecondarySkill,SecondarySkill2,SecondarySkill3,SecondarySkill4,ShowTimerBar,SecondaryProjectile,ThirdProjectile,ChargedShotCount,DamageModifier,HoldToShoot,UsableInShadowRealm,"HealSelfOnActivationType","HealSelfOnActivationPower",CustomString,CustomString2,CustomValue
string,String,boolean,boolean,boolean,boolean,int,int,int,int,int,int,int,int,boolean,int,int,int,int,int,int,int,int,int,boolean,boolean,int,int,int,int,int,int,int,boolean,int,boolean,string,string,string,string,string,string,string,boolean,string,int,string,string,string,string,string,string,string,string,string,string,string,string,string,string,boolean,int,string,string,string,string,boolean,string,string,int,int,boolean,boolean,"int","int",string,string,int
ShotgunGirlWeapon,Attack,TRUE,TRUE,TRUE,,,250,150,,23,,,,,,1500,3,300,,100,60,,5,,TRUE,,,,,,,,,,,ShotgunGirlProjectile,,,,,,,,,,,,,shelly_def_atk,,,,,,,,,,,,,,,,,,,,,,,TRUE,,,,,
ShotgunGirlUlti,Attack,TRUE,TRUE,TRUE,,,250,150,,23,,,,,,,,320,,100,100,,9,,TRUE,,,,,,,,,,,ShotgunGirlUltiProjectile,ShotgunGirlOverchargedUltiProjectile,,,,,,,,,,,,shelly_def_ulti,shelly_def_overcharge,,,,,,,,,,,,,,,,,,,,,,,,,,,
GunslingerWeapon,Attack,TRUE,TRUE,TRUE,,,50,650,,27,,,,,,1400,3,360,,100,0,,1,TRUE,TRUE,,,,,,,,,,,GunslingerProjectile,,,,,,,,,,,,,colt_def_atk,,,,,,,,,,,,,,,,,,,,,,,TRUE,,,,,
GunslingerUlti,Attack,TRUE,TRUE,TRUE,,,50,1250,,33,,,,,,,,320,,100,0,,1,TRUE,TRUE,,,,,,,,,,,GunslingerUltiProjectile,GunslingerOverchargedUltiProjectile,,,,,,,,,,,,colt_def_ulti,colt_def_overcharge,Dummy_effect,,,,,,,,,,,,,,,,,,,,,,,,,,
BullDudeWeapon,Attack,TRUE,TRUE,TRUE,,,250,150,,16,,,,,,1600,3,440,,100,90,,5,,TRUE,,,,,,,,,,,BullDudeProjectile,,,,,,,,,,,,,bull_def_atk,,,,,,,,,,,,,,,,,,,,,,,TRUE,,,,,
BullDudeUlti,Charge,,TRUE,TRUE,,,50,,,33,,,,,,,,960,,,,,,,,,130,,1800,1,,,,,TRUE,,,,,,,,,,,,,,,,bull_dude_ulti,,,,bull_dude_ulti_loop,,bull_def_overcharge,bull_def_overcharge_loop,Rhinostep,,,,,,,,,,,,,,,,,,
RocketGirlWeapon,Attack,TRUE,TRUE,TRUE,,,250,150,,27,,,,,,2100,3,1160,,100,,,1,,TRUE,,,,,,,,,,,RocketGirlProjectile,,,,,,,,,,,,,brock_def_atk,,,,,,,,,,,,,,,,,,,,,,,TRUE,,,,,
RocketGirlUlti,Attack,TRUE,TRUE,TRUE,,,250,1850,,25,,,,,,,,1040,,200,160,9,1,,TRUE,,,,,,,,,,,RocketGirlUltiProjectile,"RocketGirlUltiOverchargedProjectile",,,,,,,,,,,,brock_def_ulti,"brock_def_oc_ulti",,,,,,,,,,,,,,,,,,,,,,,,,,,
TrickshotDudeWeapon,Attack,TRUE,TRUE,TRUE,,,50,800,,29,,,,,,1200,3,320,,150,15,1,1,,TRUE,,,,,,,,,,,TrickshotDudeProjectile,,,,,,,,,,,,,rico_def_atk,,,,,,,,,,,,,,,,,,,,,,,TRUE,,,,,
TrickshotDudeUlti,Attack,TRUE,TRUE,TRUE,,,50,1250,,40,,,,,,,,360,,100,20,1,1,,TRUE,,,,,,,,,,,TrickshotDudeUltiProjectile,,,,,,,,,,,,,rico_def_ulti,,,,,,,,,,,,,,,,,,,,,,,,,,,,
CactusWeapon,Attack,TRUE,TRUE,TRUE,,,250,150,,23,,,,,,2000,3,540,,100,,,1,,TRUE,,,,,,,,,,,CactusProjectile,,,,,,,,,,,,,cactus_attack,,,,,,,,,,,,,,,,,,,,,,,TRUE,,,,,
CactusUlti,Attack,TRUE,TRUE,TRUE,,,250,150,,23,,,,,,,,400,,100,0,,1,,TRUE,,,,,,,,,,,CactusUltiProjectile,CactusOverchargedUltiProjectile,,,,,,,,,,,,cactus_attack_ulti,,,,,,,,,,,,,,,,,,,,,,,,,,,,
BarkeepWeapon,Attack,TRUE,TRUE,TRUE,,,250,150,,22,,,,,,2000,3,800,,100,0,,1,,TRUE,,,,,,,,,,,BarkeepProjectile,,,,,,,,,,,,,barkeep_attack,,,,,,,,,,,,,,,,,,,,,,,TRUE,,,,,
BarkeepUlti,Attack,TRUE,TRUE,TRUE,,,250,1050,,28,,,,,,,,800,,200,75,9,1,,TRUE,,,,,,,,,,,BarkeepUltiProjectile,,,,,,,,,,,,,barkeep_attack_ulti,,,,,,,,,,,,,,,,,,,,,,,,,,,,
MechanicWeapon,Attack,TRUE,TRUE,TRUE,,,250,150,,27,,,,,,1800,3,1060,,100,0,,1,,TRUE,,,,,,,,,,,MechanicProjectile1,,,,,,,,,,,,,mechanic_attack,,,,,,,,,,,,,,,,,,,,,,,TRUE,,,,,
MechanicUlti,Attack,TRUE,TRUE,TRUE,,,50,250,,15,,,,,,,,,,200,,,1,,TRUE,,,,,,1,1,,,,MechanicUltiProjectile,MechanicOverchargedUltiProjectile,MechanicTurret,,,,,,,,,,,mechanic_ulti,,,,,,,,,,,,,,,,,,,,,,,,,,,,
ShamanWeapon,Attack,TRUE,TRUE,TRUE,,,250,150,,18,,,,,,1100,3,960,,100,0,,1,,TRUE,,,,,,,,,,,ShamanProjectile,,,,,,,,,,,,,shaman_attack,,,,,,,,,,,,,,,,,,,,,,,TRUE,,,,,
ShamanUlti,Attack,TRUE,TRUE,TRUE,,,50,250,,15,,,,,,,,,,200,,,1,,TRUE,,,,,,1,1,,,,ShamanUltiProjectile,"ShamanOverChargedUltiProjectile",ShamanPet,,,,,,,,,,,shaman_ulti,,,,,,,,,,,,,,,,,,,,,,,,,,,,
TntDudeWeapon,Attack,TRUE,TRUE,TRUE,,,250,150,,22,,,,,,1600,3,800,,100,30,,2,,TRUE,,,,,,,,,,,TntDudeProjectile,,,,,,,,,,,,,tnt_attack,,,,,,,,,,,,,,,,,,,,,,,TRUE,,,,,
TntDudeUlti,Attack,TRUE,TRUE,TRUE,,,250,150,,22,,,,,,,,2200,,100,0,,1,,TRUE,,,,,,,,,,,TntDudeUltiProjectile,TntDudeOverchargedUltiProjectile,,,,,,,,,,,,tnt_attack_ulti,,,,,,,,,,,,,,,,,,,,,,,,,,,,
LuchadorWeapon,Attack,TRUE,TRUE,TRUE,,,50,650,,9,,,,,,800,3,380,,150,0,,1,TRUE,TRUE,,,,,,,,,,,PrimoDefProjectile,,,,,,,,,,,,,luchador_attack,,,,,,,,,,,,,,,,,,,,,,,TRUE,,,,,
LuchadorUlti,Charge,,TRUE,TRUE,,,50,,,27,,,,,,,,960,,,,,,,,,130,-100,1600,3,,,,,,,,,,,,,,,,,,,,,luchador_ulti,luchador_overcharged_ulti,luchador_ulti_ground_hit,luchador_overcharged_ulti_ground_hit,,,,,,,,,,,,,,,,,,,,,,,
UndertakerWeapon,Charge,,TRUE,TRUE,,,0,,,8,,,,,,2400,3,1000,,,,,,,,,,,2700,4,,,,,TRUE,,,,,,,,,,,,,,,,mortis_def_atk,,,,,,,,,,,,,,,,,,,,,TRUE,,,,,
UndertakerUlti,Attack,TRUE,TRUE,TRUE,,,0,200,,30,,,,,,,,900,,150,,,1,,TRUE,,,,,,,,,,,UndertakerUltiProjectile,,,,,,,,,,,,,undertaker_attack_ulti,,Dummy_effect,,,,,,,,,,,,,,,,,,,,,,,,,,
CrowWeapon,Attack,TRUE,TRUE,TRUE,,,250,150,,26,,,,,,1400,3,320,,100,45,,3,,TRUE,,,,,,,,,,,CrowProjectile,,,,,,,,,,,,,crow_attack,,,,,,,,,,,,,,,,,,,,,,,TRUE,,,,,
CrowUlti,Charge,,TRUE,TRUE,,,50,,,26,,,,,,,,320,,,,,,,,,0,,3000,2,,,,,,,,,CrowUltiKnifes,,CrowOverchargedUltiKnifes,,TRUE,,,,,,,,crow_ulti,,,,,,,,,,,,,,,,,,,,,,,,,,
DeadMariachiWeapon,Attack,TRUE,TRUE,TRUE,,,250,150,,21,,,,,,1600,3,760,,100,130,,4,,TRUE,,,,,,,,,,,DeadMariachiProjectile,,,,,,,,,,,,,poco_def_atk_direct,,poco_def_atk_root,,,,,,,,,,,,,,,,,,,,,TRUE,,,,,
DeadMariachiUlti,Attack,TRUE,TRUE,TRUE,,,250,150,,28,,,,,,,,2100,,100,130,,3,,TRUE,,,,,,,,,,,DeadMariachiUltiProjectile,,,,,,,,,,,,,poco_def_atk_direct,,poco_def_ulti_root,,,,,,,,,,,,,,,,,,,,,,,,,,
BowDudeWeapon,Attack,TRUE,TRUE,TRUE,,,50,650,,26,,,,,,1700,3,640,,200,30,2,1,,TRUE,,,,,,,,,,,BowDudeProjectile,,,,,,,,,,,,,bow_dude_attack,,,,,,,,,,,,,,,,,,,,,,,TRUE,,,,,
BowDudeUlti,Attack,TRUE,TRUE,TRUE,,,50,250,,26,,,,,,,,1440,,200,,,1,,TRUE,,,,,,1,1,,,,BowDudeSpawnMineProjectile,,,,,,,,BoxOfMines,,,,,bo_def_ulti_attack,,,,,,,,,,,,,,,,,,,,,,,,,,,,
SniperWeapon,Attack,TRUE,TRUE,TRUE,,,500,150,,30,,,,,,2300,3,1700,,100,,,1,,TRUE,,,,,,,,,,,SniperProjectile,,,,,,,,,,,,,sniper_attack,,,,,,,,,,,,,,,,,,,,,,,TRUE,,,,,
SniperUlti,Charge,,TRUE,TRUE,,,50,,,26,,,,,,,,900,,,,,,,,,0,,1500,6,1,1,,,,,,,,,,,,BoxOfBombs,,,,,,,sniper_ulti,,piper_def_ulti_end,,,,,,,,,,,,,,,,,,,,,,,,
MinigunDudeWeapon,Attack,TRUE,TRUE,TRUE,,,50,950,,27,,,,,,1300,3,260,,100,60,3,1,,TRUE,,,,,,,,,,,MinigunDudeProjectile,,,,,,,,,,,,,pam_def_atk,,,,,,,,,,,,,,,,,,,,,,,TRUE,,,,,
MinigunDudeUlti,Attack,TRUE,TRUE,TRUE,,,50,250,,15,,,,,,,,,,200,,,1,,TRUE,,,,,,1,1,,,,MinigunDudeUltiProjectile,,HealingStation,,,,,,,,,,,minigun_ulti,,,,,,,,,,,,,,,,,,,,,,,,,,,,
BlackHoleWeapon,Attack,TRUE,TRUE,TRUE,,,250,150,,24,,,,,,2000,3,480,,100,50,,3,,TRUE,,,,,,,,,,,BlackHoleProjectile,,,,,,,,,,,,,tara_def_atk,,,,,,,,,,,,,,,,,,,,,,,TRUE,,,,,
BlackHoleUlti,Attack,TRUE,TRUE,TRUE,,,250,150,,20,,,,,,,,800,,100,0,,1,,TRUE,,,,,,,,,,,BlackHoleUltiProjectile,,,,,,,,,,,,,blackhole_ulti,,,,,,,,,,,,,,,,,,,,,,,,,,,,
BarrelBotWeapon,Attack,TRUE,TRUE,TRUE,,,50,550,,18,,,,,,1800,3,240,,250,80,,5,TRUE,TRUE,,,,,,,,,,,BarrelBotProjectile,,,,,,,,,,,,,darryl_def_atk,,,,,,,,,,,,,,,,,,,,,,,TRUE,,,,,
BarrelBotUlti,Charge,,TRUE,TRUE,,,50,,,21,,,,,,,,400,,,,,,,,,70,,2400,7,,,,,TRUE,,,,,,,,,,,,,,,,barrel_bot_ulti,,,,barrel_bot_ulti_loop,,,,Barrelbot_step,,,,,,,,,,,,,,,,,,
ArtilleryDudeWeapon,Attack,TRUE,TRUE,TRUE,,,250,150,,24,,,,,,2000,3,980,,100,0,,1,,TRUE,,,,,,,,,,,ArtilleryDudeProjectile,,,,,,,,,,,,,penny_def_atk,,,,,,,,,,,,,,,,,,,,,,,TRUE,,,,,
ArtilleryDudeUlti,Attack,TRUE,TRUE,TRUE,,,50,250,,15,,,,,,,,,,200,,,1,,TRUE,,,,,,1,1,,,,ArtilleryDudeUltiProjectile,,ArtilleryDudeTurret,,,,,,,,,,,artillery_dude_ulti,,,,,,,,,,,,,,,,,,,,,,,,,,,,
Warp,Blink,TRUE,TRUE,,,,250,,,19,,,,,,,,,,,,,,,,,,,,,,,,,,,,,,,,,,,,,,,,,,,,,,,,,,,,,,,,,,,,,,,,,,,
SupplyCrate,Attack,TRUE,TRUE,,,,250,,,14,,,,,,,,,,,,,,,,,,,,,,,,,,,,,,,,,,SupplyCrate,,,,,,,,,,,,,,,,,,,,,,,,,,,,,,,,,
Bow,Attack,TRUE,TRUE,,,,250,150,,20,,,40,,,,,600,,100,0,,,,TRUE,,,,,,,,,,,,,,,,,,,,,,,,laser_attack,,,,,,,,,,,,,,,,,,,,,,,,,,,,
DummySkillForLaserBall,Attack,TRUE,TRUE,,,,250,150,,24,,,,,,,,,,100,,,1,,TRUE,,,,,,,,,,,DummyProjectileForLaserBall,,,,,,,,,,,,,laser_ball_throw,,,,,,,,,,,,,,,,,,,,,,,,,,,,
DummyUltiSkillForLaserBall,Attack,TRUE,TRUE,,,,250,150,,36,,,,,,,,,,100,,,1,,TRUE,,,,,,,,,,,DummyProjectileForLaserBall,,,,,,,,,,,,,laser_ball_throw_ulti,,,,,,,,,,,,,,,,,,,,,,,,,,,,
DummySkillForLaserBallBurning,Attack,TRUE,TRUE,,,,250,150,,24,,,,,,,,,,100,,,1,,TRUE,,,,,,,,,,,DummyProjectileForLaserBallBurning,,,,,,,,,,,,,laser_ball_throw,,,,,,,,,,,,,,,,,,,,,,,,,,,,
DummyUltiSkillForLaserBallBurning,Attack,TRUE,TRUE,,,,250,150,,36,,,,,,,,,,100,,,1,,TRUE,,,,,,,,,,,DummyProjectileForLaserBallBurning,,,,,,,,,,,,,laser_ball_throw_ulti,,,,,,,,,,,,,,,,,,,,,,,,,,,,
BossRapidFire,Attack,,TRUE,,,,50,1850,1250,40,,,,,,1250,3,900,,300,90,3,1,,TRUE,,,,,,,,,,,BossProjectile,,,,,,,,,,,,,minion_missile_atk,,minion_warning_long,,,,,,,,,,,,,,,,,,,,,,,,,,
BossCharge,Charge,,TRUE,,,,50,,1000,33,,,,,,,,1400,,,,,,,,,130,,1800,1,,,,,TRUE,,,,,,,,,,,,,,,,,,,,minion_rush,,,,Rhinostep,,,,,,,,,,,,,,,,,,
MeleeEnemyCharge,Charge,,TRUE,,,,50,,,33,,,,,,,,1000,,,,,,,,,130,,2400,1,,,,,TRUE,,,,,,,,,,,,,,,,,,,,minion_rush,,,,Rhinostep,,,,,,,,,,,,,,,,,,
HammerDudeWeapon,Attack,,TRUE,TRUE,,,50,700,,18,,,,,,800,3,1240,,600,130,,4,,,,,,,,,,,,,HammerDudeProjectile,,,,,,,,,,,,,hammer_dude_attack,,hammer_dude_start_attack,,,,,,,,,,,,,,,,,,,,,TRUE,,,,,
HammerDudeUlti,Attack,,TRUE,TRUE,,,50,1200,,21,,,,,,,,1240,,1100,130,,4,,,,,,,,,,,,,HammerDudeUltiProjectile,,,,,,,,,,,,,hammer_dude_ulti,,hammer_dude_start_ulti,,,,,,,,,,,,,,,,,,,,,,,,,,
HookWeapon,Attack,TRUE,TRUE,TRUE,,,250,150,,17,,,,,,2000,3,1000,,100,0,,1,,TRUE,,,,,,,,,,,HookProjectile,,,,,,,,,,,,,gene_def_atk,,,,,,,,,,,,,,,,,,,,,,,TRUE,,,,,
HookUlti,Attack,TRUE,TRUE,TRUE,,,250,150,,23,,,,,,,,,,100,,,1,,TRUE,,,,,,,,,,,HookUltiProjectile,"HookUltiOverchargedProjectile",,,,,,,,,,,,gene_def_ulti,,,,,,,,,,,,,,,,,,,,,,,,,,,,
ClusterBombDudeWeapon,Attack,TRUE,TRUE,TRUE,,,250,150,,26,,,,,,2400,3,640,,100,0,,1,,TRUE,,,,,,,,,,,ClusterBombProjectile,,,,,,,,,,,,,tick_def_atk,,,,,,,,,,,,,,,,,,,,,,,TRUE,,,,,
ClusterBombDudeUlti,Attack,TRUE,TRUE,TRUE,,,50,250,,10,,,,,,,,,,200,,,1,,TRUE,,,,,,1,1,,,,ClusterBombSummonProjectile,"ClusterBombOverchargedSummonProjectile",ClusterBombPet,,,,,,,,,,,tick_attack_ulti,,tick_def_ulti,,,,,,,,,,,,,,,,,,,,,,,,,,
BoneThrowerWeapon,Attack,TRUE,TRUE,TRUE,,,250,150,,27,,,,,,2000,3,,,100,0,,1,,TRUE,,,,,,,,,,,BoneThrowerProjectile,,,,,,,,,,,,,bonethrower_attack,,,,,,,,,,,,,,,,,,,,,,,TRUE,,,,,
BoneThrowerUlti,Attack,TRUE,TRUE,TRUE,,,250,150,,27,,,,,,,,100,,500,,,1,,TRUE,,,,,,,,,,,BoneThrowerUltiProjectile,,,,,,,,,,,,,bonethrower_ulti,,,,,,,,,,,,,,,,,,,,,,,,,,,,
NinjaWeapon,Attack,TRUE,TRUE,TRUE,,,50,450,,29,,,,,,1900,3,480,,100,35,2,1,TRUE,TRUE,,,,,,,,,,,LeonDefProjectile,,,,,,,,,,,,,ninja_attack,,,,,,,,,,,,,,,,,,,,,,,TRUE,,,,,
NinjaUlti,Invisibility,TRUE,,TRUE,,,50,6000,,,,,,,,,,,,,,,,,,,,,,,,,TRUE,1200,,,,,,,,,,,,,,,,,ninja_go_invisible,ninja_go_invisible_overcharged,,,,,,,,,,,,,,TRUE,,,,,,,,,,,
RosaWeapon,Attack,TRUE,TRUE,TRUE,,,50,800,,11,,,,,,1000,3,460,,250,130,,3,TRUE,TRUE,,,,,,,,,,,RosaProjectile,RosaOverchargedProjectile,,,,,,,,,,,,rosa_def_atk,,,,,,,,,,,,,,,,,,,,,,,TRUE,,,,,
RosaUlti,Shield,TRUE,,TRUE,,,50,3000,,,,,,,,,,,,70,,,,,,,,,,,,,,,,,,,,,RosaOverchargedUltiArea,,,,,,,,,,rosa_def_ulti,rosa_def_overcharge_use,,,rosa_def_ulti_loop,,rosa_def_overcharge_loop,,,,,,,,,TRUE,,,,,,,,,,,
SandstormUlti,Attack,TRUE,TRUE,TRUE,,,250,150,,22,,,,,,,,,,100,0,,1,,TRUE,,,,,,,,,,,SandstormUltiProjectile,"SandstormOverchargedUltiProjectile",,,,,,,,,,,,tnt_attack_ulti,,,,,,,,,,,,,,,,,,,,,,,,,,,,
WhirlwindWeapon,Attack,TRUE,TRUE,TRUE,,,500,150,,25,,,,,,2000,1,740,,100,0,,1,,TRUE,,,,,,,,,,,WhirlwindProjectile,,,,,,,,,,,,,whirlwind_attack,,,,,,,,,,,,,,,,,,,,,,,TRUE,,,,,
WhirlwindUlti,Ww,TRUE,,TRUE,,,50,3000,,7,,,,,,,,500,,600,,,,,,,,,,,,,,,TRUE,,,,,,,,,,,,,,,,,,,,carl_def_ulti_loop,carl_def_ulti_ground,,,,,,,,,,TRUE,,,,,,,,,,,
BaseballWeapon,Attack,TRUE,TRUE,TRUE,,,50,700,,11,,,,,,800,3,1400,,600,300,,1,,,,200,,2000,,,,,,,,,,,,,,,,,,,,bibi_def_atk,,bibi_swing,,,,,,,,,,,,,,,,,,,,,TRUE,,,,,
BaseballUlti,Attack,TRUE,TRUE,TRUE,,,50,150,,120,,,,,,,,900,,100,,,,,TRUE,,,,,,,,,,,BaseballUltiProjectile,BaseballOverchargedUltiProjectile,,,,,,,,,,,,bibi_def_ulti,,,,,,,,,,,,,,,,,,,,,,,,,,,,
ArcadeWeapon,Attack,TRUE,TRUE,TRUE,,,50,650,,30,,,,,,1500,3,320,,100,18,3,1,,TRUE,,,,,,,,,,,ArcadeProjectile,,,,,,,,,,,,,arcade_def_atk,,,,,,,,,,,,,,,,,,,,,,,TRUE,,,,,
ArcadeUlti,Attack,TRUE,TRUE,TRUE,,,50,250,,15,,,,,,,,,,200,,,1,,TRUE,,,,,,1,1,,,,ArcadeUltiProjectile,,DamageBooster,,,,,,,,,,,,,arcade_def_ulti_atk,,,,,,,,,,,,,,,,,,,,,,,,,,
SandstormWeapon,Attack,TRUE,TRUE,TRUE,,,250,150,,18,,,,,,1800,3,900,,100,80,4,3,,TRUE,,,,,,,,,,,SandstormProjectile,,,,,,,,,,,,,poco_def_atk_direct,,,,,,,,,,,,,,,,,,,,,,,TRUE,,,,,
BeeSniperWeapon,Attack,TRUE,TRUE,TRUE,,,50,150,,30,,,,,,900,1,800,,100,,,1,,TRUE,,,,,,,,,,,BeeSniperProjectile,,,,,,,,,,,,,bea_def_atk,,,,,,,,,,,,,,,,,,BeeSniperChargedProjectile,,1,250,,TRUE,,,,,
BeeSniperUlti,Attack,TRUE,TRUE,TRUE,,,50,150,,27,,,,,,,,100,,100,30,,7,,TRUE,,,,,,,,,,,BeeSniperUltiProjectile,,,,,,,,,,,,,tick_def_atk,,Dummy_effect,,,,,,,,,,,,,,,,,,,,,,,,,,
MummyWeapon,Attack,TRUE,TRUE,TRUE,,,250,150,,20,,,,,,2000,3,520,,100,80,5,5,,TRUE,,,,,,,,,,,MummyProjectile,,,,,,,,,,,,,emz_def_atk,,,,,,,,,,,,,,,,,,,,,,,TRUE,,,,,
MummyUlti,AreaBuff,TRUE,,TRUE,,,50,5000,,,,,,,,,,240,,70,,,,,,,,,,,,,,,,,,,MummyUltiArea,,,,TRUE,,,,,,,,emz_def_ulti_use,,,,Dummy_effect,,,,,,,,,,,TRUE,,,,,,,,,,,
SpawnerDudeUlti,Attack,TRUE,TRUE,TRUE,,,50,250,,15,,,,,,,,,,200,,,1,,TRUE,,,,,,1,1,,,,SpawnerDudeUltiProjectile,,SpawnerDudeTurret,,,,,,,,,,,,,,,,,,,,,,,,,,,,,,,,,,,,,,,
SpawnerDudeWeapon,Attack,TRUE,TRUE,TRUE,,,250,150,,21,,,,,,1600,3,760,,100,,,1,,TRUE,,,,,,,,,,,SpawnerDudeProjectile,,,,,,,,,,,,,colt_def_atk,,,,,,,,,,,,,,,,,,,,,,,TRUE,,,,,
SpeedyWeapon,Attack,TRUE,TRUE,TRUE,,,50,450,,25,,,,,,1300,4,320,,100,30,6,1,,TRUE,,,,,,,,,,,SpeedyProjectile,,,,,,,,,,,,,colt_def_atk,,,,,,,,,,,,,,,,,,,,,,,TRUE,,,,,
SpeedyUlti,AreaBuff,TRUE,,TRUE,,,50,4000,,,,,,,,,,,,,,,,,,,,,,,,,,,,,,,SpeedyUltiArea,,"SpeedyUltiOverchargedArea",,TRUE,,,,,,,,,,,,Dummy_effect,,,,,,,,,,,,,,,,,,,,,,
HomerWeapon,Attack,TRUE,TRUE,TRUE,,,50,150,,20,,,,,,2200,3,800,,100,,,1,,TRUE,,,,,,,,,,,HomerProjectile,,,,,,,,,,,,,sniper_attack,,,,,,,,,,,,,,,,,,,,,,,TRUE,,,,,
HomerUlti,Attack,TRUE,TRUE,TRUE,,,50,250,,15,,,,,,,,,,200,,,1,,TRUE,,,,,,1,1,,,,HomerUltiProjectile,,ReloadBooster,,,,,,,,,,,shaman_ulti,,,,,,,,,,,,,,,,,,,,,,,,,,,,
DummySkillForCTF,Attack,TRUE,TRUE,,,,250,150,,13,,200,,,,,,,,100,,,1,,TRUE,,,,,,,,,,,DummyProjectileForCTF,,,,,,,,,,,,,laser_ball_throw,,,,,,,,,,,,,,,,,,,,,,,,,,,,
DummyUltiSkillForCTF,Attack,TRUE,TRUE,,,,250,150,,20,,300,,,,,,,,100,,,1,,TRUE,,,,,,,,,,,DummyProjectileForCTF,,,,,,,,,,,,,laser_ball_throw_ulti,,,,,,,,,,,,,,,,,,,,,,,,,,,,
DrillerWeapon,Attack,TRUE,,TRUE,,1,250,150,,10,,,,,,1800,3,,,1000,,,,,,,,,,,,,,,,,,,DrillerDamageArea,,,,TRUE,,,,,,luchador_attack,,,,,,,,,,,,,,,,,,,,,,,TRUE,,,,,
DrillerUlti,Attack,TRUE,,TRUE,,1,250,500,,,,,,,,,,,,1000,,,,,,,,,,,,,,,,,,,DrillerUltiArea,,DrillerOverchargedUltiArea,,TRUE,,,,,,,,driller_def_ulti_use,driller_def_overcharge_use,,,Dummy_effect,,,,,,,,,,,,,,,,,,,,,,
BlowerWeapon,Attack,TRUE,TRUE,TRUE,,,250,150,,25,,,,,,1200,3,280,,100,,7,6,,TRUE,,,,,,,,,,,BlowerProjectile,,,,,,,,,,,,,bull_def_atk,,,,,,,,,,,,,,,,,,,,,,,TRUE,,,,,
BlowerUlti,Attack,TRUE,TRUE,TRUE,,,250,150,,30,,,,,,,,500,,100,,7,5,,TRUE,,,,,,,,,,,BlowerUltiProjectile,,,,,,,,,,,,,shelly_def_ulti,,,,,,,,,,,,,,,,,,,,,,,,,,,,
ControllerWeapon,Attack,TRUE,TRUE,TRUE,,,500,150,,26,,,,,,1800,3,740,,100,50,,3,,TRUE,,,,,,,,,,,ControllerProjectile,,,,,,,,,,,,,bull_def_atk,,,,,,,,,,,,,,,,,,,,,,,TRUE,,,,,
ControllerUlti,Attack,,TRUE,TRUE,,,50,150,,10,,,,,,,,1800,,100,0,,1,,TRUE,,,,,,,,,,,ControllerUltiProjectile,,,,,,,,,,,,,colt_def_ulti,,Dummy_effect,,,,,,,,,,,,,,,,,,,,,,,,,,
WallyWeapon,Attack,TRUE,TRUE,TRUE,,,250,150,,15,,,,,1,1700,3,980,,100,30,,1,,TRUE,,,,,,,,,,,WallyProjectile,,,,,,,,,,,,,sprout_def_atk,,,,,,,,,,,,,,,,,,,,,,,TRUE,,,,,
WallyUlti,Attack,TRUE,TRUE,TRUE,,,250,150,,23,,,,,1,,,,,100,0,,1,,TRUE,,,,,,,,,,,WallyUltiProjectile,WallyOverchargedUltiProjectile,,,,,,,,,,,,sprout_def_ulti,sprout_def_oc_muzzle,,,,,,,,,,,,,,,,,,,,,,,,,,,
PowerLevelerWeapon,Attack,TRUE,TRUE,TRUE,,,250,150,,20,,,,,,2000,3,1180,,100,0,,1,,TRUE,,,,,,,,,,,PowerLevelerProjectile,,,,,,,,,,,,,surge_def_atk,,,,,,,,,,,,,,,,,,,,,,,TRUE,,,,,
PowerLevelerUlti,Charge,,TRUE,TRUE,,,50,,,10,,,,,,,,1000,,,,,,,,,100,,4000,9,,,,,,,,,,,,,,,,,,,,,surge_def_ulti_use,,surge_def_ulti_ground,,,,,,,,,,,,,,,,,,,,,,,,
BossTownCrushCharge,Charge,,TRUE,,,,50,,1500,33,,,,,,,,1000,,,,,,,,,130,,1800,3,,,,,,,,,,,,,,,,,,,mode_tc_boss_atk_jump,,mode_tc_boss_atk_jump,,luchador_ulti_ground_hit,,minion_rush,,,,Rhinostep,,,,,,,,,,,,,,,,,,
BossTownCrushAoE,Attack,,,TRUE,,1,250,1500,2000,10,,,,,,1800,3,,,800,,,,,,,,,,,,,,,,,,,BossTownCrushAoEArea,,,,TRUE,,,,,,luchador_attack,,minion_warning_long,,,,,,,,,,,,,,,,,,,,,,,,,,
RaidBossRapidFire,Attack,,TRUE,,,,50,1850,1250,60,,,,,,1250,3,1200,,300,100,2,1,,TRUE,,,,,,,,,,,RaidBossProjectileRed,,,,,,,,,,,,,minion_rocket_atk,,minion_warning_long,,,,,,,,,,1,,,,,,,,,,,,,,,,
RaidBossRapidFire2,Attack,,TRUE,,,,50,1850,1000,60,,,,,,1250,3,1400,,200,150,2,1,,TRUE,,,,,,,,,,,RaidBossProjectileRed,,,,,,,,,,,,,minion_rocket_atk,,minion_warning_medium,,,,,,,,,,1,,,,,,,,,,,,,,,,
RaidBossRapidFire3,Attack,,TRUE,,,,50,1850,750,60,,,,,,1250,3,1700,,100,250,2,1,,TRUE,,,,,,,,,,,RaidBossProjectileRedDestroyEnv,,,,,,,,,,,,,minion_rocket_atk,,minion_warning_short,,,,,,,,,,1,,,,,,,,,,,,,,,,
RaidBossRapidFire4,Attack,,TRUE,,,,50,1850,750,60,,,,,,1250,3,2000,,100,250,2,1,,TRUE,,,,,,,,,,,RaidBossProjectileGold,,,,,,,,,,,,,minion_rocket_atk,,minion_warning_short,,,,,,,,,,1,,,,,,,,,,,,,,,,
RaidBossCharge,Charge,,TRUE,,,,50,,1250,40,,,,,,,,1200,,,,,,,,,130,,2000,1,,,,,TRUE,,,,,,,,,,,,,,,,,,,,minion_rush,,,,Rhinostep,,1,,,,,,,,,,,,,,,,
RaidBossCharge2,Charge,,TRUE,,,,50,,1000,50,,,,,,,,1400,,,,,,,,,130,,2500,1,,,,,TRUE,,,,,,,,,,,,,,,,,,,,minion_rush,,,,Rhinostep,,1,,,,,,,,,,,,,,,,
RaidBossCharge3,Charge,,TRUE,,,,50,,750,60,,,,,,,,1700,,,,,,,,,130,,3000,1,,,,,TRUE,,,,,,,,,,,,,,,,,,,,minion_rush,,,,Rhinostep,,1,,,,,,,,,,,,,,,,
RaidBossCharge4,Charge,,TRUE,,,,50,,750,60,,,,,,,,2000,,,,,,,,,130,,3000,1,,,,,TRUE,,,,,,,,,,,,,,,,,,,,minion_rush,,,,Rhinostep,,1,,,,,,,,,,,,,,,,
BossRapidFire2,Attack,,TRUE,,,,50,1850,1250,32,,,,,,1250,3,900,,300,90,3,1,,TRUE,,,,,,,,,,,BossProjectile,,,,,,,,,,,,,minion_rocket_atk,,minion_warning_long,,,,,,,,,,,,,,,,,,,,,,,,,,
BossRapidFire3,Attack,,TRUE,,,,50,1850,1250,32,,,,,,1250,3,900,,300,90,3,1,,TRUE,,,,,,,,,,,BossProjectile,,,,,,,,,,,,,minion_rocket_atk,,minion_warning_long,,,,,,,,,,,,,,,,,,,,,,,,,,
BossRaceBossRapidFire,Attack,,TRUE,,,,50,1850,750,60,,,,,,1250,3,1400,,200,150,2,1,,TRUE,,,,,,,,,,,BossRaceBossProjectile,,,,,,,,,,,,,minion_rocket_atk,,minion_warning_short,,,,,,,,,,1,,,,,,,,,,,,,,,,
BossRaceBossCharge,Charge,,TRUE,,,,50,,750,50,,,,,,,,1400,,,,,,,,,130,,2500,1,,,,,TRUE,,,,,,,,,,,,,,,,,,,,minion_rush,,,,Rhinostep,,,,,,,,,,,,,,,,,,
BossRaceBossChainLightning,Attack,,TRUE,,,,50,1050,750,60,,,,,,1250,3,1400,,200,150,2,1,,TRUE,,,,,,,,,,,BossRaceBossLightningProjectile1,,,,,,,,,,,,,minion_rocket_atk,,minion_warning_short,,,,,,,,,,1,,,,,,,,,,,,,,,,
BossRaceBossRockets,Attack,,TRUE,,,,50,1050,750,60,,,,,,1250,3,700,,200,750,,1,,TRUE,,,,,,,,,,,BossRaceBossRocketProjectile,,,,,,,,,,,,,minion_rocket_atk,,minion_warning_short,,,,,,,,,,1,,,,,,,,,,,,,,,,
PercenterWeapon,Attack,TRUE,TRUE,TRUE,,,250,150,,26,,,,,,1600,3,1000,37,100,,,1,,TRUE,,,,,,,,,,,PercenterProjectile,,,,,,,,,,,,,brock_def_atk,,,,,,,,,,,,,,,,,,,,,,,TRUE,,,,,
PercenterUlti,Charge,,TRUE,TRUE,,,50,,,33,,,,,,,,2000,20,,,,,,,,0,,4000,10,,,,,TRUE,,,,,,,,,,,,,,,,,,,,colette_def_ulti,colette_def_ulti_cover,colette_def_overcharge,colette_def_overcharge_cover,Rhinostep,,,,,,,,,,,,,,,,,,
FireDudeWeapon,Attack,TRUE,TRUE,TRUE,,,50,100,,25,,,,,,220,40,210,,100,30,,1,,TRUE,,,,,,,,,,,FireDudeProjectile,,,,,,,,,,,,,,,,,,,,,,,,,,,,,,,,,,,TRUE,TRUE,,,,,
FireDudeUlti,Attack,TRUE,TRUE,TRUE,,,250,150,,22,,,,,,,,,,100,0,,1,,TRUE,,,,,,,,,,,FireDudeUltiProjectile,,,,,,,,,,,,,barkeep_attack,,,,,,,,,,,,,,,,,,,,,,,,,,,,
IceDudeWeapon,Attack,TRUE,TRUE,TRUE,,,250,350,,28,,,,,,1300,3,440,,100,0,,1,TRUE,TRUE,,,,,,,,,,,IceDudeProjectile,,,,,,,,,,,,,colt_def_atk,,,,,,,,,,,,,,,,,,,,,,,TRUE,,,,,
IceDudeUlti,Attack,TRUE,TRUE,TRUE,,,250,150,,23,,,,,,,,40,,100,0,,1,,TRUE,,,,,,,,,,,IceDudeUltiProjectile,IceDudeOverchargedUltiProjectile,,,,,,,,,,,,cactus_attack_ulti,,,,,,,,,,,,,,,,,,,,,,,,,,,,
SnakeOilWeapon,Attack,TRUE,TRUE,TRUE,,,500,150,,30,,,,,,1450,3,380,,100,,,1,,TRUE,,,,,,,,,,,SnakeOilProjectile,,,,,,,,,,,,,sniper_attack,,,,,,,,,,,,,,,,,,,,,,,TRUE,,,,,
SnakeOilUlti,Attack,TRUE,TRUE,TRUE,,,250,150,,22,,,,,,,,1500,,100,0,,1,,TRUE,,,,,,,,,,,SnakeOilUltiProjectile,,,,,,,,,,,,,tnt_attack_ulti,,,,,,,,,,,,,,,,,,,,,,,,,,,,
EnragerWeapon,Attack,TRUE,TRUE,TRUE,,,50,250,,6,,,,,,700,3,540,,100,0,,1,TRUE,TRUE,,,,,,,,,,,EnragerProjectile,,,,,,,,,,,,,luchador_attack,,,,,,,,,,,,,,,,,,,,,,,TRUE,,,,,
EnragerUlti,Charge,,TRUE,TRUE,,,50,,,20,,,,,,,,,,,,,,,,,,,3500,11,,,,,,,,,EnragerUltiSpeed,,EnragerOverchargedUlti,EnragerUltiSpeed,TRUE,,,,,,,,crow_ulti,,,edgar_overcharged_ultiEnd,,,,,,,,,,,,,,,,,,,,,,,
RuffsWeapon,Attack,TRUE,TRUE,TRUE,,,250,150,,27,,,,,,1400,3,600,,100,,7,2,,TRUE,,,,,,,,,,,RuffsProjectile,,,,,,,,,,,,,bull_def_atk,,,,,,,,,,,,,,,,,,,,,,,TRUE,,,,,
RuffsUlti,Attack,TRUE,TRUE,TRUE,,,200,150,,23,,,,,,,,1000,,100,0,,1,,TRUE,,,,,,,,,,,RuffsUltiProjectile,,,,,,,,,,,,,cactus_attack_ulti,,,,,,,,,,,,,,,,,,,,,,,,,,,,
RollerWeapon,Attack,TRUE,TRUE,TRUE,,,100,250,,23,,,,,,1500,3,540,,100,0,,1,TRUE,TRUE,,,,,,,,,,,RollerProjectile,,,,,,,,,,,,,colt_def_atk,,,,,,,,,,,,,,,,,,,,,,,TRUE,,,,,
RollerUlti,Charge,,TRUE,TRUE,TRUE,,0,,,7,,,,,,,,800,,,,,,,,,100,,3000,12,,,,,TRUE,,,,,,,,,,,,,,,,,,,,colette_def_ulti,stu_def_ulti_cover,,,,,,,,,,,,,,,,,,,,,
ElectroSniperWeapon,Attack,TRUE,TRUE,TRUE,,,500,150,,30,,,,,,1400,3,1040,,100,,,1,,TRUE,,,,,,,,,,,ElectroSniperProjectile,,,,,,,,,,,,,sniper_attack,,,,,,,,,,,,,,,,,,,,,,,TRUE,,,,,
ElectroSniperUlti,Attack,TRUE,TRUE,TRUE,,,500,150,,32,,,,,,,,500,,100,,,1,,TRUE,,,,,,,,,,,ElectroSniperUltiProjectile,ElectroSniperOverchargedUltiProjectile,,,,,,,,,,,,sniper_attack,,,,,,,,,,,,,,,,,,,,,,,,,,,,
StickyBombWeapon,Attack,TRUE,TRUE,TRUE,,,250,150,,23,,,,,99,2100,3,1080,,100,0,,1,,TRUE,,,,,,1,10,,,,StickyBombProjectile,,,,,,,,StickyBomb,,,,,colt_def_atk,,,,,,,,,,,,,,,,,,,,,,,TRUE,,,,,
StickyBombUlti,Attack,TRUE,TRUE,TRUE,,,250,150,,25,,,,,1,,,1000,,100,0,,1,,TRUE,,,,,,,,,,,StickyBombUltiProjectile,,,,,,,,,,,,,tnt_attack_ulti,,,,,,,,,,,,,,,,,,,,,,,,,,,,
CrossBomberWeapon,Attack,TRUE,TRUE,TRUE,,,50,350,,23,,,,,8,2000,3,1060,,300,0,,1,,TRUE,,,,,,,,,,,CrossBomberProjectile,,,,,,,,,,,,,tnt_attack_ulti,,,,,,,,,,,,,,,,,,,,,,,TRUE,,,,,
CrossBomberUlti,Attack,TRUE,TRUE,TRUE,,,250,150,,25,,,,,8,,,1600,,100,0,,1,,TRUE,,,,,,,,,,,CrossBomberUltiProjectile,,,,,,,,,,,,,tnt_attack_ulti,,,,,,,,,,,,,,,,,,,,,,,,,,,,
RopeDudeWeapon,Attack,TRUE,TRUE,TRUE,,,50,750,,8,,,,,,1000,3,420,,150,200,2,3,TRUE,TRUE,,,,,,,,,,,RopeDudeProjectile,"RopeDudeProjectile",,,,,,,,,,,,,,,,,,,,,,,,,,,,,,,,,,,TRUE,,,,,
RopeDudeUlti,Attack,TRUE,TRUE,TRUE,,,250,150,,30,,,,,,,,,,100,,,1,,TRUE,,,,,,,,,,,RopeDudeUltiProjectile,RopeDudeOverchargedUltiProjectile,,,,,,,,,,,,,,,,,,,,,,,,,,,,,,,,,,,,,,,,
AssaultShotgunWeapon,Attack,TRUE,TRUE,TRUE,,,50,650,,25,,,,,,1700,3,280,,200,30,10,3,,TRUE,,,,,,,,,,,AssaultShotgunProjectile,,,,,,,,,,,,,shelly_def_atk,,,,,,,,,,,,,,,,,,,,,,,TRUE,,,,,
AssaultShotgunUlti,Attack,TRUE,TRUE,TRUE,,,500,150,,27,,,,,,,,660,,100,150,10,5,,TRUE,,,,,,,,,,,AssaultShotgunUltiProjectile,,,,,,,,,,,,,whirlwind_attack,,,,,,,,,,,,,,,,,,,,,,,,,,,,
DummySkillForBasketBrawl,Attack,TRUE,TRUE,,,,250,150,,15,,200,,TRUE,,,,,,100,,,1,,TRUE,,,,,,,,,,,DummyProjectileForBasketBrawl,,,,,,,,,,,,,laser_ball_throw,,,,,,,,,,,,,,,,,,,,,,,,,,,,
DummyUltiSkillForBasketBrawl,Attack,TRUE,TRUE,,,,250,150,,20,,300,,TRUE,,,,,,100,,,1,,TRUE,,,,,,,,,,,DummyProjectileForBasketBrawl,,,,,,,,,,,,,laser_ball_throw_ulti,,,,,,,,,,,,,,,,,,,,,,,,,,,,
KnightWeapon,Attack,TRUE,TRUE,TRUE,,,250,400,,14,,,,,,1400,3,800,,300,,,1,,,,,,,,,,,,,KnightProjectile1,,,,,,,,,,,,,hammer_dude_attack,,ash_def_atk_sfx,,,,,,,,,,,,,,,,,,,,,TRUE,,,,,
KnightUlti,Attack,TRUE,TRUE,TRUE,,,50,250,,15,,,,,1,,,,,200,,,1,,TRUE,,,,,,5,5,,,,KnightUltiProjectile,,KnightPet,,,,,,,,,,,tick_attack_ulti,,tick_def_ulti,,,,,,,,,,,,,,,,,,,,,,,,,,
MechaDudeWeapon,Attack,TRUE,TRUE,TRUE,,,50,250,,27,,,,,,1300,3,300,,100,,6,1,,TRUE,,,,,,,,,,,MechaDudeProjectile,,,,,,,,,,,,,colt_def_atk,,,,,,,,,,,,,,,,,,,,,,,TRUE,,,,,
MechaDudeUlti,ChangeCharacter,,,TRUE,,,50,1100,1000,,,,,,,,,,,,,,,,,,,,,,,,,,,,,MechaDudeBig,,,,,,,,,,,tick_def_atk,,Dummy_effect,,,,,,,,,,,,,,,,,,,,,,,,,,
MechaDudeBigWeapon,Attack,TRUE,TRUE,TRUE,,,50,850,,27,,,,,,1500,3,210,,100,,,1,TRUE,TRUE,,,,,,,,,,,MechaDudeBigProjectile,,,,,,,,,,,,,colt_def_atk,,,,,,,,,,,,,,,,,,,,,,,TRUE,,,,,
MechaDudeBigUlti,Attack,TRUE,TRUE,TRUE,,,50,350,,13,,,,,,,,1700,,200,300,,1,,,,,,,,,,,,,,,,,,,,,,,sc/ui.sc,button_ulti_meg,button_ulti_blue_meg,bibi_def_atk,,mecha_swing,,,,,,,,,,,,,,,,,,,,,,,,,,
DuplicatorWeapon,Attack,TRUE,TRUE,TRUE,,,50,650,,27,,,,,,1700,3,260,,100,30,3,1,,TRUE,,,,,,,,,,,DuplicatorProjectile,,,,,,,,,,,,,pam_def_atk,,,,,,,,,,,,,,,,,,,,,,,TRUE,,,,,
DuplicatorUlti,Attack,TRUE,TRUE,TRUE,,,50,250,,15,,,,,,,,,,200,,,1,,TRUE,,,,,,1,1,,,,DuplicatorUltiProjectile,,DuplicatorPet,,,,,,,,,,,shaman_ulti,,,,,,,,,,,,,,,,,,,,,,,,,,,,
KickerDudeWeapon,Attack,TRUE,TRUE,TRUE,,2,250,500,,8,,,,,,1000,3,1360,,500,,,1,,TRUE,,,,,,,,,,,KickerDudeProjectile,,,,,,,,,,,,,fang_def_atk,,,,,,,,,,,,,,,,,,,,,,,TRUE,,,,,
KickerDudeUlti,Charge,,TRUE,TRUE,,2,250,,,30,,,,,,,,1200,,,,,,,,,0,,4000,8,,,,,TRUE,,,,,,,,,,,,,,,,,,,,fang_def_ulti,fang_def_ulti_cover,fang_def_ulti_overcharged,fang_def_ulti_cover_overcharged,Rhinostep,,,,,,,,,,,,,,,,,,
ActionDudeWeapon,Attack,TRUE,TRUE,TRUE,,,250,500,,27,,,,,,1800,3,500,,150,30,2,1,,TRUE,,,,,,,,,,,ActionDudeProjectile,,,,,,,,,,,,,brock_def_atk,,,,,,,,,,,,,,,,,,,,,,,TRUE,,,,,
ActionDudeUlti,Attack,TRUE,TRUE,TRUE,,,50,250,,15,,,,,,,,,,200,,,1,,TRUE,,,,,,1,1,,,,ActionDudeUltiProjectile,,ActionDudePet,,,,,,,,,,,shaman_ulti,,,,,,,,,,,,,,,,,,,,,,,,,,,,
FleaPetWeapon,Charge,,TRUE,TRUE,,,500,500,,8,,,,TRUE,,100,3,300,,,,,,,,,,,2700,14,,,,,TRUE,,,,,,,,,,,,,,,,mortis_def_atk,,,,,,,,,,,,,,,,,,,,,TRUE,,,,,
FleaPetUltiDummy,Attack,,,,,,,,,,,,,,,,,,,,,,,,,,,,,,,,,,,,,,,,,,,,,,,,,,,,,,,,,,,,,,,,,,,,,,,,,,,,
FleaWeapon,Attack,TRUE,TRUE,TRUE,,2,500,500,,28,,,,,,1600,3,400,,150,,11,1,,TRUE,,,,,,,,,,,FleaProjectile1,,,,,,,,,,,,,colt_def_atk,,,,,,,,,,,,,,,,,,FleaProjectile2,FleaProjectile3,,30,,TRUE,,,,,
FleaUlti,Attack,TRUE,TRUE,TRUE,,2,251,250,,15,,,,,,,,,,200,,,1,,TRUE,,,,,,1,10,,,,FleaUltiProjectile,,FleaBigEgg,,,,,,,,,,,,,,,,,,,,,,,,,,,,,,,,,,,,,,,
JetpackGirlWeapon,Attack,TRUE,TRUE,TRUE,,,200,150,,12,,,,,,1500,3,980,,100,160,13,4,,TRUE,,,,,,,,,,,JetpackGirlProjectile,,,,,,,,,,,,,janet_def_atk_direct,,janet_def_atk_root,,,,,,,,,,,,,,,,,,,,,TRUE,,,,,
JetpackGirlUlti,Attack,TRUE,TRUE,TRUE,TRUE,3,50,6000,,7,,,,,,,,800,,760,0,12,1,,,,,,1400,15,,,,,,JetpackGirlUltiProjectile,,,,,,,,,,,,,,,,,,,,,,,,,,,,,,,,,,,,,,,,,
CannonGirlWeapon,Attack,TRUE,TRUE,TRUE,,2,50,250,,27,,,,,,1000,1,1120,,200,,,1,,TRUE,,,,,,,,,,,CannonGirlProjectile,,,,,,,,,,,,,brock_def_atk,,,,,,,,,,,,,,,,,,,,,,,TRUE,,,,,
CannonGirlUlti,Charge,,TRUE,TRUE,,2,50,150,,22,,,,,,,,1000,,,,,,,,,,,2500,16,,,,,,,,CannonGirlSmall,,,,,,,,,,,,,,,cannongirl_ulti_ground_hit,,,,,,,,,,,,,,,,,,,,,,,,
CannonGirlSmallWeapon,Attack,TRUE,TRUE,TRUE,,,50,350,,15,,,,,,2000,3,580,,100,40,2,1,,TRUE,,,,,,,,,,,CannonGirlSmallProjectile,,,,,,,,,,,,,tnt_attack_ulti,,,,,,,,,,,,,,,,,,,,,,,TRUE,,,,,
CannonGirlSmallUlti,ChangeCharacter,,,TRUE,,,600,600,500,,,,,,,,,,,,,,,,,,,,,,,,,,,,,CannonGirl,,,,,,,,sc/ui.sc,button_ulti_bonnie,button_ulti_blue_bonnie,,,bonnie_def_ulti_return,,,,,,,,,,,,,,,,,,,,,,,,,,
SilencerWeapon,Attack,TRUE,TRUE,TRUE,,,250,400,,27,,,,,,1500,3,460,,120,22,1,1,,TRUE,,,,,,,,,,,SilencerProjectile,,,,,,,,,,,,,rico_def_atk,,,,,,,,,,,,,,,,,,,,,,,TRUE,,,,,
SilencerUlti,Attack,TRUE,TRUE,TRUE,,,50,100,,27,,,,,,1000,,340,,100,,,1,,TRUE,,,,,,1,10,,,,SilencerUltiProjectile,,,,,,,,SilencerHugger,3,,,,gene_def_atk,,,,,,,,,,,,,,,,,,,,,,,,,,,,
WeaponThrowerWeapon,Attack,TRUE,TRUE,TRUE,,,100,600,,9,,,,,,1600,3,800,,300,100,2,1,TRUE,TRUE,,,,,,,,,,,WeaponThrowerProjectile,,,,,,,,,,,,,rosa_def_atk,,,,,,,,,,,,1,WeaponThrowerWeapon2,,,,,,,,,,TRUE,,,,,
WeaponThrowerWeapon2,Attack,TRUE,TRUE,TRUE,,,100,300,,9,,,,,,900,3,400,,150,50,2,1,TRUE,TRUE,,,,,,,,,,,WeaponThrowerProjectile2,,,,,,,,,,,,,luchador_attack,,,,,,,,,,,,1,WeaponThrowerWeapon,,,,,,,,,,TRUE,,,,,
WeaponThrowerUlti,Attack,TRUE,TRUE,TRUE,,,50,100,,26,,,,,,,,1400,,150,,,1,,TRUE,,,,,,1,1,,,,WeaponThrowerUltiProjectile,,,,,,,,WeaponThrowerWeapon,,,,,whirlwind_attack,,Dummy_effect,,,,,,,,,,2,WeaponThrowerUlti2,,,,,,,,,,,,,,,
WeaponThrowerUlti2,RecallWeapon,TRUE,,TRUE,,,50,100,,26,,,,,,,,700,,150,,,1,,TRUE,,,,,,,,,,,WeaponThrowerUltiProjectile2,,,,,,,,,,sc/ui.sc,button_ulti_sam,button_ulti_blue_sam,,,,,,,,,,,,,1,WeaponThrowerUlti,,,,,,,,,,,,,,,
SoulCollectorWeapon,Attack,TRUE,TRUE,TRUE,,,500,150,,28,,,,,,1500,3,1000,,100,,,1,,TRUE,,,,,,1,10,,,,SoulCollectorProjectile,,,,,,,,SoulCollectorSoul,3,,,,sniper_attack,,,,,,,,,,,,,,,,,,,,,,,TRUE,,,,,
SoulCollectorUlti,Attack,TRUE,TRUE,TRUE,,,500,150,,28,,,,,,,,,,100,,,1,,TRUE,,,,,,,,,,,SoulCollectorUltiProjectile,,,,,,,,,,,,,whirlwind_attack,,Dummy_effect,,,,,,,,,,,,,,,,,,,,,,,,,,
ShieldTankWeapon,Attack,TRUE,TRUE,TRUE,,,350,250,,16,,,,,,1800,3,1380,,200,90,,3,,TRUE,,,,,,,,,,,ShieldTankProjectile,,,,,,,,,,,,,sniper_attack,,,,,,,,,,,,,,,,,,,,,,,TRUE,,,,,
ShieldTankUlti,ProjectileShield,TRUE,TRUE,TRUE,,2,250,3000,,9,,,,,,,,800,,100,120,,,,,620,,,,,,,,,,ShieldTankUltiProjectile,,,,,,,,,,,,,,,,,,,buster_shield,,,,,,,,,,,TRUE,,,,,,,,,,,
JesterWeapon,Attack,TRUE,TRUE,TRUE,,,250,150,,25,,,,,,1900,3,640,,100,30,14,3,,TRUE,,,,,,,,,,,JesterProjectile,,,,,,,,,,,,,tara_def_atk,,,,,,,,,,,,,,,,,,,,,,,TRUE,,,,,
JesterUltiExploding,Attack,TRUE,TRUE,TRUE,,,250,150,,19,,,,,,,,1880,,150,0,,1,,TRUE,,,,,,,,,,,JesterUltiProjectileExploding,,,,,,,,,,sc/ui.sc,button_ulti_chester_indirect_explosion,button_ulti_blue_chester_indirect_explosion,chester_def_atk,,,,,,,,,,,,1,JesterUltiStunning,JesterUltiPoisoning,JesterUltiDamageArea,JesterUltiHeal,,,,,,,,,,TID_JESTER_ULTI_EXPLOSION,,1
JesterUltiStunning,Attack,TRUE,TRUE,TRUE,,,250,150,,26,,,,,,,,200,,150,,,1,,TRUE,,,,,,,,,,,JesterUltiProjectileStunning,,,,,,,,,,sc/ui.sc,button_ulti_chester_direct_stunt,button_ulti_blue_chester_direct_stunt,chester_def_ulti_stun,,,,,,,,,,,,1,JesterUltiExploding,JesterUltiPoisoning,JesterUltiDamageArea,JesterUltiHeal,,,,,,,,,,TID_JESTER_ULTI_STUN,,2
JesterUltiPoisoning,Attack,TRUE,TRUE,TRUE,,,250,150,,17,,,,,,,,290,,150,100,5,5,,TRUE,,,,,,,,,,,JesterUltiProjectilePoisoning,,,,,,,,,,sc/ui.sc,button_ulti_chester_cone_poison,button_ulti_blue_chester_cone_poison,chester_def_ulti_poison_spray,,,,,,,,,,,,1,JesterUltiExploding,JesterUltiStunning,JesterUltiDamageArea,JesterUltiHeal,,,,,,,,,,TID_JESTER_ULTI_POISON,,3
JesterUltiDamageArea,Attack,TRUE,,TRUE,,,250,150,,,,,,,,,,160,,150,,,1,,,,,,,,,,,,,,,,JesterUltiDamageArea,,,,,,,sc/ui.sc,button_ulti_chester_drop_damaging_area,button_ulti_blue_chester_drop_damaging_area,barkeep_attack,,Dummy_effect,,,,,,,,,,1,JesterUltiExploding,JesterUltiStunning,JesterUltiPoisoning,JesterUltiHeal,,,,,,,,,,TID_JESTER_ULTI_AREA,,4
JesterUltiHeal,Heal,TRUE,,TRUE,,,250,150,,,,,,,,,,2400,,150,,,,,,,,,,,,,,,,,,,,,,,,,,sc/ui.sc,button_ulti_chester_direct_heal,button_ulti_blue_chester_direct_heal,,,chester_def_ulti_heal,,,,,,,,,,1,JesterUltiExploding,JesterUltiStunning,JesterUltiPoisoning,JesterUltiDamageArea,,,,,,,,,,TID_JESTER_ULTI_HEAL,,5
DoorManWeapon,Attack,TRUE,TRUE,TRUE,,,500,150,,27,,,,,,1400,3,1160,,100,0,,1,,TRUE,,,,,,,,,,,DoorManProjectile,,,,,,,,,,,,,gray_def_atk,,,,,,,,,,,,,,,,,,,,,,,TRUE,,,,,
DoorManUlti,Portals,TRUE,TRUE,TRUE,,,50,250,,20,,,,,,,,,,200,,,1,,TRUE,,,,2000,,,,,,,,,,,,,,,,,,,,,,,,,,,,,,,,,,,,,,,,,,,,,,,,
BeamerWeapon,Attack,TRUE,TRUE,TRUE,,,500,150,,27,,,,,,1500,3,1300,,100,,,1,,TRUE,,,,,,,,,,,BeamerProjectile,,,,,,,,,,,,,sniper_attack,,,,,,,,,,,,,,,,,,,,,,,TRUE,,,,,
BeamerUlti,Attack,,TRUE,TRUE,,2,150,300,750,120,,,,TRUE,,100,1,2500,,300,,,1,,TRUE,,,,,,,,,,TRUE,BeamerUltiProjectile,,,,,,,,,,,,,bibi_def_ulti,,,,,,,,,,,,,,,,,,,,,,,,,,,,
SplitterWeapon,Attack,TRUE,TRUE,TRUE,,,500,150,,30,,,,,,1500,3,700,,100,0,,1,,TRUE,,,,,,,,,,,SplitterProjectile,,,,,,,,,,,,,arcade_def_atk,,,,,,,,,,,,1,,,,,,,,,,,TRUE,,,,,
SplitterUlti,Split,TRUE,,TRUE,,,50,250,,,,,,,,,,,,200,,,1,,TRUE,,,,,,1,1,,,,,,,,,,,,,,,,,,,arcade_def_ulti_atk,,,,,,,,,,,,,,,,,,,,,,,,,,
SplitterLegsWeapon,Attack,TRUE,,TRUE,,1,500,150,,10,,,,,,1800,3,,,1000,,,,,,,,,,,,,,,,,,,SplitterLegsDamageArea,,,,TRUE,,,,,,luchador_attack,,,,,,,,,,,,1,,,,,,,,,,,TRUE,,,,,
PuppeteerWeapon,Attack,TRUE,TRUE,TRUE,,,250,150,,22,,,,,,2000,3,1200,,100,0,,1,,TRUE,,,,,,,,,,,PuppeteerProjectile,,,,,,,,,,,,,barkeep_attack,,,,,,,,,,,,,,,,,,,,,,,TRUE,,,,,
PuppeteerUlti,Attack,TRUE,TRUE,TRUE,,,500,150,,25,,,,,,1500,,,,150,,,1,,TRUE,,,,,,,,,,,PuppeteerUltiProjectile,,,,,,,,,,,,,shelly_def_ulti,,,,,,,,,,,,,,,,,,,,,,,,,,,,
MaisieWeapon,Attack,TRUE,TRUE,TRUE,,,250,150,,26,,,,,,1500,3,1280,,100,,,1,,TRUE,,,,,,,,,,,MaisieProjectile,,,,,,,,,,,,,maisie_def_atk,,,,,,,,,,,,,,,,,,,,,,,TRUE,,,,,
MaisieUlti,Attack,TRUE,,TRUE,,1,250,150,500,10,,,,,,1800,,,,1000,,,,,,,,,,,,,,,,,,,MaisieUltiShockwave,,MaisieOverchargedUltiShockwave,MaisieOverchargedUltiBulletExplosion,TRUE,,,,,,shelly_def_ulti,,,,,,,,,,,,,,,,,,,,,,,,,,,,
FishTankWeapon,Attack,TRUE,TRUE,TRUE,,2,250,150,,10,,,,TRUE,,250,1,,,150,,15,,,,,,,,,,,,,,,,,FishTankBlast,,,,TRUE,,,,,,,,,,,,,,,,,,,,,,,,,,,,,TRUE,,,,,
FishTankUlti,Attack,TRUE,,TRUE,,,250,150,,,,,,,,,,1320,,100,,,,,TRUE,,,,,,,,,,,,,,FishTankUltiArea,,,,TRUE,,,,,,tenant_def_ulti,,Dummy_effect,,,,,,,,,,,,,,,,,,,,,,2,50,,,
DuelistWeapon,Attack,TRUE,TRUE,TRUE,,,100,450,,16,,,,,,1200,3,700,,200,,,1,,TRUE,,,,,,,,,,,DuelistProjectile,,,,,,,,,,,,,cordelius_def_atk,,,,,,,,,,,,,,,,,,,,,,,TRUE,,,,,
DuelistUlti,Attack,TRUE,TRUE,TRUE,,,250,150,,27,,,,TRUE,,,,,,150,,,1,,TRUE,,,,,,,,,,,DuelistUltiProjectile,DuelistOverchargedUltiProjectile,,,,,,,,,,,,cordelius_ulti_atk,cordelius_def_oc_muzzle,,,,,,,,,,,,,,,,,,,,,,,,,,,
ReviverWeapon,Attack,TRUE,,TRUE,,1,250,150,,10,,,,,,1500,3,1200,,1000,,,,,,,,,,,,,,,,,,,ReviverDamageArea,,,,TRUE,,,,,,luchador_attack,,,,,,,,,,,,,,,,,,,,,,,TRUE,,,,,
ReviverUlti,Attack,TRUE,TRUE,TRUE,,,500,150,,28,,,,,,2000,,,,100,,,1,,TRUE,,,,,,,,,,,ReviverUltiProjectile,,,,,,,,,,,,,doug_def_ulti,,,,,,,,,,,,,,,,,,,,,,,,,,,,
CookerWeapon,Attack,TRUE,TRUE,TRUE,,,50,650,,27,,,,,,1500,3,260,,100,40,1,1,,TRUE,,,,,,,,,,,CookerProjectile,,,,,,,,,,,,,pam_def_atk,,,,,,,,,,,,,,,,,,,,,,,TRUE,,,,,
CookerUlti,Attack,TRUE,,TRUE,,1,250,150,300,,,,,,,,,,,1000,,,,,,,,,,,,,,,,,,,CookerUltiExplosion,,CookerOverchargedUltiExplosion,CookerOverchargedUltiArea,,,,,,,shelly_def_ulti,,,,,,,,,,,,,,,,,,,,,,,,,,,,
ConductorWeapon,Attack,TRUE,TRUE,TRUE,,,350,500,,20,,,,,,2000,3,540,,150,,,1,,TRUE,,,,,,,,,,,ConductorProjectile,,,,,,,,,,,,,emz_def_atk,,,,,,,,,,,,,,,,,,,,,,,TRUE,,,,,
ConductorUltiSpawn,Attack,TRUE,TRUE,TRUE,,,50,250,,30,,,,,,,,400,,200,,,1,,TRUE,,,,,,1,3,,,,ConductorUltiProjectile,,,,,,,,ConductorSign,,sc/ui.sc,button_ulti_chuck_1,button_ulti_blue_chuck_1,,,,,,,,,,,,,3,ConductorUltiCharge,,,,,,,,,,,,,,,
ConductorUltiCharge,Charge,,,TRUE,,,50,,,20,,,,,,,,1750,,,,,,,,,0,,3700,17,,,,,TRUE,,,,,,,,,,,sc/ui.sc,button_ulti_chuck_2,button_ulti_blue_chuck_2,,,,,,,chuck_def_ulti_use,fang_def_ulti_cover,,,Rhinostep,,4,ConductorUltiSpawn,,,,,,,,,,,,,,,
CocoonerWeapon,Attack,TRUE,TRUE,TRUE,,,500,150,,25,,,,,,2000,1,800,,100,0,,1,,TRUE,,,,,,,,,,,CocoonerProjectile,,,,,,,,,,,,,whirlwind_attack,,,,,,,,,,,,,,,,,,,,,,,TRUE,,,,,
CocoonerUlti,Attack,TRUE,TRUE,TRUE,,2,251,250,,27,,,,,,,,,,200,,,1,,TRUE,,,,,,1,10,,,,CocoonerUltiProjectile,CocoonerOverchargedUltiProjectile,,,,,,,,,,,,,,,,,,,,,,,,,,,,,,,,,,,,,,,,
CocoonerPetWeapon,Charge,,TRUE,TRUE,,,750,750,,6,,,,TRUE,,100,3,400,,,,,,,,,,,2200,4,,,,,TRUE,,,,,,,,,,,,,,,,mortis_def_sound,,,,,,,,,,,,,,,,,,,,,TRUE,,,,,
CocoonerPetUltiDummy,Attack,,,,,,,,,,,,,,,,,,,,,,,,,,,,,,,,,,,,,,,,,,,,,,,,,,,,,,,,,,,,,,,,,,,,,,,,,,,,
LeaperWeapon,Charge,,TRUE,TRUE,,,750,,,12,,,,,,2600,3,1090,,,,,,,,,,,5200,18,,,,,,,,,LeaperWeaponArea,,,,,,,,,,,,mico_def_atk_jump,,,,,,,,,,,,,,,,,,,,,TRUE,,,,,
LeaperUlti,FlyJump,,,TRUE,,,1000,6000,1000,,,,,,,,,,,,,,,,,1025,,,,,,,,,,,,,LeaperUltiArea,,LeaperOverchargedUltiArea,,,,,,,,,,mico_def_ulti_casting,mico_def_oc_casting,,,,,,,,,,,,,,,,,,,,,,,,,
AttacherWeapon,Attack,TRUE,TRUE,TRUE,,,100,250,,11,,,,,,800,3,1000,,100,150,,1,,,,,,,,,,,,,,,,,,,,,,,,,,,,,,,,,,,,,,1,AttacherWeaponAlternate,,,,,,,,,,TRUE,,,TID_ATTACHER_WEAPON,,
AttacherUlti,Charge,TRUE,TRUE,TRUE,,,50,,,20,,,,,,,,1000,,,,,,,,,,,6000,19,,,,,,,,,,,,,TRUE,,,,,,,,crow_ulti,,,,,,,,,,1,AttacherUltiAlternate,,,,,,,,,,,,,,,
AttacherWeaponAlternate,Attack,TRUE,TRUE,TRUE,,,250,150,,22,,,,,,2000,3,1600,,100,0,,1,,TRUE,,,,,,,,,,,AttacherProjectile,,,,,,,,,,,,,barkeep_attack,,,,,,,,,,,,1,AttacherWeapon,,,,,,,,,,TRUE,,,TID_ATTACHER_WEAPON_ATTACHED,,
AttacherUltiAlternate,Charge,TRUE,TRUE,TRUE,,,50,,,6,,,,,,,,0,,,,,,,,,,,2000,5,,,,,,,,,,,,,,,,,,,,,crow_ulti,,,,,,,,,,1,AttacherUlti,,,,,,,,,,,,,,,
TwinsWeaponThrower,Attack,TRUE,TRUE,TRUE,,,250,300,,22,,,,,,2200,3,700,,300,0,,1,,TRUE,,,,,,,,,,,TwinsThrowerProjectile,,,,,,,,,,,,,twin_def_atk,,,,,,,,,,,,1,TwinsWeaponShotgun,,,,,,,,,,TRUE,,,,,
TwinsWeaponShotgun,Attack,TRUE,TRUE,TRUE,,,250,500,,20,,,,,,1800,3,150,,250,25,16,3,,TRUE,,,,,,,,,,,TwinsShotgunProjectile,,,,,,,,,,,,,max_def_atk,,,,,,,,,,,,1,TwinsWeaponThrower,,,,,,,,,,TRUE,,,,,
TwinsUlti,Attack,TRUE,TRUE,TRUE,,,50,250,,15,,,,,,,,,,200,,,1,,TRUE,,,,,,1,1,,,,TwinsUltiProjectile,,TwinsPet,,,,,,,,,,,shaman_ulti,,,,,,,,,,,,,,,,,,,,,,,,,,,,
TwinsUltiDummy,Attack,,,,,,,,,,,,,,,,,,,,,,,,,,,,,,,,,,,,,,,,,,,,,,,,,,,,,,,,,,,,,,,,,,,,,,,,,,,,
AxeJugglerWeapon,Attack,TRUE,TRUE,TRUE,,,250,150,,24,,,,,,1500,3,460,,150,,,1,,TRUE,,,,,,,,,,,AxeJugglerProjectile,,,,,,,,,,,,,melodie_def_atk,,,,,,,,,,,,,,,,,,,,,,,TRUE,,,,,
AxeJugglerUlti,Charge,,TRUE,TRUE,TRUE,,,,,16,,,,,,,,,,,,,,,,,,,3700,5,,,,,TRUE,,,,,,,,,,,,,,,,,,,,melodie_def_ulti,stu_def_ulti_cover,,,,,,,,,,,,,,,,,,,,,
InsectManWeapon,Attack,TRUE,TRUE,TRUE,,2,500,150,,30,,,,,,100,1,2200,,100,,17,1,,TRUE,,,,,,,,,,,MosquitoProjectile,,,,,,,,,,,,,angelo_def_atk,,,,,,,,,,,,1,InsectManWeaponPoison,,,,,,,,,,TRUE,,,,,50
InsectManUlti,Attack,TRUE,,TRUE,,,,,,,,,,,,,,500,,70,,,,,,,,,,,,,,,,,,,InsectManUltiDamageArea,InsectManUltiSwitchSkillArea,,,,,,,,,,,emz_def_ulti_use,,,,Dummy_effect,,,,,,,,,,,,,,,,,,,,,,
InsectManWeaponPoison,Attack,TRUE,TRUE,TRUE,,,500,150,,30,,,,,,100,1,2200,,100,,17,1,,TRUE,,,,,,,,,,,MosquitoProjectilePoison,,,,,,,,,,,,,angelo_def_atk,,,,,,,,,,,,1,InsectManWeapon,,,,,,,,,,TRUE,,,,,50
InsectManChargeGadget,Charge,,TRUE,TRUE,,,50,1000,,18,,,,,,100,1,,,760,0,12,1,,,,,,2000,20,,,,,,,,,InsectManGadgetDamageArea,,,,,,,,,,,,,,,,,,,,,,1,,,,,,,,,,,TRUE,,,,,
"DragonRiderWeapon","Attack","true","true","true",,2,250,500,,12,,,,,,1000,3,600,,500,,,1,,"true",,,,,,,,,,,"DragonRiderProjectile",,,,,,,,,,,,,,,,,,,,,,,,,1,"DragonRiderDragonWeapon",,,,,,,,,,"true",,,,,
"DragonRiderDragonWeapon","Attack","true","true","true",,2,60,120,,17,,,,,,220,40,80,,120,90,,4,,"true",,,,,,,,,,,"DragonRiderDragonProjectile",,,,,,,,,,,,,,,,,,,,,,,,,1,"DragonRiderWeapon",,,,,,,,,"true","true",,,,,
"DragonRiderUlti","MountUp",,,"true",,,600,600,500,,,,,,,,,,,,,,,,,,,,,,,,,,,,,,,,,,,,,,,,,,"draco_def_ulti_use",,,,,,,,,,,,,,,,,,,,,,,,,,200
"AmbusherWeapon","Attack","true","true","true",,,50,150,,6,,,,,,800,1,1200,,150,0,,1,,"true",,,,,,,,,,,"AmbusherProjectile",,,,,,,,,,,,,"bea_def_atk",,,,,,,,,,,,,,,,,,,,,,,"true",,,,,
"AmbusherUlti","Attack","true","true","true",,,250,150,,27,,,,,,,,1000,,150,,,1,,"true",,,,,,,,,,,"AmbusherUltiProjectile","AmbusherOverchargedUltiProjectile",,,,,,,,,,,,"cordelius_ulti_atk","cordelius_def_oc_muzzle",,,,,,,,,,,1,"AmbusherUlti2",,,,,,,,,,,,,,,
"AmbusherUlti2","Attack","true","true","true",,,250,150,,27,,,,,,,,1000,,150,,,1,,"true",,,,,,,,,,,"AmbusherUltiProjectile2","AmbusherOverchargedUltiProjectile2",,,,,,,,,,,,"cordelius_ulti_atk","cordelius_def_oc_muzzle",,,,,,,,,,,1,,,,,,,,,,,,,,,,
"GodzillaWeapon1","Attack","true","true","true","true",2,50,700,,13,,,,,,800,1,2000,,700,100,,1,,"true",,,,,,,,,,,,,,,,,,,,,,,,"godzilla_atk_claw",,,,,,,,,,,,2,"GodzillaWeapon2",,,,,,,,,,"true",,,,,
"GodzillaWeapon2","Attack","true","true","true","true",2,50,700,,13,,,,,,800,1,2000,,700,100,,1,,"true",,,,,,,,,,,,,,,,,,,,,,,,"godzilla_atk_bite",,,,,,,,,,,,2,"GodzillaWeapon1",,,,,,,,,,"true",,,,,
"GodzillaUlti","Attack","false","true","true",,,50,2000,,30,,,,,,,,1000,,100,180,2,1,,"true",,,,,,,,,,,"Godzilla1UltiProjectile",,,,,,,,,,,,,"godzilla_ulti",,,,,,,,,,,,,,,,,,,,,,,,,,,,
