Name,NameTID,InfoTID,BgItemName,BgOfferPopup,SkinBuyRequiresExclusiveOption,EmoteBundleName,CampaignIconExportName,DisabledFromCatalog,ShowInCatalogCollectionsSection,CatalogSortingOrder,BundledUnderCatalogCategory,CatalogNameOverrideTID,CatalogDescriptionTID
String,String,String,String,String,boolean,String,String,boolean,boolean,int,String,String,String
BRAWLIDAYS,TID_SKIN_INFO_CAMPAIGN_1_NOT_AVAILABLE,,bg_campaign_1,offer_bgr_xmas23,,,icon_skins_brawlmas,,,,,TID_CATALOG_NAME_BRAWLIDAYS,TID_CATALOG_DESC_BRAWLIDAYS
LNY_2019,TID_SKIN_INFO_CAMPAIGN_LUNAR_BRAWL_2019,,bg_campaign_5,offer_bgr_lny24,,,icon_skins_lny20,,,,,TID_CATALOG_NAME_LNY,
BRAWLOWEEN2020,TID_SKIN_INFO_CAMPAIGN_3_NOT_AVAILABLE,,bg_campaign_3,offer_bgr_brawloween,,,icon_skins_brawloween,,,,BRAWLOWEEN,,
LINE,TID_SKIN_INFO_CAMPAIGN_4_NOT_AVAILABLE,,bg_campaign_4,offer_bgr_blue,,,icon_skins_line,,,,,,
LNY_2020,TID_SKIN_INFO_CAMPAIGN_LUNAR_BRAWL_2020,,bg_campaign_5,offer_bgr_lny24,,,icon_skins_lny20,,,,LNY_2019,,
PSG,TID_SKIN_INFO_CAMPAIGN_6_NOT_AVAILABLE,,bg_campaign_6,offer_bgr_blue,,,icon_skins_psg,,,,,,
SC_MAKE,TID_SKIN_INFO_CAMPAIGN_7_SC_MAKE,TID_SKIN_INFO_CAMPAIGN_7_NOT_AVAILABLE,bg_campaign_7,offer_bgr_make,,,icon_skins_make,,,,,,
ARCHIVING,TID_SKIN_INFO_CAMPAIGN_8_NOT_AVAILABLE,,bg_campaign_8,offer_bgr_blue,,,icon_skins_archive,,,,,,
ARCHIVED,TID_SKIN_INFO_CAMPAIGN_9_NOT_AVAILABLE,,bg_campaign_9,offer_bgr_blue,,,icon_skins_archive,,,,,,
SC10,TID_SKIN_INFO_CAMPAIGN_10_NOT_AVAILABLE,,bg_campaign_10,offer_bgr_blue,,,icon_skins_sc10y,,,,,,
BRAWLPASS,TID_SKIN_INFO_CAMPAIGN_11_NOT_AVAILABLE,,bg_campaign_11,offer_bgr_blue,,,icon_skins_brawl_pass,,,,,,TID_CATALOG_DESC_BRAWLPASS
CHINA,TID_SKIN_INFO_CAMPAIGN_12_NOT_AVAILABLE,,bg_campaign_12,offer_bgr_rarity_mythic,,,icon_skins_prereg_cn,,,,,,
SILVER,TID_SKIN_INFO_CAMPAIGN_13_NOT_AVAILABLE,,bg_campaign_13,offer_bgr_rarity_common,,,icon_skins_silver,,,,,,
GOLD,TID_SKIN_INFO_CAMPAIGN_14_NOT_AVAILABLE,,bg_campaign_14,offer_bgr_rarity_legendary,,,icon_skins_gold,,,,,,
WF_2020,TID_SKIN_INFO_CAMPAIGN_15_NOT_AVAILABLE,,bg_campaign_15,offer_bgr_wf2023,,,icon_skins_wf,,,,,TID_CATALOG_NAME_BSC,
BRAWLIDAYS_2018,TID_SKIN_INFO_CAMPAIGN_BRAWLIDAYS_2018,,bg_campaign_1,offer_bgr_xmas23,,,icon_skins_brawlmas,,,,BRAWLIDAYS,,
ANNIVERSARY2019,TID_SKIN_INFO_CAMPAIGN_ANNIVERSARY_2019,,bg_campaign_16,offer_bgr_blue,,,icon_skins_anniversary,,,,,TID_CATALOG_NAME_ANNIVERSARY,
ANNIVERSARY2020,TID_SKIN_INFO_CAMPAIGN_ANNIVERSARY_2020,,bg_campaign_16,offer_bgr_blue,,,icon_skins_anniversary,,,,ANNIVERSARY2019,,
LNY_2021,TID_SKIN_INFO_CAMPAIGN_LUNAR_BRAWL_2021,,bg_campaign_5,offer_bgr_lny24,,,icon_skins_lny20,,,,LNY_2019,,
RANKED,TID_SKIN_INFO_CAMPAIGN_RANKED,,bg_campaign_ranked,offer_bgr_rarity_mythic,TRUE,,icon_skins_ranked,,,,,,
LAML,TID_SKIN_INFO_CAMPAIGN_LAML,,bg_campaign_laml,offer_bgr_rarity_epic,,,icon_skins_laml,,,,,,
PUNK,TID_SKIN_INFO_CAMPAIGN_PUNK_TITLE,,bg_campaign_punk,offer_bgr_punk,,,icon_skins_punk,,,,,,
BRAWLPASS_PUNK,TID_SKIN_INFO_CAMPAIGN_11_NOT_AVAILABLE,,bg_campaign_11,offer_bgr_punk,,,icon_skins_brawl_pass,,,,,,
C1A,TID_SKIN_INFO_CAMPAIGN_C1A,,bg_campaign_c1a,offer_bgr_lny24,,,icon_skins_mega,,,,,,
RETRO,TID_SKIN_INFO_CAMPAIGN_RETRO,,bg_campaign_retro,offer_bgr_retro2023,,,icon_skins_retro,,,,,,
CLUBLEAGUE,TID_SKIN_INFO_CLUB_LEAGUE,,bg_campaign_club_league,offer_bgr_rarity_epic,,,icon_skins_club_league,,,,,,
BRAWLOWEEN,TID_SKIN_INFO_BRAWLOWEEN,,bg_campaign_3,offer_bgr_brawloween,,,icon_skins_brawloween,,,,,,
LEGENDARYSET,TID_SKIN_INFO_LEGENDARYSET_SKINS,,bg_campaign_legendary,offer_bgr_rarity_legendary,,,icon_skins_legendary,,,,,,
BRAWLYWOOD,TID_SKIN_INFO_BRAWLYWOOD,,bg_campaign_brawlywood,offer_bgr_brawlywood,,,icon_skins_brawlywood,,,,,,
BRAWLPASS_BRAWLYWOOD,TID_SKIN_INFO_CAMPAIGN_11_NOT_AVAILABLE,,bg_campaign_11,offer_bgr_brawlywood,,,icon_skins_brawl_pass,,,,,,
WF_2021,TID_SKIN_INFO_WF_2021,,bg_campaign_15,offer_bgr_wf2023,,,icon_skins_wf,,,,WF_2020,,
PIRATES,TID_SKIN_INFO_PIRATES,,bg_campaign_pirates,offer_bgr_cursed,,,icon_skins_pirates,,,,,,
BRAWLENTINES,TID_SKIN_INFO_BRAWLENTINES,,bg_campaign_brawlentines,offer_bgr_brawlentines23,,,icon_skins_brawlentines,,,,,,
LNY22,TID_SKIN_INFO_CAMPAIGN_LUNAR_BRAWL_2022,,bg_campaign_5,offer_bgr_lny24,,Lny22,icon_skins_lny20,,,,LNY_2019,,
ANNIVERSARY2021,TID_SKIN_INFO_CAMPAIGN_ANNIVERSARY_2021,,bg_campaign_16,offer_bgr_blue,,,icon_skins_anniversary,,,,ANNIVERSARY2019,,
BIODOME,TID_SKIN_INFO_CAMPAIGN_BIODOME,,bg_campaign_biodome,offer_bgr_biodome,,Biodome,icon_skins_biodome,,,,,,
STUNTSHOW,TID_SKIN_INFO_CAMPAIGN_STUNTSHOW,,bg_campaign_stuntshow,offer_bgr_stuntshow,,Stuntshow,icon_skins_stuntshow,,,,,,
GOLDENWEEK,TID_SKIN_INFO_CAMPAIGN_GOLDENWEEK,,bg_campaign_goldenkawaii,offer_bgr_gw2023,,Goldenweek,icon_skins_goldenkawaii,,,,,,
VILLAINS,TID_SKIN_INFO_CAMPAIGN_VILLAINS,,bg_campaign_villains,offer_bgr_villains,,Villains,icon_skins_villains,,,,,,
LANTERN,TID_SKIN_INFO_CAMPAIGN_LANTERN,,bg_campaign_lantern,offer_bgr_ramadan2023,,,icon_skins_lantern,,,,,,
DEEPSEA,TID_SKIN_INFO_DEEPSEA,,bg_campaign_deepsea,offer_bgr_deepsea,,Deepsea,icon_skins_deepsea,,,,,,
BT21,TID_SKIN_INFO_BT21,,bg_campaign_bt21,offer_bgr_bt21,,,icon_skins_bt21,,,,,,
CALAMITY,TID_SKIN_INFO_OUTLAW,,bg_campaign_outlaw,offer_bgr_robotfactory,,,icon_skins_outlaw,,,,,,
MECHA,TID_SKIN_INFO_MECHA,,bg_campaign_mecha,"offer_bgr_mecha_edgar",,,icon_skins_mecha,,,,,,
GHOST_TRAIN,TID_SKIN_INFO_GHOST_TRAIN,,bg_campaign_ghosttrain,offer_bgr_ghosttrain,,,icon_skins_ghosttrain,,,,,,
ACTION,TID_SKIN_INFO_ACTION,,bg_campaign_action,offer_bgr_action,,,icon_skins_action,,,,,,
WF_2022,TID_SKIN_INFO_WF_2022,,bg_campaign_15,offer_bgr_wf2023,,,icon_skins_wf,,,,WF_2020,,
BRAWLOWEEN22,TID_SKIN_INFO_BRAWLOWEEN,,bg_campaign_3,offer_bgr_brawloween,,,icon_skins_brawloween,,,,BRAWLOWEEN,,
RETRO22,TID_SKIN_INFO_CAMPAIGN_RETRO,,bg_campaign_retro,offer_bgr_retro2023,,,icon_skins_retro,,,,,,
LASTBOX,TID_SKIN_INFO_CAMPAIGN_LASTBOX,,bg_campaign_lastbox,offer_bgr_blue,,,icon_skins_lastbox,,,,,,
DARKMAS,TID_SKIN_INFO_DARKMAS,,bg_campaign_darkmas,offer_bgr_darkmas,,,icon_skins_darkmas,,,,,,
CANDYLAND,TID_SKIN_INFO_CANDYLAND,,bg_campaign_candyland,offer_bgr_candyland,,,icon_skins_candyland,,,,,,
LNY_2023,TID_SKIN_INFO_CAMPAIGN_LUNAR_BRAWL_2023,,bg_campaign_5,offer_bgr_lny24,,,icon_skins_lny20,,,,LNY_2019,,
WC_2022,TID_SKIN_INFO_WC_2022,,bg_campaign_15,offer_bgr_wf2023,,,icon_skins_wf,,,,WF_2020,,
ANNIVERSARY2022,TID_SKIN_INFO_CAMPAIGN_ANNIVERSARY_2022,,bg_campaign_16,offer_bgr_blue,,,icon_skins_anniversary,,,,ANNIVERSARY2019,,
MASKS,TID_SKIN_INFO_MASKS,,bg_campaign_masks,offer_bgr_masks,,,icon_skins_masks,,,,,,
HUB,TID_SKIN_INFO_HUB,,bg_campaign_hub,offer_bgr_hub,,,icon_skins_hub,,,,,,
RANKED_OLD,TID_SKIN_INFO_CAMPAIGN_RANKED,,bg_campaign_ranked,offer_bgr_blue,,,icon_skins_ranked,,,,RANKED,,
BUNNY_BRIGADE,TID_SKIN_INFO_CAMPAIGN_BUNNY,,bg_campaign_bunny_brigade,offer_bgr_easter2023,,,icon_skins_bunny_brigade,,,,,,
JUNGLE,TID_SKIN_INFO_CAMPAIGN_JUNGLE,,bg_campaign_jungle,offer_bgr_jungle,,,icon_skins_jungle,,,,,,
OLYMPUS,TID_SKIN_INFO_CAMPAIGN_GREEK,,bg_campaign_olympus,offer_bgr_olympus,,,icon_skins_olympus,,,,,,
CLASHIP,TID_SKIN_INFO_CAMPAIGN_CLASHIP,,bg_campaign_claship,offer_bgr_claship,,,icon_skins_claship,,,,,,
LUNAREVENT,TID_SKIN_INFO_CAMPAIGN_LUNAREVENT,,bg_campaign_moonfestival,offer_bgr_mf2023,,,icon_skins_moonfestival,,,,,,
SUMMER,"TID_SKIN_INFO_SUMMER",,bg_campaign_summer,offer_bgr_velocirapids,,,icon_skins_summer,,,,,,
ONCEUPON,TID_SKIN_INFO_CAMPAIGN_ONCEUPON,,bg_campaign_onceupon,offer_bgr_onceupon,,,icon_skins_onceupon,,,,,,
OUTLAWS,TID_SKIN_INFO_CAMPAIGN_OUTLAWS,,bg_campaign_outlaws,offer_bgr_outlaw,,,icon_skins_outlaws,,,,,,
ROBOTSMONSTERS,TID_SKIN_INFO_CAMPAIGN_ROBOTSMONSTERS,,bg_campaign_robotsmonsters,"offer_bgr_maxforce",,,icon_skins_robotmonsters,,,,,,
LNY,TID_SKIN_INFO_CAMPAIGN_LUNAR_BRAWL,,bg_campaign_5,offer_bgr_lny24,,,icon_skins_lny20,,,,,,
CURSED,TID_SKIN_INFO_CAMPAIGN_CURSED,,bg_campaign_cursed,offer_bgr_cursed,,,icon_skins_cursed,,,,,,
ENCHANTED,TID_SKIN_INFO_CAMPAIGN_ENCHANTED,,bg_campaign_enchanted,offer_bgr_enchanted,,,icon_skins_enchanted,,,,,,
GOLDENBALL,TID_SKIN_INFO_CAMPAIGN_GOLDENBALL,,bg_campaign_goldball,offer_bgr_football2023,,,icon_skins_goldball,,,,,,
PHOENIX,TID_SKIN_INFO_CAMPAIGN_PHOENIX,,bg_campaign_phoenix,offer_bgr_phoenix,,,icon_skins_phoenix,,,,,,
UNIVERSITY,TID_SKIN_INFO_CAMPAIGN_UNIVERSITY,,bg_campaign_university,offer_bgr_university,,,icon_skins_university,,,,,,
WASTELAND,TID_SKIN_INFO_CAMPAIGN_WASTELAND,,bg_campaign_wasteland,offer_bgr_wasteland,,,icon_skins_wasteland,,,,,,
HARVESTFESTIVAL,TID_SKIN_INFO_CAMPAIGN_HARVESTFESTIVAL,,bg_campaign_harvestfestival,offer_bgr_blue,,,icon_skins_harvestfestival,,,,,,
HINDU,TID_SKIN_INFO_CAMPAIGN_HINDU,,bg_campaign_hindu,offer_bgr_hindu,,,icon_skins_hindu,,,,,,
CIRCUS,TID_SKIN_INFO_CAMPAIGN_CIRCUS,,bg_campaign_circus,offer_bgr_circus,,,icon_skins_circus,,,,,,
WF_2023,TID_SKIN_INFO_WF_2023,,bg_campaign_15,offer_bgr_wf2023,,,icon_skins_wf,,,,WF_2020,,
CARTOON,TID_SKIN_INFO_CAMPAIGN_CARTOON,,bg_campaign_cartoon,offer_bgr_cartoon,,,icon_skins_cartoon,,,,,,
CARNAVAL,TID_SKIN_INFO_CAMPAIGN_CARNAVAL,,bg_campaign_carnaval,offer_bgr_carnaval,,,icon_skins_carnaval,,,,,,
SUPERBOWL,TID_SKIN_INFO_CAMPAIGN_SUPERBOWL,,bg_campaign_superbowl,offer_bgr_superbowl,,,icon_skins_superbowl,,,,,,
STARRPARK,TID_SKIN_INFO_CAMPAIGN_STARRPARK,,bg_campaign_starrpark,"offer_bgr_giftshop",,,icon_skins_starrpark,,,,,,
MEAL,TID_SKIN_INFO_CAMPAIGN_MEAL,,bg_campaign_meal,offer_bgr_meal,,,icon_skins_meal,,,,,,
GIFTSHOP,TID_SKIN_INFO_CAMPAIGN_GIFTSHOP,,bg_campaign_giftshop,offer_bgr_giftshop,,,icon_skins_giftshop,,,,,,
WC_2023,TID_SKIN_INFO_WC_2023,,bg_campaign_15,offer_bgr_wf2023,,,icon_skins_wf,,,,WF_2020,,
K2_BACKPACK,TID_SKIN_INFO_BACKPACK,,bg_campaign_5,offer_bgr_punk,,,icon_skins_backpack,,,,,,
K2_CONSTELLATION,TID_SKIN_INFO_K2_CONSTELLATION,,bg_campaign_5,offer_bgr_punk,,,icon_skins_constellation,,,-50,,,
K2_ELECTRONIC,TID_SKIN_INFO_K2_ELECTRONIC,,bg_campaign_5,offer_bgr_punk,,,icon_skins_electronic,,,-45,,,
K2_HEADPACK,TID_SKIN_INFO_K2_HEADPACK,,bg_campaign_5,offer_bgr_punk,,,icon_skins_headpack,,,,,,
"NORSEGODS","TID_SKIN_INFO_NORSEGODS",,"bg_campaign_ragnarok","offer_bgr_ragnarok",,,"icon_skins_ragnarok",,,-10,,,
"BABYSHARK","TID_SKIN_INFO_BABYSHARK",,"bg_campaign_babyshark","offer_bgr_babyshark",,,"icon_skins_babyshark",,,,,,
"APRILFOOLS","TID_SKIN_INFO_APRILFOOLS",,"bg_campaign_aprilfools","offer_bgr_blue",,,"icon_skins_aprilfools",,,-5,,,
"GODZILLA","TID_SKIN_INFO_GODZILLA",,"bg_campaign_godzilla","offer_bgr_godzilla",,,"icon_skins_godzilla",,,-30,,,
"HACKER","TID_SKIN_INFO_HACKER",,"bg_campaign_hacker","offer_bgr_hackers",,,"icon_skins_hacker",,,-25,,,
"SQUAD","TID_SKIN_INFO_SQUAD",,"bg_campaign_squad","offer_bgr_squad",,,"icon_skins_squad",,,-15,,,
"MAXFORCE","TID_SKIN_INFO_MAXFORCE",,"bg_campaign_maxforce","offer_bgr_maxforce",,,"icon_skins_maxforce",,,-20,,,
"CITY","TID_SKIN_INFO_CITY",,"bg_campaign_city","offer_bgr_city",,,"icon_skins_city",,,,,,
"MUSIC","TID_SKIN_INFO_MUSIC",,"bg_campaign_music","offer_bgr_popstar",,,"icon_skins_music",,,,,,
"MISC","TID_SKIN_INFO_MISC",,"bg_campaign_misc","offer_bgr_blue",,,"icon_skins_misc",,,,,,
"ROYALS","TID_SKIN_INFO_ROYALS",,"bg_campaign_royals","offer_bgr_onceupon",,,"icon_skins_royals",,,,,,
"GAMING","TID_SKIN_INFO_GAMING",,"bg_campaign_gaming","offer_bgr_lny23",,,"icon_skins_gaming",,,,,,
"ANIMALS","TID_SKIN_INFO_ANIMALS",,"bg_campaign_animals","offer_bgr_jungle",,,"icon_skins_animals",,,,,,
