Name,Disabled,DisabledCN,FileName,ExportName,Character,Skin,GiveOnSkinUnlock,Rarity,EffectColorR,EffectColorG,EffectColorB,FlipSprayForEnemies,LockedForChronos,SprayBundles,IsDefaultBattleSpray,Texture,PriceBling,PriceGems,DisableCatalogRelease,CatalogNewDaysAdjustment,NotInCatalogTID,UseShineVFX,ExtraCatalogCampaign,HideFromCatalogMainCategory
string,boolean,boolean,string,string,string,string,boolean,String,int,int,int,boolean,boolean,String,boolean,string,int,int,boolean,int,string,boolean,string,boolean
spray_allfine,,,sc/ui.sc,spray_allfine,,,,COMMON,255,255,255,TRUE,,,,spray_allfine.png,1000,29,,,,TRUE,MISC,
spray_angrycloud,,,sc/ui.sc,spray_angrycloud,,,,COMMON,197,230,255,TRUE,,,,spray_angrycloud.png,1000,29,,,,,OLYMPUS,
spray_badgem,,,sc/ui.sc,spray_badgem,,,,COMMON,95,219,26,TRUE,,,,spray_badgem.png,1000,29,,,,TRUE,ROYALS,
spray_banana,,,sc/ui.sc,spray_banana,,,,COMMON,255,234,0,TRUE,,,,spray_banana.png,1000,29,,,,,JUNGLE,
spray_check,,,sc/ui.sc,spray_check,,,,DEFAULT,14,255,14,TRUE,,,,spray_check.png,,,,,,,,
spray_cross,,,sc/ui.sc,spray_cross,,,,DEFAULT,255,53,44,TRUE,,,,spray_cross.png,,,,,,,,
spray_crymask,,,sc/ui.sc,spray_crymask,,,,COMMON,252,188,33,TRUE,,,,spray_crymask.png,1000,29,,,,TRUE,MISC,
spray_drop,,,sc/ui.sc,spray_drop,,,,COMMON,0,237,255,TRUE,,,,spray_drop.png,1000,29,,,,,MISC,
spray_footstep,,,sc/ui.sc,spray_footstep,,,,COMMON,0,0,0,TRUE,,,,spray_footstep.png,1000,29,,,,,MISC,
spray_heartarrow,,,sc/ui.sc,spray_heartarrow,,,,COMMON,255,49,133,TRUE,,,,spray_heartarrow.png,1000,29,,,,,BRAWLENTINES,
spray_hole,,,sc/ui.sc,spray_hole,,,,COMMON,0,0,0,TRUE,,,,spray_hole.png,1000,29,,,,,WASTELAND,
spray_salt,,,sc/ui.sc,spray_salt,,,,COMMON,93,234,255,TRUE,,,,spray_salt.png,1000,29,,,,,MEAL,
spray_skullchamp,,,sc/ui.sc,spray_skullchamp,,,,COMMON,0,103,57,TRUE,,,,spray_skullchamp.png,1000,29,,,,,MISC,
spray_skullsign,,,sc/ui.sc,spray_skullsign,,,,COMMON,251,205,16,TRUE,,,,spray_skullsign.png,1000,29,,,,,WASTELAND,
spray_skullwings,,,sc/ui.sc,spray_skullwings,,,,COMMON,255,255,255,TRUE,,,,spray_skullwings.png,1000,29,,,,,MISC,
spray_starrpark,,,sc/ui.sc,spray_starrpark,,,,DEFAULT,252,224,91,TRUE,,,,spray_starrpark.png,,,,,,,,
spray_thumbsup,,,sc/ui.sc,spray_thumbsup,,,,COMMON,255,255,255,TRUE,,,,spray_thumbsup.png,1000,29,,,,,MISC,
spray_8bit_1,,,sc/ui.sc,spray_8bit_1,Arcade,,,COMMON,0,104,224,TRUE,,,,spray_8bit.png,750,19,,,,,,
spray_bo_1,,,sc/ui.sc,spray_bo_1,BowDude,,,COMMON,183,56,21,TRUE,,,,spray_bo.png,750,19,,,,,,
spray_brock_1,,,sc/ui.sc,spray_brock_1,RocketGirl,,,COMMON,135,31,145,TRUE,,,,spray_brock.png,750,19,,,,,,
spray_bull_1,,,sc/ui.sc,spray_bull_1,BullDude,,,COMMON,249,214,157,TRUE,,,,spray_bull.png,750,19,,,,,,
spray_colt_1,,,sc/ui.sc,spray_colt_1,Gunslinger,,,COMMON,82,117,214,TRUE,,,,spray_colt.png,750,19,,,,,,
spray_dynamike_1,,,sc/ui.sc,spray_dynamike_1,TntDude,,,COMMON,233,3,21,TRUE,,,,spray_dynamike.png,750,19,,,,,,
spray_emz_1,,,sc/ui.sc,spray_emz_1,Mummy,,,COMMON,19,244,189,TRUE,,,,spray_emz.png,750,19,,,,,,
spray_jessie_1,,,sc/ui.sc,spray_jessie_1,Mechanic,,,COMMON,92,255,255,TRUE,,,,spray_jessie.png,750,19,,,,,,
spray_nita_1,,,sc/ui.sc,spray_nita_1,Shaman,,,COMMON,255,57,83,TRUE,,,,spray_nita.png,750,19,,,,,,
spray_shelly_1,,,sc/ui.sc,spray_shelly_1,ShotgunGirl,,,COMMON,255,221,195,TRUE,,,,spray_shelly.png,750,19,,,,,,
spray_stu_1,,,sc/ui.sc,spray_stu_1,Roller,,,COMMON,33,53,247,TRUE,,,,spray_stu.png,750,19,,,,,,
spray_tick_1,,,sc/ui.sc,spray_tick_1,ClusterBombDude,,,COMMON,253,237,83,TRUE,,,,spray_tick.png,750,19,,,,,,
spray_mrp_goldenweek,,,sc/ui.sc,spray_mrp_goldenweek,SpawnerDude,SpawnerDudeDaruma,,COMMON,244,28,58,TRUE,,,,spray_mrp_goldenweek.png,750,19,,,,,,
spray_tara_ramadan,,,sc/ui.sc,spray_tara_ramadan,BlackHole,BlackHoleDevious,,COMMON,247,205,18,TRUE,,,,spray_tara_ramadan.png,750,19,,,,,,
spray_crashdummy,,,sc/ui.sc,spray_crashdummy,,,,COLLECTORS,255,234,0,TRUE,,,,spray_crashdummy.png,1000,29,,,,,WASTELAND,
spray_stuntshow_chevrons,,,sc/ui.sc,spray_stuntshow_chevrons,,,,COLLECTORS,251,205,16,TRUE,,,,spray_stuntshow_chevrons.png,,,,,,,,
spray_stuntshow_wheel,,,sc/ui.sc,spray_stuntshow_wheel,,,,COLLECTORS,82,117,214,TRUE,,,,spray_stuntshow_wheel.png,,,,,,,,
spray_tick_bt21,,TRUE,sc/ui.sc,spray_tick_bt21,ClusterBombDude,ClusterBombDudeShooky,,COMMON,253,237,83,TRUE,,,,spray_tick_bt21.png,,19,,,,,,
spray_sandy_bt21,,TRUE,sc/ui.sc,spray_sandy_bt21,Sandstorm,SandstormKoya,,COMMON,0,150,217,TRUE,,,,spray_sandy_bt21.png,,19,,,,,,
spray_ruffs_bt21,,TRUE,sc/ui.sc,spray_ruffs_bt21,Ruffs,RuffsChimmy,,COMMON,255,215,54,TRUE,,,,spray_ruffs_bt21.png,,19,,,,,,
spray_bibi_bt21,,TRUE,sc/ui.sc,spray_bibi_bt21,Baseball,BaseballRj,,COMMON,255,255,255,TRUE,,,,spray_bibi_bt21.png,,19,,,,,,
spray_jacky_bt21,,TRUE,sc/ui.sc,spray_jacky_bt21,Driller,DrillerCooky,,COMMON,254,68,169,TRUE,,,,spray_jacky_bt21.png,,19,,,,,,
spray_bull_bt21,,TRUE,sc/ui.sc,spray_bull_bt21,BullDude,BullDudeMang,,COMMON,97,177,255,TRUE,,,,spray_bull_bt21.png,,19,,,,,,
spray_edgar_bt21,,TRUE,sc/ui.sc,spray_edgar_bt21,Enrager,EnragerTata,,COMMON,82,133,234,TRUE,,,,spray_edgar_bt21.png,,19,,,,,,
spray_elprimo_1,,,sc/ui.sc,spray_elprimo_1,Luchador,,,COMMON,248,133,70,TRUE,,,,spray_elprimo.png,750,19,,,,,,
spray_rosa_1,,,sc/ui.sc,spray_rosa_1,Rosa,,,COMMON,235,60,172,TRUE,,,,spray_rosa.png,750,19,,,,,,
spray_poco_1,,,sc/ui.sc,spray_poco_1,DeadMariachi,,,COMMON,255,49,133,TRUE,,,,spray_poco.png,750,19,,,,,,
spray_barley_1,,,sc/ui.sc,spray_barley_1,Barkeep,,,COMMON,7,174,74,TRUE,,,,spray_barley.png,750,19,,,,,,
spray_rico_1,,,sc/ui.sc,spray_rico_1,TrickshotDude,,,COMMON,255,98,28,TRUE,,,,spray_rico.png,750,19,,,,,,
spray_darryl_1,,,sc/ui.sc,spray_darryl_1,BarrelBot,,,COMMON,96,35,255,TRUE,,,,spray_darryl.png,750,19,,,,,,
spray_jacky_1,,,sc/ui.sc,spray_jacky_1,Driller,,,COMMON,91,16,221,TRUE,,,,spray_jacky.png,750,19,,,,,,
spray_penny_1,,,sc/ui.sc,spray_penny_1,ArtilleryDude,,,COMMON,255,96,187,TRUE,,,,spray_penny.png,750,19,,,,,,
spray_carl_1,,,sc/ui.sc,spray_carl_1,Whirlwind,,,COMMON,255,236,147,TRUE,,,,spray_carl.png,750,19,,,,,,
spray_coc,,,sc/ui.sc,spray_coc,,,,COLLECTORS,255,249,90,TRUE,,,,spray_coc.png,1000,29,,,,,CLASHIP,
spray_badrandoms,,,sc/ui.sc,spray_badrandoms,,,,COLLECTORS,255,88,255,TRUE,,,,spray_badrandoms.png,1000,29,,,,,PUNK,
spray_deepsea_1,,,sc/ui.sc,spray_deepsea_1,,,,COLLECTORS,150,255,16,TRUE,,,,spray_deepsea_1.png,,,,,,,,
spray_deepsea_2,,,sc/ui.sc,spray_deepsea_2,,,,COLLECTORS,255,77,212,TRUE,,,,spray_deepsea_2.png,,,,,,,,
spray_bronze,,,sc/ui.sc,spray_bronze,,,,COLLECTORS,239,117,39,TRUE,,,,spray_bronze.png,,,,,,TRUE,,
spray_silver,,,sc/ui.sc,spray_silver,,,,COLLECTORS,162,162,206,TRUE,,,,spray_silver.png,,,,,,TRUE,,
spray_gold,,,sc/ui.sc,spray_gold,,,,COLLECTORS,255,156,33,TRUE,,,,spray_gold.png,,,,,,TRUE,,
spray_diamond,,,sc/ui.sc,spray_diamond,,,,COLLECTORS,0,243,252,TRUE,,,,spray_diamond.png,,,,,,TRUE,,
spray_mythic,,,sc/ui.sc,spray_mythic,,,,COLLECTORS,243,64,255,TRUE,,,,spray_mythic.png,,,,,,TRUE,,
spray_legendary,,,sc/ui.sc,spray_legendary,,,,COLLECTORS,255,42,68,TRUE,,,,spray_legendary.png,,,,,,TRUE,,
spray_masters,,,sc/ui.sc,spray_masters,,,,COLLECTORS,252,224,91,TRUE,,,,spray_masters.png,,,,,,TRUE,,
spray_challenge_ball,,,sc/ui.sc,spray_challenge_ball,,,,COLLECTORS,255,255,255,TRUE,,,,spray_challenge_ball.png,,,,,,TRUE,,
spray_challenge_solo,,,sc/ui.sc,spray_challenge_solo,,,,COLLECTORS,255,255,255,TRUE,,,,spray_challenge_solo.png,,,,,,TRUE,,
spray_challenge_duo1,,,sc/ui.sc,spray_challenge_duo1,,,,COLLECTORS,255,255,255,TRUE,,,,spray_challenge_duo1.png,,,,,,TRUE,,
spray_challenge_duo2,,,sc/ui.sc,spray_challenge_duo2,,,,COLLECTORS,255,255,255,TRUE,,,,spray_challenge_duo2.png,,,,,,TRUE,,
spray_bsc,,,sc/ui.sc,spray_bsc,,,,COMMON,255,255,17,TRUE,,,,spray_bsc.png,1000,29,,,,TRUE,WF_2020,
spray_mortis_mecha,,,sc/ui.sc,spray_mortis_mecha,Undertaker,UndertakerMecha,TRUE,COMMON,214,79,252,TRUE,,,,spray_mortis_mecha.png,,,,,,TRUE,,
spray_bea_1,,,sc/ui.sc,spray_bea_1,BeeSniper,,,COMMON,252,200,10,TRUE,,,,spray_bea.png,750,19,,,,,,
spray_bibi_1,,,sc/ui.sc,spray_bibi_1,Baseball,,,COMMON,96,224,255,TRUE,,,,spray_bibi.png,750,19,,,,,,
spray_bonnie_1,,,sc/ui.sc,spray_bonnie_1,CannonGirl,,,COMMON,238,20,84,TRUE,,,,spray_bonnie.png,750,19,,,,,,
spray_edgar_1,,,sc/ui.sc,spray_edgar_1,Enrager,,,COMMON,168,27,249,TRUE,,,,spray_edgar.png,750,19,,,,,,
spray_frank_1,,,sc/ui.sc,spray_frank_1,HammerDude,,,COMMON,61,255,199,TRUE,,,,spray_frank.png,750,19,,,,,,
spray_grom_1,,,sc/ui.sc,spray_grom_1,CrossBomber,,,COMMON,255,241,0,TRUE,,,,spray_grom.png,750,19,,,,,,
spray_nani_1,,,sc/ui.sc,spray_nani_1,Controller,,,COMMON,13,222,248,TRUE,,,,spray_nani.png,750,19,,,,,,
spray_pam_1,,,sc/ui.sc,spray_pam_1,MinigunDude,,,COMMON,194,193,232,TRUE,,,,spray_pam.png,750,19,,,,,,
spray_piper_1,,,sc/ui.sc,spray_piper_1,Sniper,,,COMMON,155,54,193,TRUE,,,,spray_piper.png,750,19,,,,,,
spray_griff_1,,,sc/ui.sc,spray_griff_1,AssaultShotgun,,,COMMON,255,253,48,TRUE,,,,spray_griff.png,750,19,,,,,,
spray_robotfactory_1,,,sc/ui.sc,spray_robotfactory_1,,,,COLLECTORS,7,167,255,TRUE,,,,spray_robotfactory_1.png,,,,,,,,
spray_robotfactory_2,,,sc/ui.sc,spray_robotfactory_2,,,,COLLECTORS,193,255,73,TRUE,,,,spray_robotfactory_2.png,,,,,,,,
spray_gemgrab,,,sc/ui.sc,spray_gemgrab,,,,COLLECTORS,154,69,255,TRUE,,,,spray_gemgrab.png,,,,,,TRUE,,
spray_bounty,,,sc/ui.sc,spray_bounty,,,,COLLECTORS,255,190,32,TRUE,,,,spray_bounty.png,,,,,,TRUE,,
spray_heist,,,sc/ui.sc,spray_heist,,,,COLLECTORS,184,238,251,TRUE,,,,spray_heist.png,,,,,,TRUE,,
spray_mortis_1,,,sc/ui.sc,spray_mortis_1,Undertaker,,,COMMON,255,13,255,TRUE,,,,spray_mortis.png,750,19,,,,,,
spray_sprout_1,,,sc/ui.sc,spray_sprout_1,Wally,,,COMMON,255,200,0,TRUE,,,,spray_sprout.png,750,19,,,,,,
spray_mrp_1,,,sc/ui.sc,spray_mrp_1,SpawnerDude,,,COMMON,30,32,248,TRUE,,,,spray_mrp.png,750,19,,,,,,
spray_byron_1,,,sc/ui.sc,spray_byron_1,SnakeOil,,,COMMON,0,210,170,TRUE,,,,spray_byron.png,750,19,,,,,,
spray_max_1,,,sc/ui.sc,spray_max_1,Speedy,,,COMMON,255,239,0,TRUE,,,,spray_max.png,750,19,,,,,,
spray_tara_1,,,sc/ui.sc,spray_tara_1,BlackHole,,,COMMON,0,133,251,TRUE,,,,spray_tara.png,750,19,,,,,,
spray_squeak_1,,,sc/ui.sc,spray_squeak_1,StickyBomb,,,COMMON,0,228,223,TRUE,,,,spray_squeak.png,750,19,,,,,,
spray_gene_1,,,sc/ui.sc,spray_gene_1,HookDude,,,COMMON,255,180,3,TRUE,,,,spray_gene.png,750,19,,,,,,
spray_ghost_tunnel,,,sc/ui.sc,spray_ghost_tunnel,,,,COLLECTORS,0,0,0,TRUE,,,,spray_ghost_tunnel.png,,,,,,,,
spray_ghost_train,,,sc/ui.sc,spray_ghost_train,,,,COLLECTORS,92,255,255,TRUE,,,,spray_ghost_train.png,,,,,,,,
spray_ghost_wagon1,,,sc/ui.sc,spray_ghost_wagon1,,,,COLLECTORS,92,255,255,TRUE,,,,spray_ghost_wagon1.png,1000,29,,,,,GHOST_TRAIN,
spray_ghost_wagon2,,,sc/ui.sc,spray_ghost_wagon2,,,,COLLECTORS,239,255,255,TRUE,,,,spray_ghost_wagon2.png,1000,29,,,,,GHOST_TRAIN,
spray_ghost_wagon3,,,sc/ui.sc,spray_ghost_wagon3,,,,COLLECTORS,255,14,248,TRUE,,,,spray_ghost_wagon3.png,1000,29,,,,,GHOST_TRAIN,
spray_paper,,,sc/ui.sc,spray_paper,,,,COLLECTORS,255,255,115,TRUE,,,,spray_paper.png,1000,29,,,,,UNIVERSITY,
spray_scissors,,,sc/ui.sc,spray_scissors,,,,COLLECTORS,255,255,115,TRUE,,,,spray_scissors.png,1000,29,,,,,UNIVERSITY,
spray_rock,,,sc/ui.sc,spray_rock,,,,COLLECTORS,255,255,115,TRUE,,,,spray_rock.png,1000,29,,,,,UNIVERSITY,
spray_denied,,,sc/ui.sc,spray_denied,,,,COMMON,244,0,57,TRUE,,,,spray_denied.png,1000,29,,,,,MISC,
spray_singlesday,,,sc/ui.sc,spray_singlesday,,,,COLLECTORS,255,194,7,TRUE,,,,spray_singlesday.png,1000,29,,,,TRUE,MISC,
spray_lastbox,,,sc/ui.sc,spray_lastbox,,,,COLLECTORS,255,32,26,TRUE,,,,spray_lastbox.png,,,,,,TRUE,,
spray_grand_masters,,,sc/ui.sc,spray_grand_masters,,,,COLLECTORS,196,251,29,TRUE,,,,spray_grand_masters.png,,,,,,TRUE,,
spray_amber_1,,,sc/ui.sc,spray_amber_1,FireDude,,,COMMON,250,255,61,TRUE,,,,spray_amber.png,750,19,,,,,,
spray_crow_1,,,sc/ui.sc,spray_crow_1,Crow,,,COMMON,193,211,255,TRUE,,,,spray_crow.png,750,19,,,,,,
spray_meg_1,,,sc/ui.sc,spray_meg_1,MechaDude,,,COMMON,243,0,66,TRUE,,,,spray_meg.png,750,19,,,,,,
spray_leon_1,,,sc/ui.sc,spray_leon_1,Ninja,,,COMMON,0,214,40,TRUE,,,,spray_leon.png,750,19,,,,,,
spray_chester_1,,,sc/ui.sc,spray_chester_1,Jester,,,COMMON,103,67,255,TRUE,,,,spray_chester.png,750,19,,,,,,
spray_sandy_1,,,sc/ui.sc,spray_sandy_1,Sandstorm,,,COMMON,125,94,252,TRUE,,,,spray_sandy.png,750,19,,,,,,
spray_spike_1,,,sc/ui.sc,spray_spike_1,Cactus,,,COMMON,0,224,95,TRUE,,,,spray_spike.png,750,19,,,,,,
spray_anniversary1,,,sc/ui.sc,spray_anniversary1,,,,COLLECTORS,243,192,255,TRUE,,,,spray_anniversary1.png,,,,,,,,
spray_anniversary2,,,sc/ui.sc,spray_anniversary2,,,,COLLECTORS,255,185,33,TRUE,,,,spray_anniversary2.png,,,,,,,,
spray_brawlidays_hat,,,sc/ui.sc,spray_brawlidays_hat,,,,COLLECTORS,249,3,3,TRUE,,,,spray_brawlidays_hat.png,1000,29,,,,,BRAWLIDAYS,
spray_brawlidays_horns,,,sc/ui.sc,spray_brawlidays_horns,,,,COLLECTORS,18,188,0,TRUE,,,,spray_brawlidays_horns.png,1000,29,,,,,BRAWLIDAYS,
spray_brawlentines_heart1,,,sc/ui.sc,spray_brawlentines_heart1,,,,COLLECTORS,255,77,213,TRUE,,,,spray_brawlentines_heart1.png,1000,29,,,,,BRAWLENTINES,
spray_brawlentines_heart2,,,sc/ui.sc,spray_brawlentines_heart2,,,,COLLECTORS,255,77,213,TRUE,,,,spray_brawlentines_heart2.png,1000,29,,,,,BRAWLENTINES,
spray_candyland1,,,sc/ui.sc,spray_candyland1,,,,COLLECTORS,255,209,18,TRUE,,,,spray_candyland1.png,,,,,,,,
spray_candyland2,,,sc/ui.sc,spray_candyland2,,,,COLLECTORS,131,255,255,TRUE,,,,spray_candyland2.png,,,,,,,,
spray_lny2022,,,sc/ui.sc,spray_lny2022,,,,COLLECTORS,151,255,16,TRUE,,,,spray_lny2022.png,1000,29,,,,,LNY,
spray_esports2022_punch,,,sc/ui.sc,spray_esports2022_punch,,,,COMMON,102,247,47,TRUE,,,,spray_esports2022_punch.png,1000,29,,,,TRUE,WF_2020,
spray_gray_1,,,sc/ui.sc,spray_gray_1,DoorMan,,,COMMON,255,255,255,TRUE,,,,spray_gray.png,750,19,,,,,,
spray_rt_1,,,sc/ui.sc,spray_rt_1,Splitter,,,COMMON,255,255,255,TRUE,,,,spray_rt.png,750,19,,,,TRUE,,
spray_willow_1,,,sc/ui.sc,spray_willow_1,Puppeteer,,,COMMON,18,255,209,TRUE,,,,spray_willow.png,750,19,,,,,,
spray_hub1,,,sc/ui.sc,spray_hub1,,,,COLLECTORS,253,243,60,TRUE,,,,spray_hub1.png,,,,,,,,
spray_hub2,,,sc/ui.sc,spray_hub2,,,,COLLECTORS,255,10,98,TRUE,,,,spray_hub2.png,,,,,,,,
spray_otis_mask,,,sc/ui.sc,spray_otis_mask,Silencer,SilencerOni,,COMMON,61,190,255,TRUE,,,,spray_otis_mask.png,750,19,,,,TRUE,,
spray_lola_mask,,,sc/ui.sc,spray_lola_mask,Duplicator,DuplicatorKitsune,,COMMON,255,255,255,TRUE,,,,spray_lola_mask.png,750,19,,,,TRUE,,
spray_dynamike_mask,,,sc/ui.sc,spray_dynamike_mask,TntDude,TntDudeTengu,,COMMON,252,131,42,TRUE,,,,spray_dynamike_mask.png,750,19,,,,TRUE,,
spray_janet_popstar,,,sc/ui.sc,spray_janet_popstar,,,,COLLECTORS,251,243,79,TRUE,,,,spray_janet_popstar.png,750,19,,,,TRUE,MUSIC,
spray_nani_easter,,,sc/ui.sc,spray_nani_easter,Controller,ControllerEaster,,COMMON,255,167,255,TRUE,,,,spray_nani_easter.png,750,19,,,,TRUE,,
spray_carl_carpet,,,sc/ui.sc,spray_carl_carpet,Whirlwind,WhirlwindRamadan,,COMMON,253,243,60,TRUE,,,,spray_carl_carpet.png,750,19,,,,TRUE,,
spray_ruffs_1,,,sc/ui.sc,spray_ruffs_1,Ruffs,,,COMMON,233,45,172,TRUE,,,,spray_ruffs.png,750,19,,,,TRUE,,
spray_belle_1,,,sc/ui.sc,spray_belle_1,ElectroSniper,,,COMMON,160,243,255,TRUE,,,,spray_belle.png,750,19,,,,TRUE,,
spray_buzz_1,,,sc/ui.sc,spray_buzz_1,RopeDude,,,COMMON,0,255,31,TRUE,,,,spray_buzz.png,750,19,,,,TRUE,,
spray_buster_1,,,sc/ui.sc,spray_buster_1,ShieldTank,,,COMMON,123,245,255,TRUE,,,,spray_buster.png,750,19,,,,TRUE,,
spray_colette_1,,,sc/ui.sc,spray_colette_1,Percenter,,,COMMON,250,170,255,TRUE,,,,spray_colette.png,750,19,,,,TRUE,,
spray_eve_1,,,sc/ui.sc,spray_eve_1,Flea,,,COMMON,164,29,246,TRUE,,,,spray_eve.png,750,19,,,,TRUE,,
spray_fang_1,,,sc/ui.sc,spray_fang_1,KickerDude,,,COMMON,255,198,0,TRUE,,,,spray_fang.png,750,19,,,,TRUE,,
spray_gale_1,,,sc/ui.sc,spray_gale_1,Blower,,,COMMON,68,255,255,TRUE,,,,spray_gale.png,750,19,,,,TRUE,,
spray_janet_1,,,sc/ui.sc,spray_janet_1,JetpackGirl,,,COMMON,254,208,234,TRUE,,,,spray_janet.png,750,19,,,,TRUE,,
spray_lola_1,,,sc/ui.sc,spray_lola_1,Duplicator,,,COMMON,0,214,193,TRUE,,,,spray_lola.png,750,19,,,,TRUE,,
spray_lou_1,,,sc/ui.sc,spray_lou_1,IceDude,,,COMMON,0,233,251,TRUE,,,,spray_lou.png,750,19,,,,TRUE,,
spray_mandy_1,,,sc/ui.sc,spray_mandy_1,Beamer,,,COMMON,255,210,75,TRUE,,,,spray_mandy.png,750,19,,,,TRUE,,
spray_otis_1,,,sc/ui.sc,spray_otis_1,Silencer,,,COMMON,61,251,196,TRUE,,,,spray_otis.png,750,19,,,,TRUE,,
spray_sam_1,,,sc/ui.sc,spray_sam_1,WeaponThrower,,,COMMON,254,226,34,TRUE,,,,spray_sam.png,750,19,,,,TRUE,,
spray_surge_1,,,sc/ui.sc,spray_surge_1,PowerLeveler,,,COMMON,144,60,255,TRUE,,,,spray_surge.png,750,19,,,,TRUE,,
spray_easter2023,,,sc/ui.sc,spray_easter2023,,,,COLLECTORS,0,234,0,TRUE,,,,spray_easter2023.png,1000,29,,,,,BUNNY_BRIGADE,
spray_challenge_basketball,,,sc/ui.sc,spray_challenge_basketball,,,,COLLECTORS,255,139,35,TRUE,,,,spray_challenge_basketball.png,,,,,,TRUE,,
spray_challenge_duels,,,sc/ui.sc,spray_challenge_duels,,,,COLLECTORS,253,242,80,TRUE,,,,spray_challenge_duels.png,,,,,,TRUE,,
spray_ash_1,,,sc/ui.sc,spray_ash_1,Knight,,,COMMON,255,44,117,TRUE,,,,spray_ash.png,750,19,,,,TRUE,,
spray_gus_1,,,sc/ui.sc,spray_gus_1,SoulCollector,,,COMMON,218,81,251,TRUE,,,,spray_gus.png,750,19,,,,,,
spray_amazon_frog,,,sc/ui.sc,spray_amazon_frog,,,,COLLECTORS,255,39,96,TRUE,,,,spray_amazon_frog.png,1000,29,,,,TRUE,JUNGLE,
spray_jungle,,,sc/ui.sc,spray_jungle,,,,COLLECTORS,181,180,187,TRUE,,,,spray_jungle.png,,,,,,,,
spray_maisie_1,,,sc/ui.sc,spray_maisie_1,Maisie,,,COMMON,255,0,0,TRUE,,,,spray_maisie.png,750,19,,,,TRUE,,
spray_liltenant_1,,,sc/ui.sc,spray_liltenant_1,FishTank,,,COMMON,195,234,27,TRUE,,,,spray_liltenant.png,750,19,,,,,,
spray_max_jungle,,,sc/ui.sc,spray_max_jungle,Speedy,SpeedyLeopard,,COMMON,255,218,0,TRUE,,,,spray_max_jungle.png,750,19,,,,TRUE,,
spray_buster_jungle,,,sc/ui.sc,spray_buster_jungle,ShieldTank,ShieldTankCroc,,COMMON,6,204,0,TRUE,,,,spray_buster_jungle.png,750,19,,,,TRUE,,
spray_meg_jungle,,,sc/ui.sc,spray_meg_jungle,,,,COMMON,0,219,255,TRUE,,,,spray_meg_jungle.png,,,,,,TRUE,,
spray_brock_olympus,,,sc/ui.sc,spray_brock_olympus,RocketGirl,RocketGirlZeus,TRUE,COMMON,248,213,84,TRUE,,,,spray_brock_olympus.png,,,,,,TRUE,,
spray_nani_olympus,,,sc/ui.sc,spray_nani_olympus,Controller,ControllerAres,TRUE,COMMON,255,188,0,TRUE,,,,spray_nani_olympus.png,,,,,,TRUE,,
spray_tick_olympus,,,sc/ui.sc,spray_tick_olympus,ClusterBombDude,ClusterBombDudeCerberus,TRUE,COMMON,0,201,255,TRUE,,,,spray_tick_olympus.png,,,,,,TRUE,,
spray_emz_gw,,,sc/ui.sc,spray_emz_gw,Mummy,MummyHarajuku,,COMMON,23,229,194,TRUE,,,,spray_emz_gw.png,750,19,,,,TRUE,,
spray_colt_jungle,,,sc/ui.sc,spray_colt_jungle,Gunslinger,GunslingerMonkey,,COMMON,255,246,0,TRUE,,,,spray_colt_jungle.png,750,19,,,,TRUE,,
spray_bling,,,sc/ui.sc,spray_bling,,,,COLLECTORS,255,252,194,TRUE,,,,spray_bling.png,1000,29,,,,TRUE,MISC,
spray_gw,,,sc/ui.sc,spray_gw,,,,COLLECTORS,46,255,215,TRUE,,,,spray_gw.png,1000,29,,,,TRUE,GOLDENWEEK,
spray_mushroom,,,sc/ui.sc,spray_mushroom,,,,COLLECTORS,184,255,137,TRUE,,,,spray_mushroom.png,,,,,,,,
spray_tq,,TRUE,sc/ui.sc,spray_tq,,,,COMMON,249,216,73,TRUE,,,,spray_tq.png,,29,,,,,WF_2020,
spray_stmn,,TRUE,sc/ui.sc,spray_stmn,,,,COMMON,67,151,133,TRUE,,,,spray_stmn.png,,29,,,,,WF_2020,
spray_sk,,TRUE,sc/ui.sc,spray_sk,,,,COMMON,122,52,245,TRUE,,,,spray_sk.png,,29,,,,,WF_2020,
spray_zeta,,TRUE,sc/ui.sc,spray_zeta,,,,COMMON,215,254,81,TRUE,,,,spray_zeta.png,,29,,,,,WF_2020,
spray_totem,,TRUE,sc/ui.sc,spray_totem,,,,COMMON,79,174,79,TRUE,,,,spray_totem.png,,29,,,,,WF_2020,
spray_qlash,,TRUE,sc/ui.sc,spray_qlash,,,,COMMON,105,228,222,TRUE,,,,spray_qlash.png,,29,,,,,WF_2020,
spray_tribe,,TRUE,sc/ui.sc,spray_tribe,,,,COMMON,215,40,53,TRUE,,,,spray_tribe.png,,29,,,,,WF_2020,
spray_navi,,TRUE,sc/ui.sc,spray_navi,,,,COMMON,252,237,79,TRUE,,,,spray_navi.png,,29,,,,,WF_2020,
spray_fire_love,,,sc/ui.sc,spray_fire_love,,,,COMMON,234,51,74,TRUE,,,,spray_fire_love.png,1000,29,,,,,,
spray_esports_greenbear,,,sc/ui.sc,spray_esports_greenbear,,,,COMMON,169,230,96,TRUE,,,,spray_esports_greenbear.png,,,,,,,,
spray_fut,,TRUE,sc/ui.sc,spray_fut,,,,COMMON,219,48,75,TRUE,,,,spray_fut.png,,29,,,,,WF_2020,
spray_luminosity,,TRUE,sc/ui.sc,spray_luminosity,,,,COMMON,100,185,216,TRUE,,,,spray_luminosity.png,,29,,,,,WF_2020,
spray_8bit_enchanted,,,sc/ui.sc,spray_8bit_enchanted,Arcade,ArcadeHauntedHouse,,COMMON,98,214,179,TRUE,,,,spray_8bit_enchanted.png,750,19,,,,,,
spray_janet_enchanted,,,sc/ui.sc,spray_janet_enchanted,JetpackGirl,JetpackGirlDarkFairy,,COMMON,214,101,129,TRUE,,,,spray_janet_enchanted.png,750,19,,,,,,
spray_chester_enchanted,,,sc/ui.sc,spray_chester_enchanted,Jester,JesterWoodspirit,,COMMON,218,75,52,TRUE,,,,spray_chester_enchanted.png,750,19,,,,,,
spray_lou_enchanted,,,sc/ui.sc,spray_lou_enchanted,,,,COMMON,220,215,210,TRUE,,,,spray_lou_enchanted.png,750,19,,,,,,
spray_crow_phoenix,,,sc/ui.sc,spray_crow_phoenix,Crow,CrowPheonix,TRUE,COMMON,255,200,19,TRUE,,,,spray_crow_phoenix.png,,,,,,,,
spray_meg_cursed,,,sc/ui.sc,spray_meg_cursed,MechaDude,MechaDudePirate,TRUE,COMMON,123,50,208,TRUE,,,,spray_meg_cursed.png,,,,,,,,
spray_surge_cursed,,,sc/ui.sc,spray_surge_cursed,PowerLeveler,PowerLevelerKraken,,COMMON,255,122,72,TRUE,,,,spray_surge_cursed.png,750,19,,,,,,
spray_bibi_cursed,,,sc/ui.sc,spray_bibi_cursed,Baseball,BaseballPirate,TRUE,COMMON,255,0,107,TRUE,,,,spray_bibi_cursed.png,,,,,,,,
spray_griff_cursed,,,sc/ui.sc,spray_griff_cursed,AssaultShotgun,AssaultShotgunTreasure,,COMMON,255,1,68,TRUE,,,,spray_griff_cursed.png,750,19,,,,,,
spray_floaty_donut,,,sc/ui.sc,spray_floaty_donut,,,,COLLECTORS,190,74,213,TRUE,,,,spray_floaty_donut.png,1000,29,,,,TRUE,SUMMER,
spray_doug,,,sc/ui.sc,spray_doug,Reviver,,,COMMON,247,63,159,TRUE,,,,spray_doug.png,750,19,,,,,,
spray_floaty_hotdog,,,sc/ui.sc,spray_floaty_hotdgog,,,,COLLECTORS,250,154,62,TRUE,,,,spray_floaty_hotdog.png,1000,29,,,,TRUE,SUMMER,
spray_floaty_palmtree,,,sc/ui.sc,spray_floaty_palmtree,,,,COLLECTORS,76,212,81,TRUE,,,,spray_floaty_palmtree.png,1000,29,,,,TRUE,SUMMER,
spray_floaty_flamingo,,,sc/ui.sc,spray_floaty_flamingo,,,,COLLECTORS,248,141,187,TRUE,,,,spray_floaty_flamingo.png,1000,29,,,,TRUE,SUMMER,
spray_cordelius,,,sc/ui.sc,spray_cordelius,Duelist,,,COMMON,255,208,0,TRUE,,,,spray_cordelius.png,750,19,,,,,,
spray_cordelius_wasteland,,,sc/ui.sc,spray_cordelius_wasteland,Duelist,DuelistWasteland,,COMMON,228,79,93,TRUE,,,,spray_cordelius_wasteland.png,750,19,,,,,,
spray_hank_wasteland,,,sc/ui.sc,spray_hank_wasteland,FishTank,FishTankWasteland,TRUE,COMMON,243,134,178,TRUE,,,,spray_hank_wasteland.png,,,,,,,,
spray_maisie_wasteland,,,sc/ui.sc,spray_maisie_wasteland,,,,COMMON,162,208,52,TRUE,,,,spray_maisie_wasteland.png,,,,,,,,
spray_willow_wasteland,,,sc/ui.sc,spray_willow_wasteland,,,,COMMON,190,57,234,TRUE,,,,spray_willow_wasteland.png,750,19,,,,,WASTELAND,
spray_mandy_harvest,,,sc/ui.sc,spray_mandy_harvest,Beamer,Beamerharvest,,COMMON,242,123,209,TRUE,,,,spray_mandy_harvest.png,750,19,,,,,,
spray_janet_moon,,,sc/ui.sc,spray_janet_moon,JetpackGirl,JetpackGirlMoon,TRUE,COMMON,255,255,255,TRUE,,,,spray_janet_moon.png,,,,,,,,
spray_rosa_university,,,sc/ui.sc,spray_rosa_university,Rosa,RosaUniversity,,COMMON,43,127,250,TRUE,,,,spray_rosa_university.png,750,19,,,,,,
spray_squeak_university,,,sc/ui.sc,spray_squeak_university,StickyBomb,StickyBombUniversity,,COMMON,241,106,138,TRUE,,,,spray_squeak_university.png,750,19,,,,,,
spray_stu_university,,,sc/ui.sc,spray_stu_university,Roller,RollerUniversity,TRUE,COMMON,61,201,118,TRUE,,,,spray_stu_university.png,,,,,,,,
spray_edgar_mecha,,,sc/ui.sc,spray_edgar_mecha,Enrager,EnragerMecha,TRUE,COMMON,94,105,249,TRUE,,,,spray_edgar_mecha.png,,,,,,,,
spray_pearl,,,sc/ui.sc,spray_pearl,Cooker,,,COMMON,243,129,58,TRUE,,,,spray_pearl.png,750,19,,,,,,
spray_chuck,,,sc/ui.sc,spray_chuck,Conductor,,,COMMON,192,252,79,TRUE,,,,spray_chuck.png,750,19,,,,,,
spray_wasteland,,,sc/ui.sc,spray_wasteland,,,,COLLECTORS,184,255,137,TRUE,,,,spray_wasteland.png,,,,,,TRUE,,
spray_university_equal,,,sc/ui.sc,spray_university_equal,,,,COLLECTORS,0,255,255,TRUE,,,,spray_university_equal.png,1000,29,,,,TRUE,UNIVERSITY,
spray_university_minus,,,sc/ui.sc,spray_university_minus,,,,COLLECTORS,249,51,255,TRUE,,,,spray_university_minus.png,1000,29,,,,TRUE,UNIVERSITY,
spray_university_plus,,,sc/ui.sc,spray_university_plus,,,,COLLECTORS,75,255,0,TRUE,,,,spray_university_plus.png,1000,29,,,,TRUE,UNIVERSITY,
spray_overcharge_bull,,,sc/ui.sc,spray_overcharge_bull,BullDude,BullGuyDefault,TRUE,COLLECTORS,233,80,255,TRUE,,,,spray_overcharge_bull.png,,,,,,TRUE,,
spray_overcharge_colt,,,sc/ui.sc,spray_overcharge_colt,Gunslinger,GunSlingerDefault,TRUE,COLLECTORS,233,80,255,TRUE,,,,spray_overcharge_colt.png,,,,,,TRUE,,
spray_overcharge_jacky,,,sc/ui.sc,spray_overcharge_jacky,Driller,DrillerDefault,TRUE,COLLECTORS,233,80,255,TRUE,,,,spray_overcharge_jacky.png,,,,,,TRUE,,
spray_overcharge_pearl,,,sc/ui.sc,spray_overcharge_pearl,Cooker,CookerDefault,TRUE,COLLECTORS,233,80,255,TRUE,,,,spray_overcharge_pearl.png,,,,,,TRUE,,
spray_overcharge_shelly,,,sc/ui.sc,spray_overcharge_shelly,ShotgunGirl,BanditGirlDefault,TRUE,COLLECTORS,233,80,255,TRUE,,,,spray_overcharge_shelly.png,,,,,,TRUE,,
spray_overcharge_spike,,,sc/ui.sc,spray_overcharge_spike,Cactus,CactusDefault,TRUE,COLLECTORS,233,80,255,TRUE,,,,spray_overcharge_spike.png,,,,,,TRUE,,
spray_mortis_tron,,,sc/ui.sc,spray_mortis_tron,Undertaker,UndertakerTron,TRUE,COMMON,214,79,252,TRUE,,,,spray_mortis_tron_k2.png,750,19,,,,TRUE,,
spray_spike_ast,,,sc/ui.sc,spray_mspike_ast,Cactus,CactusAstronaut,,COMMON,0,224,95,TRUE,,,,spray_mspike_ast_k2.png,750,19,,,,,,
spray_sad_clown,,,sc/ui.sc,spray_sad_clown,,,,COLLECTORS,255,255,255,TRUE,,,,spray_sad_clown.png,,,,,,TRUE,CIRCUS,
spray_lola_circus,,,sc/ui.sc,spray_lola_circus,,,,COMMON,162,208,52,TRUE,,,,spray_lola_circus.png,,,,,,,,
spray_overcharge_jessie,,,sc/ui.sc,spray_overcharge_jessie,Mechanic,MechanicDefault,TRUE,COLLECTORS,233,80,255,TRUE,,,,spray_overcharge_jessie.png,,,,,,TRUE,,
spray_overcharge_rosa,,,sc/ui.sc,spray_overcharge_rosa,Rosa,RosaDefault,TRUE,COLLECTORS,233,80,255,TRUE,,,,spray_overcharge_rosa.png,,,,,,TRUE,,
spray_overcharge_colette,,,sc/ui.sc,spray_overcharge_colette,Percenter,PercenterDefault,TRUE,COLLECTORS,233,80,255,TRUE,,,,spray_overcharge_colette.png,,,,,,TRUE,,
spray_overcharge_lou,,,sc/ui.sc,spray_overcharge_lou,IceDude,IceDudeDefault,TRUE,COLLECTORS,233,80,255,TRUE,,,,spray_overcharge_lou.png,,,,,,TRUE,,
spray_overcharge_maisie,,,sc/ui.sc,spray_overcharge_maisie,Maisie,MaisieDefault,TRUE,COLLECTORS,233,80,255,TRUE,,,,spray_overcharge_maisie.png,,,,,,TRUE,,
spray_overcharge_charlie,,,sc/ui.sc,spray_overcharge_charlie,Cocooner,CocoonerDefault,TRUE,COLLECTORS,233,80,255,TRUE,,,,spray_overcharge_charlie.png,,,,,,TRUE,,
spray_charlie,,,sc/ui.sc,spray_charlie,Cocooner,,,COMMON,255,201,0,TRUE,,,,spray_charlie.png,750,19,,,,TRUE,,
spray_leon_wolf,,,sc/ui.sc,spray_leon_wolf,Ninja,NinjaBrawloween,TRUE,COMMON,241,253,255,TRUE,,,,spray_leon_wolf.png,,,,,,,,
spray_shelly_witch,,,sc/ui.sc,spray_shelly_witch,ShotgunGirl,ShotgunGirlBrawloween,TRUE,COMMON,237,10,120,TRUE,,,,spray_shelly_witch.png,,,,,,,,
spray_grom_hindu,,,sc/ui.sc,spray_grom_hindu,CrossBomber,CrossBomberHindu,TRUE,COMMON,0,247,0,TRUE,,,,spray_grom_hindu.png,,,,,,,,
spray_bo_hindu,,,sc/ui.sc,spray_bo_hindu,BowDude,BowDudeHinduChroma,TRUE,COMMON,18,222,250,TRUE,,,,spray_bo_hindu.png,,,,,,,,
spray_frank_hindu,,,sc/ui.sc,spray_frank_hindu,HammerDude,HammerDudeHindu,TRUE,COMMON,255,95,174,TRUE,,,,spray_frank_hindu.png,,,,,,,,
spray_byron_circus,,,sc/ui.sc,spray_byron_circus,SnakeOil,SnakeOilDarkcircus,TRUE,COMMON,252,127,197,TRUE,,,,spray_byron_circus.png,,,,,,,,
spray_nita_circus,,,sc/ui.sc,spray_nita_circus,Shaman,ShamanDarkcircus,TRUE,COMMON,255,22,47,TRUE,,,,spray_nita_circus.png,,,,,,,,
spray_mike_robo,,,sc/ui.sc,spray_mike_robo,TntDude,TntDudeMecha,TRUE,COMMON,255,255,112,TRUE,,,,spray_mike_robo.png,,,,,,,,
spray_pam_evilqueen,,,sc/ui.sc,spray_pam_evilqueen,MinigunDude,MinigunDudeQueen,TRUE,COMMON,255,7,24,TRUE,,,,spray_pam_evilqueen.png,,,,,,,,
spray_saw_robot_01,,,sc/ui.sc,spray_saw_robot_01,,,,COLLECTORS,144,84,229,TRUE,,,,spray_saw_robot_01.png,1000,29,,,,TRUE,CIRCUS,
spray_saw_robot_02,,,sc/ui.sc,spray_saw_robot_02,,,,COLLECTORS,144,84,229,TRUE,,,,spray_saw_robot_02.png,1000,29,,,,TRUE,CIRCUS,
spray_saw_robot_03,,,sc/ui.sc,spray_saw_robot_03,,,,COLLECTORS,144,84,229,TRUE,,,,spray_saw_robot_03.png,1000,29,,,,TRUE,CIRCUS,
spray_shelly_game,,,sc/ui.sc,spray_shelly_game,ShotgunGirl,ShotgunGirlElectronictoy,TRUE,COLLECTORS,30,144,255,TRUE,,,,spray_shelly_game_k2.png,,,,,,,,
spray_colt_game,,,sc/ui.sc,spray_colt_game,Gunslinger,GunslingerElectronictoy,TRUE,COLLECTORS,238,130,238,TRUE,,,,spray_colt_game_k2.png,,,,,,,,
spray_bo_sagittarius,,,sc/ui.sc,spray_bo_sagittarius,BowDude,BowDudeSagittarius,,COLLECTORS,0,224,95,TRUE,,,,spray_bo_sagittarius_k2.png,,,,,,,,
spray_stu_capricorn,,,sc/ui.sc,spray_stu_capricorn,Roller,RollerCapricorn,TRUE,COLLECTORS,208,32,144,TRUE,,,,spray_stu_capricorn_k2.png,,,,,,,,
spray_nzm_aquarius,,,sc/ui.sc,spray_nzm_aquarius,Mummy,MummyAquarius,TRUE,COLLECTORS,0,191,255,TRUE,,,,spray_nzm_aquarius_k2.png,,,,,,,,
spray_shelly_game_orange,,,sc/ui.sc,spray_shelly_game_orange,ShotgunGirl,ShotgunGirlElectronictoyOrange,TRUE,COLLECTORS,255,236,139,TRUE,,,,spray_shelly_game_orange_k2.png,,,,,,,,
spray_colt_game_green,,,sc/ui.sc,spray_colt_game_green,Gunslinger,GunslingerElectronictoyGreen,TRUE,COLLECTORS,173,255,47,TRUE,,,,spray_colt_game_green_k2.png,,,,,,,,
spray_cartoon_cloud,,,sc/ui.sc,spray_cartoon_cloud,,,,COLLECTORS,255,215,253,TRUE,,,,spray_cartoon_cloud.png,,,,,,TRUE,,
spray_lny_dragon,,,sc/ui.sc,spray_lny_dragon,,,,COLLECTORS,255,255,0,TRUE,,,,spray_lny_dragon.png,,,,,,TRUE,,
spray_cartoon_starr,,,sc/ui.sc,spray_cartoon_starr,,,,COMMON,255,241,0,TRUE,,,,spray_cartoon_starr.png,,,,,,,,
spray_overcharge_crow,,,sc/ui.sc,spray_overcharge_crow,Crow,CrowDefault,TRUE,COLLECTORS,233,80,255,TRUE,,,,spray_overcharge_crow.png,,,,,,TRUE,,
spray_overcharge_leon,,,sc/ui.sc,spray_overcharge_leon,Ninja,NinjaDefault,TRUE,COLLECTORS,233,80,255,TRUE,,,,spray_overcharge_leon.png,,,,,,TRUE,,
spray_overcharge_edgar,,,sc/ui.sc,spray_overcharge_edgar,Enrager,EnragerDefault,TRUE,COLLECTORS,233,80,255,TRUE,,,,spray_overcharge_edgar.png,,,,,,TRUE,,
spray_overcharge_fang,,,sc/ui.sc,spray_overcharge_fang,KickerDude,KickerDudeDefault,TRUE,COLLECTORS,233,80,255,TRUE,,,,spray_overcharge_fang.png,,,,,,TRUE,,
spray_overcharge_dynamike,,,sc/ui.sc,spray_overcharge_dynamike,TntDude,TntGuyDefault,TRUE,COLLECTORS,233,80,255,TRUE,,,,spray_overcharge_dynamike.png,,,,,,TRUE,,
spray_overcharge_mico,,,sc/ui.sc,spray_overcharge_mico,Leaper,LeaperDefault,TRUE,COLLECTORS,233,80,255,TRUE,,,,spray_overcharge_mico.png,,,,,,TRUE,,
spray_mico,,,sc/ui.sc,spray_mico,Leaper,,,COMMON,54,123,209,TRUE,,,,spray_mico.png,750,19,,,,,,
spray_kit,,,sc/ui.sc,spray_kit,Attacher,,,COMMON,255,255,255,TRUE,,,,spray_kit.png,750,19,,,,,,
spray_twins,,,sc/ui.sc,spray_twins,Twins,,,COMMON,249,215,79,TRUE,,,,spray_twins.png,750,19,,,,,,
spray_wc2023,,,sc/ui.sc,spray_wc2023,,,,COLLECTORS,249,215,79,TRUE,TRUE,,,spray_wc2023.png,,,,,,TRUE,,
spray_carnaval,,,sc/ui.sc,spray_carnaval,,,,COLLECTORS,117,252,230,TRUE,,,,spray_carnaval.png,1000,29,,,,TRUE,CARNAVAL,
spray_xmas_candy,,,sc/ui.sc,spray_xmas_candy,,,,COLLECTORS,102,221,227,TRUE,,,,spray_xmas_candy.png,1000,29,,,,TRUE,BRAWLIDAYS,
spray_xmas_kiss,,,sc/ui.sc,spray_xmas_kiss,,,,COLLECTORS,234,62,75,TRUE,,,,spray_xmas_kiss.png,1000,29,,,,TRUE,BRAWLIDAYS,
spray_primo_superbowl,,,sc/ui.sc,spray_primo_superbowl,Luchador,LuchadorSuperbowl,TRUE,COMMON,239,137,51,TRUE,,,,spray_primo_superbowl.png,,,,,,,,
spray_8bit_virus,,,sc/ui.sc,spray_8bit_virus,Arcade,ArcadeVirusChroma,TRUE,COMMON,174,35,175,TRUE,,,,spray_8bit_virus.png,,,,,,,,
spray_frank_clash_blue,,,sc/ui.sc,spray_frank_clash_blue,HammerDude,HammerDudeClashKingChromaBlue,TRUE,COMMON,40,89,186,TRUE,,,,spray_frank_clash_blue.png,,,,,,,,
spray_spike_cartoon,,,sc/ui.sc,spray_spike_cartoon,Cactus,Cactuscartoon,TRUE,COMMON,124,202,68,TRUE,,,,spray_spike_cartoon.png,,,,,,,,
spray_mico_wukong,,,sc/ui.sc,spray_mico_wukong,Leaper,Leaperwukong,TRUE,COMMON,252,236,129,TRUE,,,,spray_mico_wukong.png,,,,,,,,
spray_frank_clash_red,,,sc/ui.sc,spray_frank_clash_red,HammerDude,HammerDudeClashKingChromaRed,TRUE,COMMON,255,0,43,TRUE,,,,spray_frank_clash_red.png,,,,,,,,
spray_8bit_virus_og,,,sc/ui.sc,spray_8bit_virus_og,Arcade,ArcadeVirus,TRUE,COMMON,201,255,115,TRUE,,,,spray_8bit_virus_og.png,,,,,,,,
spray_piper_pisces,,,sc/ui.sc,spray_piper_pisces,Sniper,SniperPisces,TRUE,COMMON,229,147,224,TRUE,,,,spray_piper_pisces_k2.png,,,,,,,,
spray_ssg,,,sc/ui.sc,spray_ssg,,,,COMMON,255,215,0,TRUE,TRUE,,,spray_ssg.png,,29,,,,,WF_2020,
spray_ragnarok,,,sc/ui.sc,spray_ragnarok,,,,COLLECTORS,2,236,255,TRUE,,,,spray_ragnarok.png,,,,,,TRUE,,
spray_sandsoftime,,,sc/ui.sc,spray_sandsoftime,,,,COLLECTORS,255,229,146,TRUE,,,,spray_sandsoftime.png,,,,,,TRUE,,
spray_esports_sandsoftime,,,sc/ui.sc,spray_esports_sandsoftime,,,,COLLECTORS,255,216,54,TRUE,TRUE,,,spray_esports_sandsoftime.png,,,,,,TRUE,,
spray_easter_2024,,,sc/ui.sc,spray_easter_2024,,,,COLLECTORS,208,220,220,TRUE,TRUE,,,spray_easter_2024.png,1000,29,,,,TRUE,BUNNY_BRIGADE,
spray_ranked_sandsoftime,,,sc/ui.sc,spray_ranked_sandsoftime,,,,COLLECTORS,233,80,255,TRUE,,,,spray_ranked_sandsoftime.png,,,,,,TRUE,,
spray_ranked_ragnarok,,,sc/ui.sc,spray_ranked_ragnarok,,,,COLLECTORS,233,80,255,TRUE,,,,spray_ranked_ragnarok.png,,,,,,TRUE,,
spray_overcharge_belle,,,sc/ui.sc,spray_overcharge_belle,ElectroSniper,ElectroSniperDefault,,COLLECTORS,233,80,255,TRUE,,,,spray_overcharge_belle.png,,,,,,TRUE,,
spray_overcharge_bibi,,,sc/ui.sc,spray_overcharge_bibi,Baseball,BaseballDefault,,COLLECTORS,233,80,255,TRUE,,,,spray_overcharge_bibi.png,,,,,,TRUE,,
spray_overcharge_buzz,,,sc/ui.sc,spray_overcharge_buzz,RopeDude,RopeDudeDefault,,COLLECTORS,233,80,255,TRUE,,,,spray_overcharge_buzz.png,,,,,,TRUE,,
spray_overcharge_cordelius,,,sc/ui.sc,spray_overcharge_cordelius,Duelist,DuelistDefault,,COLLECTORS,233,80,255,TRUE,,,,spray_overcharge_cordelius.png,,,,,,TRUE,,
spray_overcharge_elprimo,,,sc/ui.sc,spray_overcharge_elprimo,Luchador,LuchadorDefault,,COLLECTORS,233,80,255,TRUE,,,,spray_overcharge_elprimo.png,,,,,,TRUE,,
spray_overcharge_sprout,,,sc/ui.sc,spray_overcharge_sprout,Wally,WallyDefault,,COLLECTORS,233,80,255,TRUE,,,,spray_overcharge_sprout.png,,,,,,TRUE,,
spray_womenday,,TRUE,sc/ui.sc,spray_womenday,,,,COLLECTORS,233,80,255,TRUE,TRUE,,,spray_womenday.png,1000,29,,,,TRUE,MISC,
spray_bibi_ragnarok,,,sc/ui.sc,spray_bibi_ragnarok,Baseball,BaseballThor,TRUE,COMMON,0,216,255,TRUE,,,,spray_bibi_ragnarok.png,,,,,,,,
spray_chuck_sands,,,sc/ui.sc,spray_chuck_sands,Conductor,ConductorScorpion,TRUE,COMMON,244,154,1,TRUE,,,,spray_chuck_sands.png,,,,,,,,
spray_colt_mecha,,,sc/ui.sc,spray_colt_mecha,Gunslinger,GunslingerMecha,TRUE,COMMON,86,48,255,TRUE,,,,spray_colt_mecha.png,,,,,,,,
spray_crow_mecha,,,sc/ui.sc,spray_crow_mecha,Crow,CrowMecha,TRUE,COMMON,2,175,255,TRUE,,,,spray_crow_mecha.png,,,,,,,,
spray_edgar_sands,,,sc/ui.sc,spray_edgar_sands,Enrager,EnragerThief,TRUE,COMMON,255,211,0,TRUE,,,,spray_edgar_sands.png,,,,,,,,
spray_jessie_ragnarok,,,sc/ui.sc,spray_jessie_ragnarok,Mechanic,MechanicSkadi,TRUE,COMMON,255,230,221,TRUE,,,,spray_jessie_ragnarok.png,,,,,,,,
spray_leon_mecha,,,sc/ui.sc,spray_leon_mecha,Ninja,NinjaMecha,TRUE,COMMON,146,255,244,TRUE,,,,spray_leon_mecha.png,,,,,,,,
spray_spike_poop,,,sc/ui.sc,spray_spike_poop,Cactus,CactusPoop,TRUE,COMMON,131,39,0,TRUE,,,,spray_spike_poop.png,,,,,,,,
spray_angelo,,,sc/ui.sc,spray_angelo,InsectMan,,,COMMON,255,113,64,TRUE,,,,spray_angelo.png,750,19,,,,,,
spray_melody,,,sc/ui.sc,spray_melody,AxeJuggler,,,COMMON,255,128,179,TRUE,,,,spray_melody.png,750,19,,,,,,
spray_mortis_tron_red_k2,,,sc/ui.sc,spray_mortis_tron_red_k2,Undertaker,UndertakerTronPink,TRUE,COMMON,255,104,136,TRUE,,,,spray_mortis_tron_red_k2.png,,,,,,,,
spray_mortis_tron_yellow_k2,,,sc/ui.sc,spray_mortis_tron_yellow_k2,Undertaker,UndertakerTronYellow,TRUE,COMMON,255,253,94,TRUE,,,,spray_mortis_tron_yellow_k2.png,,,,,,,,
spray_bull_dudeTaurus,,,sc/ui.sc,spray_bull_dudeTaurus,BullDude,BullDudeTaurus,TRUE,COMMON,249,214,157,TRUE,,,,spray_bull_dudeTaurus_k2.png,750,19,,,,,,
spray_bp_godzilla,,,sc/ui.sc,spray_bp_godzilla,,,,COLLECTORS,205,103,85,TRUE,,,,spray_bp_godzilla.png,,,,,,TRUE,,
spray_bp_hackers,,,sc/ui.sc,spray_bp_hackers,,,,COLLECTORS,6,89,69,TRUE,,,,spray_bp_hackers.png,,,,,,TRUE,,
spray_godzilla_egg,,,sc/ui.sc,spray_godzilla_egg,,,,COLLECTORS,123,255,17,TRUE,,,,spray_godzilla_egg.png,,,,,,TRUE,GODZILLA,
spray_godzilla_team,,,sc/ui.sc,spray_godzilla_team,,,,COLLECTORS,2,168,140,TRUE,,,,spray_godzilla_team.png,,,,,,TRUE,GODZILLA,
spray_godzilla_team_mecha,,,sc/ui.sc,spray_godzilla_team_mecha,,,,COLLECTORS,255,201,51,TRUE,,,,spray_godzilla_team_mecha.png,,,,,,TRUE,GODZILLA,
spray_mutation_sign,,,sc/ui.sc,spray_mutation_sign,,,,COLLECTORS,252,205,16,TRUE,,,,spray_mutation_sign.png,,,,,,TRUE,GODZILLA,
spray_ranked_godzilla,,,sc/ui.sc,spray_ranked_godzilla,,,,COLLECTORS,232,243,252,TRUE,,,,spray_ranked_godzilla.png,,,,,,TRUE,,
spray_ranked_hackers,,,sc/ui.sc,spray_ranked_hackers,,,,COLLECTORS,245,108,0,TRUE,,,,spray_ranked_hackers.png,,,,,,TRUE,,
spray_lili,,,sc/ui.sc,spray_lili,Ambusher,,,COMMON,255,123,255,TRUE,,,,spray_lili.png,750,19,,,,,,
spray_draco,,,sc/ui.sc,spray_draco,DragonRider,,,COMMON,179,229,0,TRUE,,,,spray_draco.png,750,19,,,,,,
spray_shelly_squad,,,sc/ui.sc,spray_shelly_squad,ShotgunGirl,ShotgunGirlSquad,TRUE,COMMON,255,56,182,TRUE,,,,spray_shelly_squad.png,,,,,,,,
spray_nita_godzilla,,,sc/ui.sc,spray_nita_godzilla,Shaman,ShamanGodzilla,TRUE,COMMON,0,137,218,TRUE,,,,spray_nita_godzilla.png,,,,,,,,
spray_fang_virus,,,sc/ui.sc,spray_fang_virus,KickerDude,KickerDudeVirus,TRUE,COMMON,0,254,175,TRUE,,,,spray_fang_virus.png,,,,,,,,
spray_charlie_virus,,,sc/ui.sc,spray_charlie_virus,Cocooner,CocoonerVirus,TRUE,COMMON,77,241,80,TRUE,,,,spray_charlie_virus.png,,,,,,,,
spray_buzz_godzilla,,,sc/ui.sc,spray_buzz_godzilla,RopeDude,RopeDudeGodzilla,TRUE,COMMON,3,190,255,TRUE,,,,spray_buzz_godzilla.png,,,,,,,,
spray_bo_mecha,,,sc/ui.sc,spray_bo_mecha,BowDude,BoMecha,TRUE,COMMON,255,119,1,TRUE,,,,spray_bo_mecha.png,,,,,,,,
spray_bibi_virus,,,sc/ui.sc,spray_bibi_virus,Baseball,BaseballGamer_remake,TRUE,COMMON,255,114,216,TRUE,,,,spray_bibi_virus.png,,,,,,,,
spray_amber_ice,,,sc/ui.sc,spray_amber_ice,FireDude,FireDudeFrost,TRUE,COMMON,51,217,255,TRUE,,,,spray_amber_ice.png,,,,,,,,
spray_overcharge_tick,,,sc/ui.sc,spray_overcharge_tick,ClusterBombDude,ClusterBombDefault,,COLLECTORS,233,80,255,TRUE,,,,spray_overcharge_tick.png,,,,,,TRUE,,
spray_overcharge_sandy,,,sc/ui.sc,spray_overcharge_sandy,Sandstorm,SandstormDefault,,COLLECTORS,233,80,255,TRUE,,,,spray_overcharge_sandy.png,,,,,,TRUE,,
spray_overcharge_nita,,,sc/ui.sc,spray_overcharge_nita,Shaman,ShamanDefault,,COLLECTORS,233,80,255,TRUE,,,,spray_overcharge_nita.png,,,,,,TRUE,,
spray_overcharge_max,,,sc/ui.sc,spray_overcharge_max,Speedy,SpeedyDefault,,COLLECTORS,233,80,255,TRUE,,,,spray_overcharge_max.png,,,,,,TRUE,,
spray_overcharge_gene,,,sc/ui.sc,spray_overcharge_gene,HookDude,HookDefault,,COLLECTORS,233,80,255,TRUE,,,,spray_overcharge_gene.png,,,,,,TRUE,,
spray_overcharge_brock,,,sc/ui.sc,spray_overcharge_brock,RocketGirl,RocketGirlDefault,,COLLECTORS,233,80,255,TRUE,,,,spray_overcharge_brock.png,,,,,,TRUE,,
spray_creators,,,sc/ui.sc,spray_creators,,,,COLLECTORS,69,217,161,TRUE,,,,spray_creators.png,,,,,,TRUE,,
spray_Alien-Baltan_Ultraman_k2,,,sc/ui.sc,spray_Alien-Baltan_Ultraman_k2,,,TRUE,COLLECTORS,69,217,161,TRUE,,,,spray_Alien-Baltan_Ultraman_k2.png,,,,,,,,
spray_Pigmon_Ultraman_k2,,,sc/ui.sc,spray_Pigmon_Ultraman_k2,,,TRUE,COLLECTORS,69,217,161,TRUE,,,,spray_Pigmon_Ultraman_k2.png,,,,,,,,
spray_Golza_Ultraman_k2,,,sc/ui.sc,spray_Golza_Ultraman_k2,,,TRUE,COLLECTORS,69,217,161,TRUE,,,,spray_Golza_Ultraman_k2.png,,,,,,,,
spray_Zetton_Ultraman_k2,,,sc/ui.sc,spray_Zetton_Ultraman_k2,,,TRUE,COLLECTORS,69,217,161,TRUE,,,,spray_Zetton_Ultraman_k2.png,,,,,,,,
spray_fang_UltramanTiga_k2,,,sc/ui.sc,spray_fang_UltramanTiga_k2,KickerDude,KickerDudeUltramanTiga,TRUE,COLLECTORS,69,217,161,TRUE,,,,spray_fang_UltramanTiga_k2.png,,,,,,,,
spray_El-Primo_UltramanZero_k2,,,sc/ui.sc,spray_El-Primo_UltramanZero_k2,Luchador,LuchadorUltramanZero,TRUE,COLLECTORS,69,217,161,TRUE,,,,spray_El-Primo_UltramanZero_k2.png,,,,,,,,
