"Name","TileCode","DynamicCode","BlocksMovement","BlocksProjectiles","IsDestructible","IsDestructibleNormalWeapon","IsDestructibleOvertime","IsBouncer","HidesHero","Damage","Health","HealthStates","HealthChangeEffect","SpeedChange","RestoreAfterDynamicOverlap","RespawnSeconds","CollisionMargin","BaseExportName","BaseExplosionEffect","BaseHitEffect","BaseWindEffect","BaseBulletHole1","BaseBulletHole2","BaseCrack1","BaseCrack2","SortOffset","HasHitAnim","HasWindAnim","ShadowScaleX","ShadowScaleY","ShadowX","ShadowY","ShadowSkew","Lifetime","CustomSCW","CustomMesh","CustomAngleStep","MapEditorVisible","MapEditorVisualMode","MapEditorConnected","SpawnEffect"
"string","string","int","boolean","boolean","boolean","boolean","boolean","boolean","boolean","int","int","int","string","int","boolean","int","int","string","string","string","string","string","string","string","string","int","boolean","boolean","int","int","int","int","int","int","string","string","int","boolean","int","boolean","string"
"Open",".",,,,,,,,,,,,,,,,,,,,,,,,,,,,100,60,-10,60,25,,,,,"true",1,,
"Blocking1","M",,"true","true","true",,"true",,,,,,,,,,,"blocking1","wall1_explo","wall1_hit",,,,,,,"true",,100,60,-10,60,25,,,,,"true",1,,
"Blocking2","X",,"true","true","true",,"true",,,,,,,,,,,"blocking2","wall2_explo","wall2_hit",,,,,,-1,"true",,100,60,-10,60,25,,,,,"true",1,,
"Blocking3","Y",,"true","true","true",,"true",,,,,,,,,,,"blocking3","crate_explo","crate_hit",,,,,,,"true",,100,60,-10,60,25,,,,,"true",1,,
"Blocking4","C",,"true","true","true",,"true",,,,,,,,,,,"blocking4","barrel_explo","barrel_hit",,,,,,,"true",,100,60,-10,60,25,,,,,"true",1,,
"DecoDestructible","D",,,,,"true","true",,,,,,,,,,,"destructable",,,,,,,,,"true",,100,60,-10,60,25,,,,,"true",1,,
"Indestructible","I",,"true","true",,,"true",,,,,,,,,,,"indestructible","indestructible_explo","indestructable_hit",,,,,,1,"true",,100,60,-10,60,25,,,,,,1,,
"Forest","F",,,,"true",,"true",,"true",,,,,,,,,"forest","grass_explo_yellow","grass_hit_yellow",,,,,,-1,"true","true",100,60,-10,60,25,,,,,"true",1,,
"RespawningForest","R",,,,"true",,"true",,"true",,,,,,,,,"respawningforest","grass_explo","grass_hit",,,,,,-1,"true","true",100,60,-10,60,25,,,,,,1,,
"Water","W",,"true",,,,,,,,,,,,,,,"water_tile",,,,,,,,,,,100,60,-10,60,25,,,,,"true",4,"true",
"RespawningWall","T",,"true","true","true",,"true",,,,,,,,,,,"respawningwall","themed_explo","themed_hit",,,,,,-1,"true",,100,60,-10,60,25,,,,,"true",1,,
"InvisibleWater","V",,"true",,,,,,,,,,,,,,,,,,,,,,,,,,100,60,-10,60,25,,,,,,1,,
"BlockingDestroyableWithWeapon","B",,"true","true","true","true","true",,,,,,,,,,,"fragile","fragile_explo",,,,,,,,"true",,100,60,-10,60,25,,,,,"true",1,,
"Fence","N",,"true","true","true",,"true",,,,,,,,,,,"fence_tile","fence_explo","fence_hit",,,,,,,,,100,60,-10,30,25,,,,,"true",1,"true",
"InvisibleIndestructible","J",,"true","true",,,,,,,,,,,,,,,,,,,,,,,,,100,60,-10,60,25,,,,,,1,,
"WallyWall","-",1,"true","true","true",,"true",,,,,,,,,,,"custom","sprout_def_wall_explo","sprout_def_wall_hit",,,,,,,"true",,100,60,-10,60,25,200,"sc3d/wally_wall.scw","wally_wall",90,,1,,
"WallyFillerWall","-",2,"true","true","true",,"true",,,,,,,,,,,"custom","sprout_def_wall_explo","sprout_def_wall_hit",,,,,,,"true",,100,60,-10,60,25,200,"sc3d/wally_wall.scw","wally_wall_filler",90,,1,,
"ExtraBush","-",3,,,"true",,"true",,"true",,,,,,,,,"forest","grass_explo_yellow","grass_hit_yellow",,,,,,-1,"true","true",100,60,-10,60,25,,,,,,1,,"grass_explo"
"RopeFence","a",,"true",,"true",,"true",,,,,,,,,,,"rope_fence_pole","rope_explo",,,,,,,,,,100,60,-10,60,25,,,,,"true",2,"true",
"Road","b",,,,,,,,,,,,,,"true",,,"road",,,,,,,,,,,100,60,-10,60,25,,,,,,1,,
"WallyMoonWall","-",4,"true","true","true",,"true",,,,,,,,,,,"custom","sprout_002_wall_explo_satellite","sprout_002_wall_hit",,,,,,,"true",,100,60,-10,60,25,200,"sc3d/wally_wall_moon.scw","wally_wall",90,,1,,
"WallyMoonFillerWall","-",5,"true","true","true",,"true",,,,,,,,,,,"custom","sprout_002_wall_explo","sprout_002_wall_hit",,,,,,,"true",,100,60,-10,60,25,200,"sc3d/wally_wall_moon.scw","wally_wall_filler",90,,1,,
"SpawnPoint1",".",,,,,,,,,,,,,,,,,"custom",,,,,,,,,,,,,,,,,"sc3d/spawn_point_blue.scw",,,"true",1,,
"SpawnPoint2",".",,,,,,,,,,,,,,,,,"custom",,,,,,,,,,,,,,,,,"sc3d/spawn_point_red.scw",,,"true",1,,
"ReSpawnPoint1",".",,,,,,,,,,,,,,,,,"custom",,,,,,,,,,,,,,,,,"sc3d/respawn_point_blue.scw",,,"true",1,,
"ReSpawnPoint2",".",,,,,,,,,,,,,,,,,"custom",,,,,,,,,,,,,,,,,"sc3d/respawn_point_red.scw",,,"true",1,,
"Crate",".",,,,,,,,,,,,,,,,,"custom",,,,,,,,,,,,,,,,,"sc3d/crate_powerup.scw",,,"true",1,,
"Base",".",,,,,,,,,,,,,,,,,"custom",,,,,,,,,,,,,,,,,"sc3d/heist_safe.scw",,,"true",1,,
"SpringBoard",".",,,,,,,,,,,,,,,,,"custom",,,,,,,,,,,,,,,,,"sc3d/spring_board.scw",,,"true",1,,
"Teleport1",".",,,,,,,,,,,,,,,,,"custom",,,,,,,,,,,,,,,,,"sc3d/teleport_tile.scw",,,"true",1,,
"Teleport2",".",,,,,,,,,,,,,,,,,"custom",,,,,,,,,,,,,,,,,"sc3d/teleport_tile_2.scw",,,"true",1,,
"Teleport3",".",,,,,,,,,,,,,,,,,"custom",,,,,,,,,,,,,,,,,"sc3d/teleport_tile_3.scw",,,"true",1,,
"Teleport4",".",,,,,,,,,,,,,,,,,"custom",,,,,,,,,,,,,,,,,"sc3d/teleport_tile_4.scw",,,"true",1,,
"SiegeBolt",".",,,,,,,,,,,,,,,,,"custom",,,,,,,,,,,,,,,,,"sc3d/editor_icon_siege_bolt.scw",,,"true",1,,
"Damage","x",,,,,,,,,100,,,,,"true",,,"custom",,,,,,,,,,,,,,,,,"sc3d/poison_tile.scw",,,"true",1,,
"Healing",".",,,,,,,,,,,,,,,,,"custom",,,,,,,,,,,,,,,,,"sc3d/healing_tile.scw",,,"true",1,,
"Slow","z",,,,,,,,,,,,,-300,"true",,,"custom",,,,,,,,,,,,,,,,,"sc3d/slowdown_tile.scw",,,"true",1,,
"Fast","w",,,,,,,,,,,,,300,"true",,,"custom",,,,,,,,,,,,,,,,,"sc3d/speedup_tile.scw",,,"true",1,,
"IntervalDamage","v",,,,,,,,,,,,,,"true",,,"custom",,,,,,,,,,,,,,,,,"sc3d/damage_tile.scw",,,"true",1,,
"WallyPrinceRedWall","-",6,"true","true","true",,"true",,,,,,,,,,,"custom","sprout_003_wall_explo_chroma","sprout_003_wall_hit_chroma",,,,,,,"true",,100,60,-10,60,25,200,"sc3d/wally_wall_prince.scw","wally_wall",0,,1,,
"WallyPrinceRedFillerWall","-",7,"true","true","true",,"true",,,,,,,,,,,"custom","sprout_003_wall_explo_chroma","sprout_003_wall_hit_chroma",,,,,,,"true",,100,60,-10,60,25,200,"sc3d/wally_wall_prince.scw","wally_wall_filler",90,,1,,
"WallyPrinceGreenWall","-",8,"true","true","true",,"true",,,,,,,,,,,"custom","sprout_003_wall_explo","sprout_003_wall_hit",,,,,,,"true",,100,60,-10,60,25,200,"sc3d/wally_wall_prince_2.scw","wally_wall",0,,1,,
"WallyPrinceGreenFillerWall","-",9,"true","true","true",,"true",,,,,,,,,,,"custom","sprout_003_wall_explo","sprout_003_wall_hit",,,,,,,"true",,100,60,-10,60,25,200,"sc3d/wally_wall_prince_2.scw","wally_wall_filler",90,,1,,
"WallyWeirdWall","-",10,"true","true","true",,"true",,,,,,,,,,,"custom","sprout_004_wall_explosion","sprout_004_wall_hit",,,,,,,"true",,100,60,-10,60,25,200,"sc3d/wally_wall_weird.scw","wally_wall",0,,1,,
"WallyWeirdFillerWall","-",11,"true","true","true",,"true",,,,,,,,,,,"custom","sprout_004_wall_explosion","sprout_004_wall_hit",,,,,,,"true",,100,60,-10,60,25,200,"sc3d/wally_wall_weird.scw","wally_wall_filler",90,,1,,
"Bouncer","o",,"true","true","true",,"true","true",,,,,,,,,,"respawningwall","wall1_explo","wall1_hit",,,,,,,"true",,100,60,-10,60,25,,,,,,1,,
"IndestructibleFence","E",,"true","true",,,,,,,,,,,,,,"indestructible_fence_tile","indestructible_explo_fx","indestructable_hit",,,,,,1,,,100,60,-10,60,25,,,,,,1,"true",
"Snow","S",,,,,,,,,,,,,-150,,,,"snow_tile",,,,,,,,,,,,,,,,,,,,,,,
"Ice","q",,,,,,,,,,,,,,,,,"ice_tile",,,,,,,,,,,,,,,,,,,,,,,
"IndestructibleDeco1","È",,,,,,,,,,,,,,,,,"indestructible_deco1","indestructible_explo_fx","indestructable_hit",,,,,,1,,,100,60,-10,60,25,,,,,,1,"true",
"IndestructibleDeco2","É",,,,,,,,,,,,,,,,,"indestructible_deco2","indestructible_explo_fx","indestructable_hit",,,,,,1,,,100,60,-10,60,25,,,,,,1,"true",
"IndestructibleDeco3","Ê",,,,,,,,,,,,,,,,,"indestructible_deco3","indestructible_explo_fx","indestructable_hit",,,,,,1,,,100,60,-10,60,25,,,,,,1,"true",
"IndestructibleDeco4","Ë",,,,,,,,,,,,,,,,,"indestructible_deco4","indestructible_explo_fx","indestructable_hit",,,,,,1,,,100,60,-10,60,25,,,,,,1,"true",
"BlockingDamageable1","À",12,"true","true",,,"true",,,,4000,4,,,,,,"damageable1","godzilla_env_score","godzilla_env_hit",,,,,,,"true",,100,60,-10,60,25,,,,,,1,,
"BlockingDamageable2","Á",13,"true","true",,,"true",,,,4000,4,,,,,,"damageable2","godzilla_env_score","godzilla_env_hit",,,,,,,"true",,100,60,-10,60,25,,,,,,1,,
"BlockingDamageable3","Â",14,"true","true",,,"true",,,,4000,4,,,,,,"damageable3","godzilla_env_score","godzilla_env_hit",,,,,,,"true",,100,60,-10,60,25,,,,,,1,,
"BlockingDamageable4","Ã",15,"true","true",,,"true",,,,4000,4,,,,,,"damageable4","godzilla_env_score","godzilla_env_hit",,,,,,,"true",,100,60,-10,60,25,,,,,,1,,
